// Auto-generated LVGL9 image: lora_aprs_logo (ARGB8888)
// Size: 280x76

#include "lvgl.h"

#ifndef LV_ATTRIBUTE_MEM_ALIGN
#define LV_ATTRIBUTE_MEM_ALIGN
#endif

#ifndef LV_ATTRIBUTE_IMG_LORA_APRS_LOGO
#define LV_ATTRIBUTE_IMG_LORA_APRS_LOGO
#endif

const LV_ATTRIBUTE_MEM_ALIGN LV_ATTRIBUTE_IMG_LORA_APRS_LOGO uint8_t lora_aprs_logo_map[] = {
    0xff, 0xff, 0xff, 0xff, 0xff, 0xff, 0xff, 0xff, 0xff, 0xff, 0xff, 0xff,
    0xff, 0xff, 0xff, 0xff, 0xff, 0xff, 0xff, 0xff, 0xff, 0xff, 0xff, 0xff,
    0xff, 0xff, 0xff, 0xff, 0xff, 0xff, 0xff, 0xff, 0xff, 0xff, 0xff, 0xff,
    0xff, 0xff, 0xff, 0xff, 0xff, 0xff, 0xff, 0xff, 0xff, 0xff, 0xff, 0xff,
    0xff, 0xff, 0xff, 0xff, 0xff, 0xff, 0xff, 0xff, 0xff, 0xff, 0xff, 0xff,
    0xff, 0xff, 0xff, 0xff, 0xff, 0xff, 0xff, 0xff, 0xff, 0xff, 0xff, 0xff,
    0xff, 0xff, 0xff, 0xff, 0xff, 0xff, 0xff, 0xff, 0xff, 0xff, 0xff, 0xff,
    0xff, 0xff, 0xff, 0xff, 0xff, 0xff, 0xff, 0xff, 0xff, 0xff, 0xff, 0xff,
    0xff, 0xff, 0xff, 0xff, 0xff, 0xff, 0xff, 0xff, 0xff, 0xff, 0xff, 0xff,
    0xff, 0xff, 0xff, 0xff, 0xff, 0xff, 0xff, 0xff, 0xff, 0xff, 0xff, 0xff,
    0xff, 0xff, 0xff, 0xff, 0xff, 0xff, 0xff, 0xff, 0xff, 0xff, 0xff, 0xff,
    0xff, 0xff, 0xff, 0xff, 0xff, 0xff, 0xff, 0xff, 0xff, 0xff, 0xff, 0xff,
    0xff, 0xff, 0xff, 0xff, 0xff, 0xff, 0xff, 0xff, 0xff, 0xff, 0xff, 0xff,
    0xff, 0xff, 0xff, 0xff, 0xff, 0xff, 0xff, 0xff, 0xff, 0xff, 0xff, 0xff,
    0xff, 0xff, 0xff, 0xff, 0xff, 0xff, 0xff, 0xff, 0xff, 0xff, 0xff, 0xff,
    0xff, 0xff, 0xff, 0xff, 0xff, 0xff, 0xff, 0xff, 0xff, 0xff, 0xff, 0xff,
    0xff, 0xff, 0xff, 0xff, 0xff, 0xff, 0xff, 0xff, 0xff, 0xff, 0xff, 0xff,
    0xff, 0xff, 0xff, 0xff, 0xff, 0xff, 0xff, 0xff, 0xff, 0xff, 0xff, 0xff,
    0xff, 0xff, 0xff, 0xff, 0xff, 0xff, 0xff, 0xff, 0xff, 0xff, 0xff, 0xff,
    0xff, 0xff, 0xff, 0xff, 0xff, 0xff, 0xff, 0xff, 0xff, 0xff, 0xff, 0xff,
    0xff, 0xff, 0xff, 0xff, 0xff, 0xff, 0xff, 0xff, 0xff, 0xff, 0xff, 0xff,
    0xff, 0xff, 0xff, 0xff, 0xff, 0xff, 0xff, 0xff, 0xff, 0xff, 0xff, 0xff,
    0xff, 0xff, 0xff, 0xff, 0xff, 0xff, 0xff, 0xff, 0xff, 0xff, 0xff, 0xff,
    0xff, 0xff, 0xff, 0xff, 0xff, 0xff, 0xff, 0xff, 0xff, 0xff, 0xff, 0xff,
    0xff, 0xff, 0xff, 0xff, 0xff, 0xff, 0xff, 0xff, 0xff, 0xff, 0xff, 0xff,
    0xff, 0xff, 0xff, 0xff, 0xff, 0xff, 0xff, 0xff, 0xff, 0xff, 0xff, 0xff,
    0xff, 0xff, 0xff, 0xff, 0xff, 0xff, 0xff, 0xff, 0xff, 0xff, 0xff, 0xff,
    0xff, 0xff, 0xff, 0xff, 0xff, 0xff, 0xff, 0xff, 0xff, 0xff, 0xff, 0xff,
    0xff, 0xff, 0xff, 0xff, 0xff, 0xff, 0xff, 0xff, 0xff, 0xff, 0xff, 0xff,
    0xff, 0xff, 0xff, 0xff, 0xff, 0xff, 0xff, 0xff, 0xff, 0xff, 0xff, 0xff,
    0xff, 0xff, 0xff, 0xff, 0xff, 0xff, 0xff, 0xff, 0xff, 0xff, 0xff, 0xff,
    0xff, 0xff, 0xff, 0xff, 0xff, 0xff, 0xff, 0xff, 0xff, 0xff, 0xff, 0xff,
    0xff, 0xff, 0xff, 0xff, 0xff, 0xff, 0xff, 0xff, 0xff, 0xff, 0xff, 0xff,
    0xff, 0xff, 0xff, 0xff, 0xff, 0xff, 0xff, 0xff, 0xff, 0xff, 0xff, 0xff,
    0xff, 0xff, 0xff, 0xff, 0xff, 0xff, 0xff, 0xff, 0xff, 0xff, 0xff, 0xff,
    0xff, 0xff, 0xff, 0xff, 0xff, 0xff, 0xff, 0xff, 0xff, 0xff, 0xff, 0xff,
    0xff, 0xff, 0xff, 0xff, 0xff, 0xff, 0xff, 0xff, 0xff, 0xff, 0xff, 0xff,
    0xff, 0xff, 0xff, 0xff, 0xff, 0xff, 0xff, 0xff, 0xff, 0xff, 0xff, 0xff,
    0xff, 0xff, 0xff, 0xff, 0xff, 0xff, 0xff, 0xff, 0xff, 0xff, 0xff, 0xff,
    0xff, 0xff, 0xff, 0xff, 0xff, 0xff, 0xff, 0xff, 0xff, 0xff, 0xff, 0xff,
    0xff, 0xff, 0xff, 0xff, 0xff, 0xff, 0xff, 0xff, 0xff, 0xff, 0xff, 0xff,
    0xff, 0xff, 0xff, 0xff, 0xff, 0xff, 0xff, 0xff, 0xff, 0xff, 0xff, 0xff,
    0xff, 0xff, 0xff, 0xff, 0xff, 0xff, 0xff, 0xff, 0xff, 0xff, 0xff, 0xff,
    0xff, 0xff, 0xff, 0xff, 0xff, 0xff, 0xff, 0xff, 0xff, 0xff, 0xff, 0xff,
    0xff, 0xff, 0xff, 0xff, 0xff, 0xff, 0xff, 0xff, 0xff, 0xff, 0xff, 0xff,
    0xff, 0xff, 0xff, 0xff, 0xff, 0xff, 0xff, 0xff, 0xff, 0xff, 0xff, 0xff,
    0xff, 0xff, 0xff, 0xff, 0xff, 0xff, 0xff, 0xff, 0xff, 0xff, 0xff, 0xff,
    0xff, 0xff, 0xff, 0xff, 0xff, 0xff, 0xff, 0xff, 0xff, 0xff, 0xff, 0xff,
    0xff, 0xff, 0xff, 0xff, 0xff, 0xff, 0xff, 0xff, 0xff, 0xff, 0xff, 0xff,
    0xff, 0xff, 0xff, 0xff, 0xff, 0xff, 0xff, 0xff, 0xff, 0xff, 0xff, 0xff,
    0xff, 0xff, 0xff, 0xff, 0xff, 0xff, 0xff, 0xff, 0xff, 0xff, 0xff, 0xff,
    0xff, 0xff, 0xff, 0xff, 0xff, 0xff, 0xff, 0xff, 0xff, 0xff, 0xff, 0xff,
    0xff, 0xff, 0xff, 0xff, 0xff, 0xff, 0xff, 0xff, 0xff, 0xff, 0xff, 0xff,
    0xff, 0xff, 0xff, 0xff, 0xff, 0xff, 0xff, 0xff, 0xff, 0xff, 0xff, 0xff,
    0xff, 0xff, 0xff, 0xff, 0xff, 0xff, 0xff, 0xff, 0xff, 0xff, 0xff, 0xff,
    0xff, 0xff, 0xff, 0xff, 0xff, 0xff, 0xff, 0xff, 0xff, 0xff, 0xff, 0xff,
    0xff, 0xff, 0xff, 0xff, 0xff, 0xff, 0xff, 0xff, 0xff, 0xff, 0xff, 0xff,
    0xff, 0xff, 0xff, 0xff, 0xff, 0xff, 0xff, 0xff, 0xff, 0xff, 0xff, 0xff,
    0xff, 0xff, 0xff, 0xff, 0xff, 0xff, 0xff, 0xff, 0xff, 0xff, 0xff, 0xff,
    0xff, 0xff, 0xff, 0xff, 0xff, 0xff, 0xff, 0xff, 0xff, 0xff, 0xff, 0xff,
    0xff, 0xff, 0xff, 0xff, 0xff, 0xff, 0xff, 0xff, 0xff, 0xff, 0xff, 0xff,
    0xff, 0xff, 0xff, 0xff, 0xff, 0xff, 0xff, 0xff, 0xff, 0xff, 0xff, 0xff,
    0xff, 0xff, 0xff, 0xff, 0xff, 0xff, 0xff, 0xff, 0xff, 0xff, 0xff, 0xff,
    0xff, 0xff, 0xff, 0xff, 0xff, 0xff, 0xff, 0xff, 0xff, 0xff, 0xff, 0xff,
    0xff, 0xff, 0xff, 0xff, 0xff, 0xff, 0xff, 0xff, 0xff, 0xff, 0xff, 0xff,
    0xff, 0xff, 0xff, 0xff, 0xff, 0xff, 0xff, 0xff, 0xff, 0xff, 0xff, 0xff,
    0xff, 0xff, 0xff, 0xff, 0xff, 0xff, 0xff, 0xff, 0xff, 0xff, 0xff, 0xff,
    0xff, 0xff, 0xff, 0xff, 0xff, 0xff, 0xff, 0xff, 0xff, 0xff, 0xff, 0xff,
    0xff, 0xff, 0xff, 0xff, 0xff, 0xff, 0xff, 0xff, 0xff, 0xff, 0xff, 0xff,
    0xff, 0xff, 0xff, 0xff, 0xff, 0xff, 0xff, 0xff, 0xff, 0xff, 0xff, 0xff,
    0xff, 0xff, 0xff, 0xff, 0xff, 0xff, 0xff, 0xff, 0xff, 0xff, 0xff, 0xff,
    0xff, 0xff, 0xff, 0xff, 0xff, 0xff, 0xff, 0xff, 0xff, 0xff, 0xff, 0xff,
    0xff, 0xff, 0xff, 0xff, 0xff, 0xff, 0xff, 0xff, 0xff, 0xff, 0xff, 0xff,
    0xff, 0xff, 0xff, 0xff, 0xff, 0xff, 0xff, 0xff, 0xff, 0xff, 0xff, 0xff,
    0xff, 0xff, 0xff, 0xff, 0xff, 0xff, 0xff, 0xff, 0xff, 0xff, 0xff, 0xff,
    0xff, 0xff, 0xff, 0xff, 0xff, 0xff, 0xff, 0xff, 0xff, 0xff, 0xff, 0xff,
    0xff, 0xff, 0xff, 0xff, 0xff, 0xff, 0xff, 0xff, 0xff, 0xff, 0xff, 0xff,
    0xff, 0xff, 0xff, 0xff, 0xff, 0xff, 0xff, 0xff, 0xff, 0xff, 0xff, 0xff,
    0xff, 0xff, 0xff, 0xff, 0xff, 0xff, 0xff, 0xff, 0xff, 0xff, 0xff, 0xff,
    0xff, 0xff, 0xff, 0xff, 0xff, 0xff, 0xff, 0xff, 0xff, 0xff, 0xff, 0xff,
    0xff, 0xff, 0xff, 0xff, 0xff, 0xff, 0xff, 0xff, 0xff, 0xff, 0xff, 0xff,
    0xff, 0xff, 0xff, 0xff, 0xff, 0xff, 0xff, 0xff, 0xff, 0xff, 0xff, 0xff,
    0xff, 0xff, 0xff, 0xff, 0xff, 0xff, 0xff, 0xff, 0xff, 0xff, 0xff, 0xff,
    0xff, 0xff, 0xff, 0xff, 0xff, 0xff, 0xff, 0xff, 0xff, 0xff, 0xff, 0xff,
    0xff, 0xff, 0xff, 0xff, 0xff, 0xff, 0xff, 0xff, 0xff, 0xff, 0xff, 0xff,
    0xff, 0xff, 0xff, 0xff, 0xff, 0xff, 0xff, 0xff, 0xff, 0xff, 0xff, 0xff,
    0xff, 0xff, 0xff, 0xff, 0xff, 0xff, 0xff, 0xff, 0xff, 0xff, 0xff, 0xff,
    0xff, 0xff, 0xff, 0xff, 0xff, 0xff, 0xff, 0xff, 0xff, 0xff, 0xff, 0xff,
    0xff, 0xff, 0xff, 0xff, 0xff, 0xff, 0xff, 0xff, 0xff, 0xff, 0xff, 0xff,
    0xff, 0xff, 0xff, 0xff, 0xff, 0xff, 0xff, 0xff, 0xff, 0xff, 0xff, 0xff,
    0xff, 0xff, 0xff, 0xff, 0xff, 0xff, 0xff, 0xff, 0xff, 0xff, 0xff, 0xff,
    0xff, 0xff, 0xff, 0xff, 0xff, 0xff, 0xff, 0xff, 0xff, 0xff, 0xff, 0xff,
    0xff, 0xff, 0xff, 0xff, 0xff, 0xff, 0xff, 0xff, 0xff, 0xff, 0xff, 0xff,
    0xff, 0xff, 0xff, 0xff, 0xff, 0xff, 0xff, 0xff, 0xff, 0xff, 0xff, 0xff,
    0xff, 0xff, 0xff, 0xff, 0xff, 0xff, 0xff, 0xff, 0xff, 0xff, 0xff, 0xff,
    0xff, 0xff, 0xff, 0xff, 0xff, 0xff, 0xff, 0xff, 0xff, 0xff, 0xff, 0xff,
    0xff, 0xff, 0xff, 0xff, 0xff, 0xff, 0xff, 0xff, 0xff, 0xff, 0xff, 0xff,
    0xff, 0xff, 0xff, 0xff, 0xff, 0xff, 0xff, 0xff, 0xff, 0xff, 0xff, 0xff,
    0xff, 0xff, 0xff, 0xff, 0xff, 0xff, 0xff, 0xff, 0xff, 0xff, 0xff, 0xff,
    0xff, 0xff, 0xff, 0xff, 0xff, 0xff, 0xff, 0xff, 0xff, 0xff, 0xff, 0xff,
    0xff, 0xff, 0xff, 0xff, 0xff, 0xff, 0xff, 0xff, 0xff, 0xff, 0xff, 0xff,
    0xff, 0xff, 0xff, 0xff, 0xff, 0xff, 0xff, 0xff, 0xff, 0xff, 0xff, 0xff,
    0xff, 0xff, 0xff, 0xff, 0xff, 0xff, 0xff, 0xff, 0xff, 0xff, 0xff, 0xff,
    0xff, 0xff, 0xff, 0xff, 0xff, 0xff, 0xff, 0xff, 0xff, 0xff, 0xff, 0xff,
    0xff, 0xff, 0xff, 0xff, 0xff, 0xff, 0xff, 0xff, 0xff, 0xff, 0xff, 0xff,
    0xff, 0xff, 0xff, 0xff, 0xff, 0xff, 0xff, 0xff, 0xff, 0xff, 0xff, 0xff,
    0xff, 0xff, 0xff, 0xff, 0xff, 0xff, 0xff, 0xff, 0xff, 0xff, 0xff, 0xff,
    0xff, 0xff, 0xff, 0xff, 0xff, 0xff, 0xff, 0xff, 0xff, 0xff, 0xff, 0xff,
    0xff, 0xff, 0xff, 0xff, 0xff, 0xff, 0xff, 0xff, 0xff, 0xff, 0xff, 0xff,
    0xff, 0xff, 0xff, 0xff, 0xff, 0xff, 0xff, 0xff, 0xff, 0xff, 0xff, 0xff,
    0xff, 0xff, 0xff, 0xff, 0xff, 0xff, 0xff, 0xff, 0xff, 0xff, 0xff, 0xff,
    0xff, 0xff, 0xff, 0xff, 0xff, 0xff, 0xff, 0xff, 0xff, 0xff, 0xff, 0xff,
    0xff, 0xff, 0xff, 0xff, 0xff, 0xff, 0xff, 0xff, 0xff, 0xff, 0xff, 0xff,
    0xff, 0xff, 0xff, 0xff, 0xff, 0xff, 0xff, 0xff, 0xff, 0xff, 0xff, 0xff,
    0xff, 0xff, 0xff, 0xff, 0xff, 0xff, 0xff, 0xff, 0xff, 0xff, 0xff, 0xff,
    0xff, 0xff, 0xff, 0xff, 0xff, 0xff, 0xff, 0xff, 0xff, 0xff, 0xff, 0xff,
    0xff, 0xff, 0xff, 0xff, 0xff, 0xff, 0xff, 0xff, 0xff, 0xff, 0xff, 0xff,
    0xff, 0xff, 0xff, 0xff, 0xff, 0xff, 0xff, 0xff, 0xff, 0xff, 0xff, 0xff,
    0xff, 0xff, 0xff, 0xff, 0xff, 0xff, 0xff, 0xff, 0xff, 0xff, 0xff, 0xff,
    0xff, 0xff, 0xff, 0xff, 0xff, 0xff, 0xff, 0xff, 0xff, 0xff, 0xff, 0xff,
    0xff, 0xff, 0xff, 0xff, 0xff, 0xff, 0xff, 0xff, 0xff, 0xff, 0xff, 0xff,
    0xff, 0xff, 0xff, 0xff, 0xff, 0xff, 0xff, 0xff, 0xff, 0xff, 0xff, 0xff,
    0xff, 0xff, 0xff, 0xff, 0xff, 0xff, 0xff, 0xff, 0xff, 0xff, 0xff, 0xff,
    0xff, 0xff, 0xff, 0xff, 0xff, 0xff, 0xff, 0xff, 0xff, 0xff, 0xff, 0xff,
    0xff, 0xff, 0xff, 0xff, 0xff, 0xff, 0xff, 0xff, 0xff, 0xff, 0xff, 0xff,
    0xff, 0xff, 0xff, 0xff, 0xff, 0xff, 0xff, 0xff, 0xff, 0xff, 0xff, 0xff,
    0xff, 0xff, 0xff, 0xff, 0xff, 0xff, 0xff, 0xff, 0xff, 0xff, 0xff, 0xff,
    0xff, 0xff, 0xff, 0xff, 0xff, 0xff, 0xff, 0xff, 0xff, 0xff, 0xff, 0xff,
    0xff, 0xff, 0xff, 0xff, 0xff, 0xff, 0xff, 0xff, 0xff, 0xff, 0xff, 0xff,
    0xff, 0xff, 0xff, 0xff, 0xff, 0xff, 0xff, 0xff, 0xff, 0xff, 0xff, 0xff,
    0xff, 0xff, 0xff, 0xff, 0xff, 0xff, 0xff, 0xff, 0xff, 0xff, 0xff, 0xff,
    0xff, 0xff, 0xff, 0xff, 0xff, 0xff, 0xff, 0xff, 0xff, 0xff, 0xff, 0xff,
    0xff, 0xff, 0xff, 0xff, 0xff, 0xff, 0xff, 0xff, 0xff, 0xff, 0xff, 0xff,
    0xff, 0xff, 0xff, 0xff, 0xff, 0xff, 0xff, 0xff, 0xff, 0xff, 0xff, 0xff,
    0xff, 0xff, 0xff, 0xff, 0xff, 0xff, 0xff, 0xff, 0xff, 0xff, 0xff, 0xff,
    0xff, 0xff, 0xff, 0xff, 0xff, 0xff, 0xff, 0xff, 0xff, 0xff, 0xff, 0xff,
    0xff, 0xff, 0xff, 0xff, 0xff, 0xff, 0xff, 0xff, 0xff, 0xff, 0xff, 0xff,
    0xff, 0xff, 0xff, 0xff, 0xff, 0xff, 0xff, 0xff, 0xff, 0xff, 0xff, 0xff,
    0xff, 0xff, 0xff, 0xff, 0xff, 0xff, 0xff, 0xff, 0xff, 0xff, 0xff, 0xff,
    0xff, 0xff, 0xff, 0xff, 0xff, 0xff, 0xff, 0xff, 0xff, 0xff, 0xff, 0xff,
    0xff, 0xff, 0xff, 0xff, 0xff, 0xff, 0xff, 0xff, 0xff, 0xff, 0xff, 0xff,
    0xff, 0xff, 0xff, 0xff, 0xff, 0xff, 0xff, 0xff, 0xff, 0xff, 0xff, 0xff,
    0xff, 0xff, 0xff, 0xff, 0xff, 0xff, 0xff, 0xff, 0xff, 0xff, 0xff, 0xff,
    0xff, 0xff, 0xff, 0xff, 0xff, 0xff, 0xff, 0xff, 0xff, 0xff, 0xff, 0xff,
    0xff, 0xff, 0xff, 0xff, 0xff, 0xff, 0xff, 0xff, 0xff, 0xff, 0xff, 0xff,
    0xff, 0xff, 0xff, 0xff, 0xff, 0xff, 0xff, 0xff, 0xff, 0xff, 0xff, 0xff,
    0xff, 0xff, 0xff, 0xff, 0xff, 0xff, 0xff, 0xff, 0xff, 0xff, 0xff, 0xff,
    0xff, 0xff, 0xff, 0xff, 0xff, 0xff, 0xff, 0xff, 0xff, 0xff, 0xff, 0xff,
    0xff, 0xff, 0xff, 0xff, 0xff, 0xff, 0xff, 0xff, 0xff, 0xff, 0xff, 0xff,
    0xff, 0xff, 0xff, 0xff, 0xff, 0xff, 0xff, 0xff, 0xff, 0xff, 0xff, 0xff,
    0xff, 0xff, 0xff, 0xff, 0xff, 0xff, 0xff, 0xff, 0xff, 0xff, 0xff, 0xff,
    0xff, 0xff, 0xff, 0xff, 0xff, 0xff, 0xff, 0xff, 0xff, 0xff, 0xff, 0xff,
    0xff, 0xff, 0xff, 0xff, 0xff, 0xff, 0xff, 0xff, 0xff, 0xff, 0xff, 0xff,
    0xff, 0xff, 0xff, 0xff, 0xff, 0xff, 0xff, 0xff, 0xff, 0xff, 0xff, 0xff,
    0xff, 0xff, 0xff, 0xff, 0xff, 0xff, 0xff, 0xff, 0xff, 0xff, 0xff, 0xff,
    0xff, 0xff, 0xff, 0xff, 0xff, 0xff, 0xff, 0xff, 0xff, 0xff, 0xff, 0xff,
    0xff, 0xff, 0xff, 0xff, 0xff, 0xff, 0xff, 0xff, 0xff, 0xff, 0xff, 0xff,
    0xff, 0xff, 0xff, 0xff, 0xff, 0xff, 0xff, 0xff, 0xff, 0xff, 0xff, 0xff,
    0xff, 0xff, 0xff, 0xff, 0xff, 0xff, 0xff, 0xff, 0xff, 0xff, 0xff, 0xff,
    0xff, 0xff, 0xff, 0xff, 0xff, 0xff, 0xff, 0xff, 0xff, 0xff, 0xff, 0xff,
    0xff, 0xff, 0xff, 0xff, 0xff, 0xff, 0xff, 0xff, 0xff, 0xff, 0xff, 0xff,
    0xff, 0xff, 0xff, 0xff, 0xff, 0xff, 0xff, 0xff, 0xff, 0xff, 0xff, 0xff,
    0xff, 0xff, 0xff, 0xff, 0xff, 0xff, 0xff, 0xff, 0xff, 0xff, 0xff, 0xff,
    0xff, 0xff, 0xff, 0xff, 0xff, 0xff, 0xff, 0xff, 0xff, 0xff, 0xff, 0xff,
    0xff, 0xff, 0xff, 0xff, 0xff, 0xff, 0xff, 0xff, 0xff, 0xff, 0xff, 0xff,
    0xff, 0xff, 0xff, 0xff, 0xff, 0xff, 0xff, 0xff, 0xff, 0xff, 0xff, 0xff,
    0xff, 0xff, 0xff, 0xff, 0xff, 0xff, 0xff, 0xff, 0xff, 0xff, 0xff, 0xff,
    0xff, 0xff, 0xff, 0xff, 0xff, 0xff, 0xff, 0xff, 0xff, 0xff, 0xff, 0xff,
    0xff, 0xff, 0xff, 0xff, 0xff, 0xff, 0xff, 0xff, 0xff, 0xff, 0xff, 0xff,
    0xff, 0xff, 0xff, 0xff, 0xff, 0xff, 0xff, 0xff, 0xff, 0xff, 0xff, 0xff,
    0xff, 0xff, 0xff, 0xff, 0xff, 0xff, 0xff, 0xff, 0xff, 0xff, 0xff, 0xff,
    0xff, 0xff, 0xff, 0xff, 0xff, 0xff, 0xff, 0xff, 0xff, 0xff, 0xff, 0xff,
    0xff, 0xff, 0xff, 0xff, 0xff, 0xff, 0xff, 0xff, 0xff, 0xff, 0xff, 0xff,
    0xff, 0xff, 0xff, 0xff, 0xff, 0xff, 0xff, 0xff, 0xff, 0xff, 0xff, 0xff,
    0xff, 0xff, 0xff, 0xff, 0xff, 0xff, 0xff, 0xff, 0xff, 0xff, 0xff, 0xff,
    0xff, 0xff, 0xff, 0xff, 0xff, 0xff, 0xff, 0xff, 0xff, 0xff, 0xff, 0xff,
    0xff, 0xff, 0xff, 0xff, 0xff, 0xff, 0xff, 0xff, 0xff, 0xff, 0xff, 0xff,
    0xff, 0xff, 0xff, 0xff, 0xff, 0xff, 0xff, 0xff, 0xff, 0xff, 0xff, 0xff,
    0xff, 0xff, 0xff, 0xff, 0xff, 0xff, 0xff, 0xff, 0xff, 0xff, 0xff, 0xff,
    0xff, 0xff, 0xff, 0xff, 0xff, 0xff, 0xff, 0xff, 0xff, 0xff, 0xff, 0xff,
    0xff, 0xff, 0xff, 0xff, 0xff, 0xff, 0xff, 0xff, 0xff, 0xff, 0xff, 0xff,
    0xff, 0xff, 0xff, 0xff, 0xff, 0xff, 0xff, 0xff, 0xff, 0xff, 0xff, 0xff,
    0xff, 0xff, 0xff, 0xff, 0xff, 0xff, 0xff, 0xff, 0xff, 0xff, 0xff, 0xff,
    0xff, 0xff, 0xff, 0xff, 0xff, 0xff, 0xff, 0xff, 0xff, 0xff, 0xff, 0xff,
    0xff, 0xff, 0xff, 0xff, 0xff, 0xff, 0xff, 0xff, 0xff, 0xff, 0xff, 0xff,
    0xff, 0xff, 0xff, 0xff, 0xff, 0xff, 0xff, 0xff, 0xff, 0xff, 0xff, 0xff,
    0xff, 0xff, 0xff, 0xff, 0xff, 0xff, 0xff, 0xff, 0xff, 0xff, 0xff, 0xff,
    0xff, 0xff, 0xff, 0xff, 0xff, 0xff, 0xff, 0xff, 0xff, 0xff, 0xff, 0xff,
    0xff, 0xff, 0xff, 0xff, 0xff, 0xff, 0xff, 0xff, 0xff, 0xff, 0xff, 0xff,
    0xff, 0xff, 0xff, 0xff, 0xff, 0xff, 0xff, 0xff, 0xff, 0xff, 0xff, 0xff,
    0xff, 0xff, 0xff, 0xff, 0xff, 0xff, 0xff, 0xff, 0xff, 0xff, 0xff, 0xff,
    0xff, 0xff, 0xff, 0xff, 0xff, 0xff, 0xff, 0xff, 0xff, 0xff, 0xff, 0xff,
    0xff, 0xff, 0xff, 0xff, 0xff, 0xff, 0xff, 0xff, 0xff, 0xff, 0xff, 0xff,
    0xff, 0xff, 0xff, 0xff, 0xff, 0xff, 0xff, 0xff, 0xff, 0xff, 0xff, 0xff,
    0xff, 0xff, 0xff, 0xff, 0xff, 0xff, 0xff, 0xff, 0xff, 0xff, 0xff, 0xff,
    0xff, 0xff, 0xff, 0xff, 0xff, 0xff, 0xff, 0xff, 0xff, 0xff, 0xff, 0xff,
    0xff, 0xff, 0xff, 0xff, 0xff, 0xff, 0xff, 0xff, 0xff, 0xff, 0xff, 0xff,
    0xff, 0xff, 0xff, 0xff, 0xff, 0xff, 0xff, 0xff, 0xff, 0xff, 0xff, 0xff,
    0xff, 0xff, 0xff, 0xff, 0xff, 0xff, 0xff, 0xff, 0xff, 0xff, 0xff, 0xff,
    0xff, 0xff, 0xff, 0xff, 0xff, 0xff, 0xff, 0xff, 0xff, 0xff, 0xff, 0xff,
    0xff, 0xff, 0xff, 0xff, 0xff, 0xff, 0xff, 0xff, 0xff, 0xff, 0xff, 0xff,
    0xff, 0xff, 0xff, 0xff, 0xff, 0xff, 0xff, 0xff, 0xff, 0xff, 0xff, 0xff,
    0xff, 0xff, 0xff, 0xff, 0xff, 0xff, 0xff, 0xff, 0xff, 0xff, 0xff, 0xff,
    0xff, 0xff, 0xff, 0xff, 0xff, 0xff, 0xff, 0xff, 0xff, 0xff, 0xff, 0xff,
    0xff, 0xff, 0xff, 0xff, 0xff, 0xff, 0xff, 0xff, 0xff, 0xff, 0xff, 0xff,
    0xff, 0xff, 0xff, 0xff, 0xff, 0xff, 0xff, 0xff, 0xff, 0xff, 0xff, 0xff,
    0xff, 0xff, 0xff, 0xff, 0xff, 0xff, 0xff, 0xff, 0xff, 0xff, 0xff, 0xff,
    0xff, 0xff, 0xff, 0xff, 0xff, 0xff, 0xff, 0xff, 0xff, 0xff, 0xff, 0xff,
    0xff, 0xff, 0xff, 0xff, 0xff, 0xff, 0xff, 0xff, 0xff, 0xff, 0xff, 0xff,
    0xff, 0xff, 0xff, 0xff, 0xff, 0xff, 0xff, 0xff, 0xff, 0xff, 0xff, 0xff,
    0xff, 0xff, 0xff, 0xff, 0xff, 0xff, 0xff, 0xff, 0xff, 0xff, 0xff, 0xff,
    0xff, 0xff, 0xff, 0xff, 0xff, 0xff, 0xff, 0xff, 0xff, 0xff, 0xff, 0xff,
    0xff, 0xff, 0xff, 0xff, 0xff, 0xff, 0xff, 0xff, 0xff, 0xff, 0xff, 0xff,
    0xff, 0xff, 0xff, 0xff, 0xff, 0xff, 0xff, 0xff, 0xff, 0xff, 0xff, 0xff,
    0xff, 0xff, 0xff, 0xff, 0xff, 0xff, 0xff, 0xff, 0xff, 0xff, 0xff, 0xff,
    0xff, 0xff, 0xff, 0xff, 0xff, 0xff, 0xff, 0xff, 0xff, 0xff, 0xff, 0xff,
    0xff, 0xff, 0xff, 0xff, 0xff, 0xff, 0xff, 0xff, 0xff, 0xff, 0xff, 0xff,
    0xff, 0xff, 0xff, 0xff, 0xff, 0xff, 0xff, 0xff, 0xff, 0xff, 0xff, 0xff,
    0xff, 0xff, 0xff, 0xff, 0xff, 0xff, 0xff, 0xff, 0xff, 0xff, 0xff, 0xff,
    0xff, 0xff, 0xff, 0xff, 0xff, 0xff, 0xff, 0xff, 0xff, 0xff, 0xff, 0xff,
    0xff, 0xff, 0xff, 0xff, 0xff, 0xff, 0xff, 0xff, 0xff, 0xff, 0xff, 0xff,
    0xff, 0xff, 0xff, 0xff, 0xff, 0xff, 0xff, 0xff, 0xff, 0xff, 0xff, 0xff,
    0xff, 0xff, 0xff, 0xff, 0xff, 0xff, 0xff, 0xff, 0xff, 0xff, 0xff, 0xff,
    0xff, 0xff, 0xff, 0xff, 0xff, 0xff, 0xff, 0xff, 0xff, 0xff, 0xff, 0xff,
    0xff, 0xff, 0xff, 0xff, 0xff, 0xff, 0xff, 0xff, 0xff, 0xff, 0xff, 0xff,
    0xff, 0xff, 0xff, 0xff, 0xff, 0xff, 0xff, 0xff, 0xff, 0xff, 0xff, 0xff,
    0xff, 0xff, 0xff, 0xff, 0xff, 0xff, 0xff, 0xff, 0xff, 0xff, 0xff, 0xff,
    0xff, 0xff, 0xff, 0xff, 0xff, 0xff, 0xff, 0xff, 0xff, 0xff, 0xff, 0xff,
    0xff, 0xff, 0xff, 0xff, 0xff, 0xff, 0xff, 0xff, 0xff, 0xff, 0xff, 0xff,
    0xff, 0xff, 0xff, 0xff, 0xff, 0xff, 0xff, 0xff, 0xff, 0xff, 0xff, 0xff,
    0xff, 0xff, 0xff, 0xff, 0xff, 0xff, 0xff, 0xff, 0xff, 0xff, 0xff, 0xff,
    0xff, 0xff, 0xff, 0xff, 0xff, 0xff, 0xff, 0xff, 0xff, 0xff, 0xff, 0xff,
    0xff, 0xff, 0xff, 0xff, 0xff, 0xff, 0xff, 0xff, 0xff, 0xff, 0xff, 0xff,
    0xff, 0xff, 0xff, 0xff, 0xff, 0xff, 0xff, 0xff, 0xff, 0xff, 0xff, 0xff,
    0xff, 0xff, 0xff, 0xff, 0xff, 0xff, 0xff, 0xff, 0xff, 0xff, 0xff, 0xff,
    0xff, 0xff, 0xff, 0xff, 0xff, 0xff, 0xff, 0xff, 0xff, 0xff, 0xff, 0xff,
    0xff, 0xff, 0xff, 0xff, 0xff, 0xff, 0xff, 0xff, 0xff, 0xff, 0xff, 0xff,
    0xff, 0xff, 0xff, 0xff, 0xff, 0xff, 0xff, 0xff, 0xff, 0xff, 0xff, 0xff,
    0xff, 0xff, 0xff, 0xff, 0xff, 0xff, 0xff, 0xff, 0xff, 0xff, 0xff, 0xff,
    0xff, 0xff, 0xff, 0xff, 0xff, 0xff, 0xff, 0xff, 0xff, 0xff, 0xff, 0xff,
    0xff, 0xff, 0xff, 0xff, 0xff, 0xff, 0xff, 0xff, 0xff, 0xff, 0xff, 0xff,
    0xff, 0xff, 0xff, 0xff, 0xff, 0xff, 0xff, 0xff, 0xff, 0xff, 0xff, 0xff,
    0xff, 0xff, 0xff, 0xff, 0xff, 0xff, 0xff, 0xff, 0xff, 0xff, 0xff, 0xff,
    0xff, 0xff, 0xff, 0xff, 0xff, 0xff, 0xff, 0xff, 0xff, 0xff, 0xff, 0xff,
    0xff, 0xff, 0xff, 0xff, 0xff, 0xff, 0xff, 0xff, 0xff, 0xff, 0xff, 0xff,
    0xff, 0xff, 0xff, 0xff, 0xff, 0xff, 0xff, 0xff, 0xff, 0xff, 0xff, 0xff,
    0xff, 0xff, 0xff, 0xff, 0xff, 0xff, 0xff, 0xff, 0xff, 0xff, 0xff, 0xff,
    0xff, 0xff, 0xff, 0xff, 0xff, 0xff, 0xff, 0xff, 0xff, 0xff, 0xff, 0xff,
    0xff, 0xff, 0xff, 0xff, 0xff, 0xff, 0xff, 0xff, 0xff, 0xff, 0xff, 0xff,
    0xff, 0xff, 0xff, 0xff, 0xff, 0xff, 0xff, 0xff, 0xff, 0xff, 0xff, 0xff,
    0xff, 0xff, 0xff, 0xff, 0xff, 0xff, 0xff, 0xff, 0xff, 0xff, 0xff, 0xff,
    0xff, 0xff, 0xff, 0xff, 0xff, 0xff, 0xff, 0xff, 0xfe, 0xff, 0xff, 0xff,
    0xfd, 0xfe, 0xfe, 0xff, 0xf9, 0xfa, 0xfa, 0xff, 0xf2, 0xf3, 0xf3, 0xff,
    0xf0, 0xf1, 0xf1, 0xff, 0xf0, 0xf1, 0xf1, 0xff, 0xf0, 0xf0, 0xf0, 0xff,
    0xe3, 0xe3, 0xe3, 0xff, 0xdc, 0xdd, 0xdd, 0xff, 0xdc, 0xdc, 0xdc, 0xff,
    0xdc, 0xdd, 0xdd, 0xff, 0xd7, 0xd7, 0xd7, 0xff, 0xc8, 0xc8, 0xc8, 0xff,
    0xc7, 0xc6, 0xc6, 0xff, 0xcd, 0xcc, 0xcc, 0xff, 0xdb, 0xdb, 0xdb, 0xff,
    0xdb, 0xda, 0xda, 0xff, 0xdb, 0xdb, 0xdb, 0xff, 0xde, 0xde, 0xde, 0xff,
    0xeb, 0xeb, 0xeb, 0xff, 0xf1, 0xf2, 0xf2, 0xff, 0xf0, 0xf1, 0xf1, 0xff,
    0xf1, 0xf2, 0xf2, 0xff, 0xf6, 0xf7, 0xf7, 0xff, 0xfc, 0xfd, 0xfd, 0xff,
    0xfe, 0xff, 0xff, 0xff, 0xfe, 0xff, 0xff, 0xff, 0xff, 0xff, 0xff, 0xff,
    0xff, 0xff, 0xff, 0xff, 0xff, 0xff, 0xff, 0xff, 0xff, 0xff, 0xff, 0xff,
    0xff, 0xff, 0xff, 0xff, 0xff, 0xff, 0xff, 0xff, 0xff, 0xff, 0xff, 0xff,
    0xff, 0xff, 0xff, 0xff, 0xff, 0xff, 0xff, 0xff, 0xff, 0xff, 0xff, 0xff,
    0xff, 0xff, 0xff, 0xff, 0xff, 0xff, 0xff, 0xff, 0xff, 0xff, 0xff, 0xff,
    0xff, 0xff, 0xff, 0xff, 0xff, 0xff, 0xff, 0xff, 0xff, 0xff, 0xff, 0xff,
    0xff, 0xff, 0xff, 0xff, 0xff, 0xff, 0xff, 0xff, 0xff, 0xff, 0xff, 0xff,
    0xff, 0xff, 0xff, 0xff, 0xff, 0xff, 0xff, 0xff, 0xff, 0xff, 0xff, 0xff,
    0xff, 0xff, 0xff, 0xff, 0xff, 0xff, 0xff, 0xff, 0xff, 0xff, 0xff, 0xff,
    0xff, 0xff, 0xff, 0xff, 0xff, 0xff, 0xff, 0xff, 0xff, 0xff, 0xff, 0xff,
    0xff, 0xff, 0xff, 0xff, 0xff, 0xff, 0xff, 0xff, 0xff, 0xff, 0xff, 0xff,
    0xff, 0xff, 0xff, 0xff, 0xff, 0xff, 0xff, 0xff, 0xff, 0xff, 0xff, 0xff,
    0xff, 0xff, 0xff, 0xff, 0xff, 0xff, 0xff, 0xff, 0xff, 0xff, 0xff, 0xff,
    0xff, 0xff, 0xff, 0xff, 0xff, 0xff, 0xff, 0xff, 0xff, 0xff, 0xff, 0xff,
    0xff, 0xff, 0xff, 0xff, 0xff, 0xff, 0xff, 0xff, 0xff, 0xff, 0xff, 0xff,
    0xff, 0xff, 0xff, 0xff, 0xff, 0xff, 0xff, 0xff, 0xff, 0xff, 0xff, 0xff,
    0xff, 0xff, 0xff, 0xff, 0xff, 0xff, 0xff, 0xff, 0xff, 0xff, 0xff, 0xff,
    0xff, 0xff, 0xff, 0xff, 0xff, 0xff, 0xff, 0xff, 0xff, 0xff, 0xff, 0xff,
    0xff, 0xff, 0xff, 0xff, 0xff, 0xff, 0xff, 0xff, 0xff, 0xff, 0xff, 0xff,
    0xff, 0xff, 0xff, 0xff, 0xff, 0xff, 0xff, 0xff, 0xff, 0xff, 0xff, 0xff,
    0xff, 0xff, 0xff, 0xff, 0xff, 0xff, 0xff, 0xff, 0xff, 0xff, 0xff, 0xff,
    0xff, 0xff, 0xff, 0xff, 0xff, 0xff, 0xff, 0xff, 0xff, 0xff, 0xff, 0xff,
    0xff, 0xff, 0xff, 0xff, 0xff, 0xff, 0xff, 0xff, 0xff, 0xff, 0xff, 0xff,
    0xff, 0xff, 0xff, 0xff, 0xff, 0xff, 0xff, 0xff, 0xff, 0xff, 0xff, 0xff,
    0xff, 0xff, 0xff, 0xff, 0xff, 0xff, 0xff, 0xff, 0xff, 0xff, 0xff, 0xff,
    0xff, 0xff, 0xff, 0xff, 0xff, 0xff, 0xff, 0xff, 0xff, 0xff, 0xff, 0xff,
    0xff, 0xff, 0xff, 0xff, 0xff, 0xff, 0xff, 0xff, 0xff, 0xff, 0xff, 0xff,
    0xff, 0xff, 0xff, 0xff, 0xff, 0xff, 0xff, 0xff, 0xff, 0xff, 0xff, 0xff,
    0xff, 0xff, 0xff, 0xff, 0xff, 0xff, 0xff, 0xff, 0xff, 0xff, 0xff, 0xff,
    0xff, 0xff, 0xff, 0xff, 0xff, 0xff, 0xff, 0xff, 0xff, 0xff, 0xff, 0xff,
    0xff, 0xff, 0xff, 0xff, 0xff, 0xff, 0xff, 0xff, 0xff, 0xff, 0xff, 0xff,
    0xff, 0xff, 0xff, 0xff, 0xff, 0xff, 0xff, 0xff, 0xff, 0xff, 0xff, 0xff,
    0xff, 0xff, 0xff, 0xff, 0xff, 0xff, 0xff, 0xff, 0xff, 0xff, 0xff, 0xff,
    0xff, 0xff, 0xff, 0xff, 0xff, 0xff, 0xff, 0xff, 0xff, 0xff, 0xff, 0xff,
    0xff, 0xff, 0xff, 0xff, 0xff, 0xff, 0xff, 0xff, 0xff, 0xff, 0xff, 0xff,
    0xff, 0xff, 0xff, 0xff, 0xff, 0xff, 0xff, 0xff, 0xff, 0xff, 0xff, 0xff,
    0xff, 0xff, 0xff, 0xff, 0xff, 0xff, 0xff, 0xff, 0xff, 0xff, 0xff, 0xff,
    0xff, 0xff, 0xff, 0xff, 0xff, 0xff, 0xff, 0xff, 0xff, 0xff, 0xff, 0xff,
    0xff, 0xff, 0xff, 0xff, 0xff, 0xff, 0xff, 0xff, 0xff, 0xff, 0xff, 0xff,
    0xff, 0xff, 0xff, 0xff, 0xff, 0xff, 0xff, 0xff, 0xff, 0xff, 0xff, 0xff,
    0xff, 0xff, 0xff, 0xff, 0xff, 0xff, 0xff, 0xff, 0xff, 0xff, 0xff, 0xff,
    0xff, 0xff, 0xff, 0xff, 0xff, 0xff, 0xff, 0xff, 0xff, 0xff, 0xff, 0xff,
    0xff, 0xff, 0xff, 0xff, 0xff, 0xff, 0xff, 0xff, 0xff, 0xff, 0xff, 0xff,
    0xff, 0xff, 0xff, 0xff, 0xff, 0xff, 0xff, 0xff, 0xff, 0xff, 0xff, 0xff,
    0xff, 0xff, 0xff, 0xff, 0xff, 0xff, 0xff, 0xff, 0xff, 0xff, 0xff, 0xff,
    0xff, 0xff, 0xff, 0xff, 0xff, 0xff, 0xff, 0xff, 0xff, 0xff, 0xff, 0xff,
    0xff, 0xff, 0xff, 0xff, 0xff, 0xff, 0xff, 0xff, 0xff, 0xff, 0xff, 0xff,
    0xff, 0xff, 0xff, 0xff, 0xff, 0xff, 0xff, 0xff, 0xff, 0xff, 0xff, 0xff,
    0xff, 0xff, 0xff, 0xff, 0xff, 0xff, 0xff, 0xff, 0xff, 0xff, 0xff, 0xff,
    0xff, 0xff, 0xff, 0xff, 0xff, 0xff, 0xff, 0xff, 0xff, 0xff, 0xff, 0xff,
    0xff, 0xff, 0xff, 0xff, 0xff, 0xff, 0xff, 0xff, 0xff, 0xff, 0xff, 0xff,
    0xff, 0xff, 0xff, 0xff, 0xff, 0xff, 0xff, 0xff, 0xff, 0xff, 0xff, 0xff,
    0xff, 0xff, 0xff, 0xff, 0xff, 0xff, 0xff, 0xff, 0xff, 0xff, 0xff, 0xff,
    0xff, 0xff, 0xff, 0xff, 0xff, 0xff, 0xff, 0xff, 0xff, 0xff, 0xff, 0xff,
    0xff, 0xff, 0xff, 0xff, 0xff, 0xff, 0xff, 0xff, 0xff, 0xff, 0xff, 0xff,
    0xff, 0xff, 0xff, 0xff, 0xff, 0xff, 0xff, 0xff, 0xff, 0xff, 0xff, 0xff,
    0xff, 0xff, 0xff, 0xff, 0xff, 0xff, 0xff, 0xff, 0xff, 0xff, 0xff, 0xff,
    0xff, 0xff, 0xff, 0xff, 0xff, 0xff, 0xff, 0xff, 0xff, 0xff, 0xff, 0xff,
    0xff, 0xff, 0xff, 0xff, 0xff, 0xff, 0xff, 0xff, 0xff, 0xff, 0xff, 0xff,
    0xff, 0xff, 0xff, 0xff, 0xff, 0xff, 0xff, 0xff, 0xff, 0xff, 0xff, 0xff,
    0xff, 0xff, 0xff, 0xff, 0xff, 0xff, 0xff, 0xff, 0xff, 0xff, 0xff, 0xff,
    0xff, 0xff, 0xff, 0xff, 0xff, 0xff, 0xff, 0xff, 0xff, 0xff, 0xff, 0xff,
    0xff, 0xff, 0xff, 0xff, 0xff, 0xff, 0xff, 0xff, 0xff, 0xff, 0xff, 0xff,
    0xff, 0xff, 0xff, 0xff, 0xff, 0xff, 0xff, 0xff, 0xff, 0xff, 0xff, 0xff,
    0xff, 0xff, 0xff, 0xff, 0xff, 0xff, 0xff, 0xff, 0xff, 0xff, 0xff, 0xff,
    0xff, 0xff, 0xff, 0xff, 0xff, 0xff, 0xff, 0xff, 0xff, 0xff, 0xff, 0xff,
    0xff, 0xff, 0xff, 0xff, 0xff, 0xff, 0xff, 0xff, 0xff, 0xff, 0xff, 0xff,
    0xff, 0xff, 0xff, 0xff, 0xff, 0xff, 0xff, 0xff, 0xff, 0xff, 0xff, 0xff,
    0xff, 0xff, 0xff, 0xff, 0xff, 0xff, 0xff, 0xff, 0xff, 0xff, 0xff, 0xff,
    0xff, 0xff, 0xff, 0xff, 0xff, 0xff, 0xff, 0xff, 0xff, 0xff, 0xff, 0xff,
    0xff, 0xff, 0xff, 0xff, 0xff, 0xff, 0xff, 0xff, 0xff, 0xff, 0xff, 0xff,
    0xff, 0xff, 0xff, 0xff, 0xff, 0xff, 0xff, 0xff, 0xff, 0xff, 0xff, 0xff,
    0xff, 0xff, 0xff, 0xff, 0xff, 0xff, 0xff, 0xff, 0xff, 0xff, 0xff, 0xff,
    0xff, 0xff, 0xff, 0xff, 0xff, 0xff, 0xff, 0xff, 0xff, 0xff, 0xff, 0xff,
    0xff, 0xff, 0xff, 0xff, 0xff, 0xff, 0xff, 0xff, 0xff, 0xff, 0xff, 0xff,
    0xff, 0xff, 0xff, 0xff, 0xff, 0xff, 0xff, 0xff, 0xff, 0xff, 0xff, 0xff,
    0xff, 0xff, 0xff, 0xff, 0xff, 0xff, 0xff, 0xff, 0xff, 0xff, 0xff, 0xff,
    0xff, 0xff, 0xff, 0xff, 0xff, 0xff, 0xff, 0xff, 0xff, 0xff, 0xff, 0xff,
    0xff, 0xff, 0xff, 0xff, 0xff, 0xff, 0xff, 0xff, 0xff, 0xff, 0xff, 0xff,
    0xff, 0xff, 0xff, 0xff, 0xff, 0xff, 0xff, 0xff, 0xff, 0xff, 0xff, 0xff,
    0xff, 0xff, 0xff, 0xff, 0xff, 0xff, 0xff, 0xff, 0xff, 0xff, 0xff, 0xff,
    0xff, 0xff, 0xff, 0xff, 0xff, 0xff, 0xff, 0xff, 0xff, 0xff, 0xff, 0xff,
    0xff, 0xff, 0xff, 0xff, 0xff, 0xff, 0xff, 0xff, 0xf7, 0xf8, 0xf8, 0xff,
    0xf1, 0xf2, 0xf2, 0xff, 0xe5, 0xe7, 0xe7, 0xff, 0xd7, 0xd5, 0xd5, 0xff,
    0xd8, 0xd3, 0xd3, 0xff, 0xc5, 0xc3, 0xc3, 0xff, 0xab, 0xa8, 0xa8, 0xff,
    0x9b, 0x8c, 0x8c, 0xff, 0x9e, 0x92, 0x92, 0xff, 0x87, 0x7d, 0x7d, 0xff,
    0x5f, 0x52, 0x52, 0xff, 0x5f, 0x40, 0x40, 0xff, 0x84, 0x71, 0x71, 0xff,
    0x93, 0x74, 0x75, 0xff, 0x77, 0x44, 0x44, 0xff, 0x86, 0x60, 0x60, 0xff,
    0x80, 0x50, 0x50, 0xff, 0x6f, 0x31, 0x31, 0xff, 0x71, 0x38, 0x38, 0xff,
    0x77, 0x4a, 0x4a, 0xff, 0x6d, 0x3c, 0x3c, 0xff, 0x76, 0x47, 0x47, 0xff,
    0x70, 0x39, 0x39, 0xff, 0x7c, 0x47, 0x47, 0xff, 0x89, 0x61, 0x61, 0xff,
    0x82, 0x59, 0x5a, 0xff, 0x7b, 0x47, 0x49, 0xff, 0x97, 0x85, 0x85, 0xff,
    0x70, 0x4f, 0x4f, 0xff, 0x5b, 0x45, 0x45, 0xff, 0x75, 0x6a, 0x6a, 0xff,
    0x96, 0x8a, 0x8a, 0xff, 0x9d, 0x8d, 0x8d, 0xff, 0xa0, 0x98, 0x98, 0xff,
    0xb9, 0xb7, 0xb7, 0xff, 0xce, 0xca, 0xca, 0xff, 0xd8, 0xd4, 0xd4, 0xff,
    0xdd, 0xdd, 0xdd, 0xff, 0xed, 0xef, 0xef, 0xff, 0xf4, 0xf5, 0xf5, 0xff,
    0xfb, 0xfc, 0xfc, 0xff, 0xff, 0xff, 0xff, 0xff, 0xff, 0xff, 0xff, 0xff,
    0xff, 0xff, 0xff, 0xff, 0xff, 0xff, 0xff, 0xff, 0xff, 0xff, 0xff, 0xff,
    0xff, 0xff, 0xff, 0xff, 0xff, 0xff, 0xff, 0xff, 0xff, 0xff, 0xff, 0xff,
    0xff, 0xff, 0xff, 0xff, 0xff, 0xff, 0xff, 0xff, 0xff, 0xff, 0xff, 0xff,
    0xff, 0xff, 0xff, 0xff, 0xff, 0xff, 0xff, 0xff, 0xff, 0xff, 0xff, 0xff,
    0xff, 0xff, 0xff, 0xff, 0xff, 0xff, 0xff, 0xff, 0xff, 0xff, 0xff, 0xff,
    0xff, 0xff, 0xff, 0xff, 0xff, 0xff, 0xff, 0xff, 0xff, 0xff, 0xff, 0xff,
    0xff, 0xff, 0xff, 0xff, 0xff, 0xff, 0xff, 0xff, 0xff, 0xff, 0xff, 0xff,
    0xff, 0xff, 0xff, 0xff, 0xff, 0xff, 0xff, 0xff, 0xff, 0xff, 0xff, 0xff,
    0xff, 0xff, 0xff, 0xff, 0xff, 0xff, 0xff, 0xff, 0xff, 0xff, 0xff, 0xff,
    0xff, 0xff, 0xff, 0xff, 0xff, 0xff, 0xff, 0xff, 0xff, 0xff, 0xff, 0xff,
    0xff, 0xff, 0xff, 0xff, 0xff, 0xff, 0xff, 0xff, 0xff, 0xff, 0xff, 0xff,
    0xff, 0xff, 0xff, 0xff, 0xff, 0xff, 0xff, 0xff, 0xff, 0xff, 0xff, 0xff,
    0xff, 0xff, 0xff, 0xff, 0xff, 0xff, 0xff, 0xff, 0xff, 0xff, 0xff, 0xff,
    0xff, 0xff, 0xff, 0xff, 0xff, 0xff, 0xff, 0xff, 0xff, 0xff, 0xff, 0xff,
    0xff, 0xff, 0xff, 0xff, 0xff, 0xff, 0xff, 0xff, 0xff, 0xff, 0xff, 0xff,
    0xff, 0xff, 0xff, 0xff, 0xff, 0xff, 0xff, 0xff, 0xff, 0xff, 0xff, 0xff,
    0xff, 0xff, 0xff, 0xff, 0xff, 0xff, 0xff, 0xff, 0xff, 0xff, 0xff, 0xff,
    0xff, 0xff, 0xff, 0xff, 0xff, 0xff, 0xff, 0xff, 0xff, 0xff, 0xff, 0xff,
    0xff, 0xff, 0xff, 0xff, 0xff, 0xff, 0xff, 0xff, 0xff, 0xff, 0xff, 0xff,
    0xff, 0xff, 0xff, 0xff, 0xff, 0xff, 0xff, 0xff, 0xff, 0xff, 0xff, 0xff,
    0xff, 0xff, 0xff, 0xff, 0xff, 0xff, 0xff, 0xff, 0xff, 0xff, 0xff, 0xff,
    0xff, 0xff, 0xff, 0xff, 0xff, 0xff, 0xff, 0xff, 0xff, 0xff, 0xff, 0xff,
    0xff, 0xff, 0xff, 0xff, 0xff, 0xff, 0xff, 0xff, 0xff, 0xff, 0xff, 0xff,
    0xff, 0xff, 0xff, 0xff, 0xff, 0xff, 0xff, 0xff, 0xff, 0xff, 0xff, 0xff,
    0xff, 0xff, 0xff, 0xff, 0xff, 0xff, 0xff, 0xff, 0xff, 0xff, 0xff, 0xff,
    0xff, 0xff, 0xff, 0xff, 0xff, 0xff, 0xff, 0xff, 0xff, 0xff, 0xff, 0xff,
    0xff, 0xff, 0xff, 0xff, 0xff, 0xff, 0xff, 0xff, 0xff, 0xff, 0xff, 0xff,
    0xff, 0xff, 0xff, 0xff, 0xff, 0xff, 0xff, 0xff, 0xff, 0xff, 0xff, 0xff,
    0xff, 0xff, 0xff, 0xff, 0xff, 0xff, 0xff, 0xff, 0xff, 0xff, 0xff, 0xff,
    0xff, 0xff, 0xff, 0xff, 0xff, 0xff, 0xff, 0xff, 0xff, 0xff, 0xff, 0xff,
    0xff, 0xff, 0xff, 0xff, 0xff, 0xff, 0xff, 0xff, 0xff, 0xff, 0xff, 0xff,
    0xff, 0xff, 0xff, 0xff, 0xff, 0xff, 0xff, 0xff, 0xff, 0xff, 0xff, 0xff,
    0xff, 0xff, 0xff, 0xff, 0xff, 0xff, 0xff, 0xff, 0xff, 0xff, 0xff, 0xff,
    0xff, 0xff, 0xff, 0xff, 0xff, 0xff, 0xff, 0xff, 0xff, 0xff, 0xff, 0xff,
    0xff, 0xff, 0xff, 0xff, 0xff, 0xff, 0xff, 0xff, 0xff, 0xff, 0xff, 0xff,
    0xff, 0xff, 0xff, 0xff, 0xff, 0xff, 0xff, 0xff, 0xff, 0xff, 0xff, 0xff,
    0xff, 0xff, 0xff, 0xff, 0xff, 0xff, 0xff, 0xff, 0xff, 0xff, 0xff, 0xff,
    0xff, 0xff, 0xff, 0xff, 0xff, 0xff, 0xff, 0xff, 0xff, 0xff, 0xff, 0xff,
    0xff, 0xff, 0xff, 0xff, 0xff, 0xff, 0xff, 0xff, 0xff, 0xff, 0xff, 0xff,
    0xff, 0xff, 0xff, 0xff, 0xff, 0xff, 0xff, 0xff, 0xff, 0xff, 0xff, 0xff,
    0xff, 0xff, 0xff, 0xff, 0xff, 0xff, 0xff, 0xff, 0xff, 0xff, 0xff, 0xff,
    0xff, 0xff, 0xff, 0xff, 0xff, 0xff, 0xff, 0xff, 0xff, 0xff, 0xff, 0xff,
    0xff, 0xff, 0xff, 0xff, 0xff, 0xff, 0xff, 0xff, 0xff, 0xff, 0xff, 0xff,
    0xff, 0xff, 0xff, 0xff, 0xff, 0xff, 0xff, 0xff, 0xff, 0xff, 0xff, 0xff,
    0xff, 0xff, 0xff, 0xff, 0xff, 0xff, 0xff, 0xff, 0xff, 0xff, 0xff, 0xff,
    0xff, 0xff, 0xff, 0xff, 0xff, 0xff, 0xff, 0xff, 0xff, 0xff, 0xff, 0xff,
    0xff, 0xff, 0xff, 0xff, 0xff, 0xff, 0xff, 0xff, 0xff, 0xff, 0xff, 0xff,
    0xff, 0xff, 0xff, 0xff, 0xff, 0xff, 0xff, 0xff, 0xff, 0xff, 0xff, 0xff,
    0xff, 0xff, 0xff, 0xff, 0xff, 0xff, 0xff, 0xff, 0xff, 0xff, 0xff, 0xff,
    0xff, 0xff, 0xff, 0xff, 0xff, 0xff, 0xff, 0xff, 0xff, 0xff, 0xff, 0xff,
    0xff, 0xff, 0xff, 0xff, 0xff, 0xff, 0xff, 0xff, 0xff, 0xff, 0xff, 0xff,
    0xff, 0xff, 0xff, 0xff, 0xff, 0xff, 0xff, 0xff, 0xff, 0xff, 0xff, 0xff,
    0xff, 0xff, 0xff, 0xff, 0xff, 0xff, 0xff, 0xff, 0xff, 0xff, 0xff, 0xff,
    0xff, 0xff, 0xff, 0xff, 0xff, 0xff, 0xff, 0xff, 0xff, 0xff, 0xff, 0xff,
    0xff, 0xff, 0xff, 0xff, 0xff, 0xff, 0xff, 0xff, 0xff, 0xff, 0xff, 0xff,
    0xff, 0xff, 0xff, 0xff, 0xff, 0xff, 0xff, 0xff, 0xff, 0xff, 0xff, 0xff,
    0xff, 0xff, 0xff, 0xff, 0xff, 0xff, 0xff, 0xff, 0xff, 0xff, 0xff, 0xff,
    0xff, 0xff, 0xff, 0xff, 0xff, 0xff, 0xff, 0xff, 0xff, 0xff, 0xff, 0xff,
    0xff, 0xff, 0xff, 0xff, 0xff, 0xff, 0xff, 0xff, 0xff, 0xff, 0xff, 0xff,
    0xff, 0xff, 0xff, 0xff, 0xff, 0xff, 0xff, 0xff, 0xff, 0xff, 0xff, 0xff,
    0xff, 0xff, 0xff, 0xff, 0xff, 0xff, 0xff, 0xff, 0xff, 0xff, 0xff, 0xff,
    0xff, 0xff, 0xff, 0xff, 0xff, 0xff, 0xff, 0xff, 0xff, 0xff, 0xff, 0xff,
    0xff, 0xff, 0xff, 0xff, 0xff, 0xff, 0xff, 0xff, 0xff, 0xff, 0xff, 0xff,
    0xff, 0xff, 0xff, 0xff, 0xff, 0xff, 0xff, 0xff, 0xff, 0xff, 0xff, 0xff,
    0xff, 0xff, 0xff, 0xff, 0xff, 0xff, 0xff, 0xff, 0xff, 0xff, 0xff, 0xff,
    0xff, 0xff, 0xff, 0xff, 0xff, 0xff, 0xff, 0xff, 0xff, 0xff, 0xff, 0xff,
    0xff, 0xff, 0xff, 0xff, 0xff, 0xff, 0xff, 0xff, 0xff, 0xff, 0xff, 0xff,
    0xff, 0xff, 0xff, 0xff, 0xff, 0xff, 0xff, 0xff, 0xff, 0xff, 0xff, 0xff,
    0xff, 0xff, 0xff, 0xff, 0xff, 0xff, 0xff, 0xff, 0xff, 0xff, 0xff, 0xff,
    0xff, 0xff, 0xff, 0xff, 0xff, 0xff, 0xff, 0xff, 0xff, 0xff, 0xff, 0xff,
    0xff, 0xff, 0xff, 0xff, 0xff, 0xff, 0xff, 0xff, 0xff, 0xff, 0xff, 0xff,
    0xff, 0xff, 0xff, 0xff, 0xff, 0xff, 0xff, 0xff, 0xff, 0xff, 0xff, 0xff,
    0xff, 0xff, 0xff, 0xff, 0xff, 0xff, 0xff, 0xff, 0xff, 0xff, 0xff, 0xff,
    0xff, 0xff, 0xff, 0xff, 0xff, 0xff, 0xff, 0xff, 0xff, 0xff, 0xff, 0xff,
    0xff, 0xff, 0xff, 0xff, 0xff, 0xff, 0xff, 0xff, 0xff, 0xff, 0xff, 0xff,
    0xff, 0xff, 0xff, 0xff, 0xff, 0xff, 0xff, 0xff, 0xff, 0xff, 0xff, 0xff,
    0xff, 0xff, 0xff, 0xff, 0xff, 0xff, 0xff, 0xff, 0xff, 0xff, 0xff, 0xff,
    0xfd, 0xfe, 0xfe, 0xff, 0xf6, 0xf7, 0xf7, 0xff, 0xe6, 0xe7, 0xe7, 0xff,
    0xd2, 0xd1, 0xd1, 0xff, 0xb9, 0xb8, 0xb8, 0xff, 0xa9, 0x9e, 0x9d, 0xff,
    0x83, 0x6d, 0x6d, 0xff, 0x96, 0x7c, 0x7c, 0xff, 0x81, 0x5d, 0x5d, 0xff,
    0x60, 0x35, 0x35, 0xff, 0x5c, 0x14, 0x14, 0xff, 0x67, 0x28, 0x28, 0xff,
    0x89, 0x5a, 0x5a, 0xff, 0x81, 0x35, 0x35, 0xff, 0x8d, 0x33, 0x33, 0xff,
    0x98, 0x44, 0x44, 0xff, 0x96, 0x45, 0x45, 0xff, 0x7d, 0x0d, 0x0d, 0xff,
    0x92, 0x36, 0x36, 0xff, 0x91, 0x30, 0x30, 0xff, 0x7c, 0x01, 0x01, 0xff,
    0x8b, 0x24, 0x24, 0xff, 0x97, 0x3f, 0x3f, 0xff, 0x8e, 0x28, 0x28, 0xff,
    0xb3, 0x6c, 0x6c, 0xff, 0xd0, 0xa8, 0xa8, 0xff, 0xd2, 0xae, 0xae, 0xff,
    0xc9, 0x9d, 0x9d, 0xff, 0xc8, 0x9d, 0x9d, 0xff, 0xde, 0xc5, 0xc5, 0xff,
    0xe3, 0xd0, 0xd0, 0xff, 0xc3, 0x90, 0x90, 0xff, 0xb4, 0x74, 0x74, 0xff,
    0xa2, 0x56, 0x56, 0xff, 0x81, 0x0f, 0x0f, 0xff, 0x86, 0x21, 0x21, 0xff,
    0x9c, 0x51, 0x51, 0xff, 0xa9, 0x67, 0x67, 0xff, 0x97, 0x56, 0x56, 0xff,
    0x85, 0x4b, 0x4b, 0xff, 0x7c, 0x4a, 0x49, 0xff, 0x5c, 0x11, 0x11, 0xff,
    0x5d, 0x22, 0x22, 0xff, 0x6c, 0x4b, 0x4b, 0xff, 0x93, 0x72, 0x72, 0xff,
    0x89, 0x71, 0x71, 0xff, 0x93, 0x7f, 0x7f, 0xff, 0xb4, 0xb0, 0xb0, 0xff,
    0xbd, 0xbd, 0xbd, 0xff, 0xde, 0xde, 0xde, 0xff, 0xee, 0xef, 0xef, 0xff,
    0xfa, 0xfb, 0xfb, 0xff, 0xfd, 0xfd, 0xfd, 0xff, 0xff, 0xff, 0xff, 0xff,
    0xff, 0xff, 0xff, 0xff, 0xff, 0xff, 0xff, 0xff, 0xff, 0xff, 0xff, 0xff,
    0xff, 0xff, 0xff, 0xff, 0xff, 0xff, 0xff, 0xff, 0xff, 0xff, 0xff, 0xff,
    0xff, 0xff, 0xff, 0xff, 0xff, 0xff, 0xff, 0xff, 0xff, 0xff, 0xff, 0xff,
    0xff, 0xff, 0xff, 0xff, 0xff, 0xff, 0xff, 0xff, 0xff, 0xff, 0xff, 0xff,
    0xff, 0xff, 0xff, 0xff, 0xff, 0xff, 0xff, 0xff, 0xff, 0xff, 0xff, 0xff,
    0xff, 0xff, 0xff, 0xff, 0xff, 0xff, 0xff, 0xff, 0xff, 0xff, 0xff, 0xff,
    0xff, 0xff, 0xff, 0xff, 0xff, 0xff, 0xff, 0xff, 0xff, 0xff, 0xff, 0xff,
    0xff, 0xff, 0xff, 0xff, 0xff, 0xff, 0xff, 0xff, 0xff, 0xff, 0xff, 0xff,
    0xff, 0xff, 0xff, 0xff, 0xff, 0xff, 0xff, 0xff, 0xff, 0xff, 0xff, 0xff,
    0xff, 0xff, 0xff, 0xff, 0xff, 0xff, 0xff, 0xff, 0xff, 0xff, 0xff, 0xff,
    0xff, 0xff, 0xff, 0xff, 0xff, 0xff, 0xff, 0xff, 0xff, 0xff, 0xff, 0xff,
    0xff, 0xff, 0xff, 0xff, 0xff, 0xff, 0xff, 0xff, 0xff, 0xff, 0xff, 0xff,
    0xff, 0xff, 0xff, 0xff, 0xff, 0xff, 0xff, 0xff, 0xff, 0xff, 0xff, 0xff,
    0xff, 0xff, 0xff, 0xff, 0xff, 0xff, 0xff, 0xff, 0xff, 0xff, 0xff, 0xff,
    0xff, 0xff, 0xff, 0xff, 0xff, 0xff, 0xff, 0xff, 0xff, 0xff, 0xff, 0xff,
    0xff, 0xff, 0xff, 0xff, 0xff, 0xff, 0xff, 0xff, 0xff, 0xff, 0xff, 0xff,
    0xff, 0xff, 0xff, 0xff, 0xff, 0xff, 0xff, 0xff, 0xff, 0xff, 0xff, 0xff,
    0xff, 0xff, 0xff, 0xff, 0xff, 0xff, 0xff, 0xff, 0xff, 0xff, 0xff, 0xff,
    0xff, 0xff, 0xff, 0xff, 0xff, 0xff, 0xff, 0xff, 0xff, 0xff, 0xff, 0xff,
    0xff, 0xff, 0xff, 0xff, 0xff, 0xff, 0xff, 0xff, 0xff, 0xff, 0xff, 0xff,
    0xff, 0xff, 0xff, 0xff, 0xff, 0xff, 0xff, 0xff, 0xff, 0xff, 0xff, 0xff,
    0xff, 0xff, 0xff, 0xff, 0xff, 0xff, 0xff, 0xff, 0xff, 0xff, 0xff, 0xff,
    0xff, 0xff, 0xff, 0xff, 0xff, 0xff, 0xff, 0xff, 0xff, 0xff, 0xff, 0xff,
    0xff, 0xff, 0xff, 0xff, 0xff, 0xff, 0xff, 0xff, 0xff, 0xff, 0xff, 0xff,
    0xff, 0xff, 0xff, 0xff, 0xff, 0xff, 0xff, 0xff, 0xff, 0xff, 0xff, 0xff,
    0xff, 0xff, 0xff, 0xff, 0xff, 0xff, 0xff, 0xff, 0xff, 0xff, 0xff, 0xff,
    0xff, 0xff, 0xff, 0xff, 0xff, 0xff, 0xff, 0xff, 0xff, 0xff, 0xff, 0xff,
    0xff, 0xff, 0xff, 0xff, 0xff, 0xff, 0xff, 0xff, 0xff, 0xff, 0xff, 0xff,
    0xff, 0xff, 0xff, 0xff, 0xff, 0xff, 0xff, 0xff, 0xff, 0xff, 0xff, 0xff,
    0xff, 0xff, 0xff, 0xff, 0xff, 0xff, 0xff, 0xff, 0xff, 0xff, 0xff, 0xff,
    0xff, 0xff, 0xff, 0xff, 0xff, 0xff, 0xff, 0xff, 0xff, 0xff, 0xff, 0xff,
    0xff, 0xff, 0xff, 0xff, 0xff, 0xff, 0xff, 0xff, 0xff, 0xff, 0xff, 0xff,
    0xff, 0xff, 0xff, 0xff, 0xff, 0xff, 0xff, 0xff, 0xff, 0xff, 0xff, 0xff,
    0xff, 0xff, 0xff, 0xff, 0xff, 0xff, 0xff, 0xff, 0xff, 0xff, 0xff, 0xff,
    0xff, 0xff, 0xff, 0xff, 0xff, 0xff, 0xff, 0xff, 0xff, 0xff, 0xff, 0xff,
    0xff, 0xff, 0xff, 0xff, 0xff, 0xff, 0xff, 0xff, 0xff, 0xff, 0xff, 0xff,
    0xff, 0xff, 0xff, 0xff, 0xff, 0xff, 0xff, 0xff, 0xff, 0xff, 0xff, 0xff,
    0xff, 0xff, 0xff, 0xff, 0xff, 0xff, 0xff, 0xff, 0xff, 0xff, 0xff, 0xff,
    0xff, 0xff, 0xff, 0xff, 0xff, 0xff, 0xff, 0xff, 0xff, 0xff, 0xff, 0xff,
    0xff, 0xff, 0xff, 0xff, 0xff, 0xff, 0xff, 0xff, 0xff, 0xff, 0xff, 0xff,
    0xff, 0xff, 0xff, 0xff, 0xff, 0xff, 0xff, 0xff, 0xff, 0xff, 0xff, 0xff,
    0xff, 0xff, 0xff, 0xff, 0xff, 0xff, 0xff, 0xff, 0xff, 0xff, 0xff, 0xff,
    0xff, 0xff, 0xff, 0xff, 0xff, 0xff, 0xff, 0xff, 0xff, 0xff, 0xff, 0xff,
    0xff, 0xff, 0xff, 0xff, 0xff, 0xff, 0xff, 0xff, 0xff, 0xff, 0xff, 0xff,
    0xff, 0xff, 0xff, 0xff, 0xff, 0xff, 0xff, 0xff, 0xff, 0xff, 0xff, 0xff,
    0xff, 0xff, 0xff, 0xff, 0xff, 0xff, 0xff, 0xff, 0xff, 0xff, 0xff, 0xff,
    0xff, 0xff, 0xff, 0xff, 0xff, 0xff, 0xff, 0xff, 0xff, 0xff, 0xff, 0xff,
    0xff, 0xff, 0xff, 0xff, 0xff, 0xff, 0xff, 0xff, 0xff, 0xff, 0xff, 0xff,
    0xff, 0xff, 0xff, 0xff, 0xff, 0xff, 0xff, 0xff, 0xff, 0xff, 0xff, 0xff,
    0xff, 0xff, 0xff, 0xff, 0xff, 0xff, 0xff, 0xff, 0xff, 0xff, 0xff, 0xff,
    0xff, 0xff, 0xff, 0xff, 0xff, 0xff, 0xff, 0xff, 0xff, 0xff, 0xff, 0xff,
    0xff, 0xff, 0xff, 0xff, 0xff, 0xff, 0xff, 0xff, 0xff, 0xff, 0xff, 0xff,
    0xff, 0xff, 0xff, 0xff, 0xff, 0xff, 0xff, 0xff, 0xff, 0xff, 0xff, 0xff,
    0xff, 0xff, 0xff, 0xff, 0xff, 0xff, 0xff, 0xff, 0xff, 0xff, 0xff, 0xff,
    0xff, 0xff, 0xff, 0xff, 0xff, 0xff, 0xff, 0xff, 0xff, 0xff, 0xff, 0xff,
    0xff, 0xff, 0xff, 0xff, 0xff, 0xff, 0xff, 0xff, 0xff, 0xff, 0xff, 0xff,
    0xff, 0xff, 0xff, 0xff, 0xff, 0xff, 0xff, 0xff, 0xff, 0xff, 0xff, 0xff,
    0xff, 0xff, 0xff, 0xff, 0xff, 0xff, 0xff, 0xff, 0xff, 0xff, 0xff, 0xff,
    0xff, 0xff, 0xff, 0xff, 0xff, 0xff, 0xff, 0xff, 0xff, 0xff, 0xff, 0xff,
    0xff, 0xff, 0xff, 0xff, 0xff, 0xff, 0xff, 0xff, 0xff, 0xff, 0xff, 0xff,
    0xff, 0xff, 0xff, 0xff, 0xff, 0xff, 0xff, 0xff, 0xff, 0xff, 0xff, 0xff,
    0xff, 0xff, 0xff, 0xff, 0xff, 0xff, 0xff, 0xff, 0xff, 0xff, 0xff, 0xff,
    0xff, 0xff, 0xff, 0xff, 0xff, 0xff, 0xff, 0xff, 0xff, 0xff, 0xff, 0xff,
    0xff, 0xff, 0xff, 0xff, 0xff, 0xff, 0xff, 0xff, 0xff, 0xff, 0xff, 0xff,
    0xff, 0xff, 0xff, 0xff, 0xff, 0xff, 0xff, 0xff, 0xff, 0xff, 0xff, 0xff,
    0xff, 0xff, 0xff, 0xff, 0xff, 0xff, 0xff, 0xff, 0xff, 0xff, 0xff, 0xff,
    0xff, 0xff, 0xff, 0xff, 0xff, 0xff, 0xff, 0xff, 0xff, 0xff, 0xff, 0xff,
    0xff, 0xff, 0xff, 0xff, 0xff, 0xff, 0xff, 0xff, 0xff, 0xff, 0xff, 0xff,
    0xff, 0xff, 0xff, 0xff, 0xff, 0xff, 0xff, 0xff, 0xff, 0xff, 0xff, 0xff,
    0xff, 0xff, 0xff, 0xff, 0xff, 0xff, 0xff, 0xff, 0xff, 0xff, 0xff, 0xff,
    0xff, 0xff, 0xff, 0xff, 0xff, 0xff, 0xff, 0xff, 0xff, 0xff, 0xff, 0xff,
    0xff, 0xff, 0xff, 0xff, 0xff, 0xff, 0xff, 0xff, 0xff, 0xff, 0xff, 0xff,
    0xff, 0xff, 0xff, 0xff, 0xff, 0xff, 0xff, 0xff, 0xff, 0xff, 0xff, 0xff,
    0xff, 0xff, 0xff, 0xff, 0xff, 0xff, 0xff, 0xff, 0xff, 0xff, 0xff, 0xff,
    0xf9, 0xf9, 0xf9, 0xff, 0xe8, 0xe8, 0xe8, 0xff, 0xd1, 0xd0, 0xd0, 0xff,
    0xbd, 0xb7, 0xb7, 0xff, 0x91, 0x83, 0x83, 0xff, 0x7f, 0x71, 0x71, 0xff,
    0x70, 0x4d, 0x4e, 0xff, 0x78, 0x3f, 0x40, 0xff, 0x85, 0x48, 0x48, 0xff,
    0x82, 0x31, 0x31, 0xff, 0x84, 0x34, 0x34, 0xff, 0x86, 0x23, 0x23, 0xff,
    0x8a, 0x23, 0x23, 0xff, 0x9a, 0x3f, 0x3f, 0xff, 0x97, 0x31, 0x31, 0xff,
    0x8a, 0x1c, 0x1c, 0xff, 0x97, 0x33, 0x33, 0xff, 0x97, 0x34, 0x34, 0xff,
    0x7f, 0x05, 0x05, 0xff, 0x94, 0x2c, 0x2c, 0xff, 0x9c, 0x41, 0x41, 0xff,
    0x81, 0x05, 0x05, 0xff, 0x81, 0x0a, 0x0a, 0xff, 0x9b, 0x3c, 0x3c, 0xff,
    0xa8, 0x56, 0x56, 0xff, 0x89, 0x16, 0x16, 0xff, 0x96, 0x36, 0x36, 0xff,
    0xb0, 0x64, 0x64, 0xff, 0xde, 0xc2, 0xc2, 0xff, 0xe1, 0xc7, 0xc7, 0xff,
    0xbd, 0x80, 0x80, 0xff, 0xe6, 0xcf, 0xcf, 0xff, 0xf7, 0xf1, 0xf1, 0xff,
    0xfd, 0xff, 0xff, 0xff, 0xfc, 0xfd, 0xfd, 0xff, 0xfc, 0xfd, 0xfd, 0xff,
    0xf9, 0xf7, 0xf7, 0xff, 0xd7, 0xb4, 0xb4, 0xff, 0x9e, 0x40, 0x40, 0xff,
    0x8a, 0x1a, 0x1a, 0xff, 0xa3, 0x4f, 0x4f, 0xff, 0xa7, 0x54, 0x54, 0xff,
    0xbc, 0x7d, 0x7d, 0xff, 0xb4, 0x6f, 0x6f, 0xff, 0x90, 0x25, 0x25, 0xff,
    0x92, 0x29, 0x29, 0xff, 0x96, 0x35, 0x35, 0xff, 0x95, 0x39, 0x39, 0xff,
    0x85, 0x16, 0x16, 0xff, 0x85, 0x2e, 0x2e, 0xff, 0x88, 0x3f, 0x3e, 0xff,
    0x93, 0x53, 0x53, 0xff, 0x6e, 0x25, 0x25, 0xff, 0x6f, 0x2f, 0x2f, 0xff,
    0x7c, 0x68, 0x69, 0xff, 0x90, 0x87, 0x87, 0xff, 0xb2, 0xb1, 0xb1, 0xff,
    0xc9, 0xc9, 0xc9, 0xff, 0xdf, 0xdf, 0xdf, 0xff, 0xf1, 0xf1, 0xf1, 0xff,
    0xff, 0xff, 0xff, 0xff, 0xff, 0xff, 0xff, 0xff, 0xff, 0xff, 0xff, 0xff,
    0xff, 0xff, 0xff, 0xff, 0xff, 0xff, 0xff, 0xff, 0xff, 0xff, 0xff, 0xff,
    0xff, 0xff, 0xff, 0xff, 0xff, 0xff, 0xff, 0xff, 0xff, 0xff, 0xff, 0xff,
    0xff, 0xff, 0xff, 0xff, 0xff, 0xff, 0xff, 0xff, 0xff, 0xff, 0xff, 0xff,
    0xff, 0xff, 0xff, 0xff, 0xff, 0xff, 0xff, 0xff, 0xff, 0xff, 0xff, 0xff,
    0xff, 0xff, 0xff, 0xff, 0xff, 0xff, 0xff, 0xff, 0xff, 0xff, 0xff, 0xff,
    0xff, 0xff, 0xff, 0xff, 0xff, 0xff, 0xff, 0xff, 0xff, 0xff, 0xff, 0xff,
    0xff, 0xff, 0xff, 0xff, 0xff, 0xff, 0xff, 0xff, 0xff, 0xff, 0xff, 0xff,
    0xff, 0xff, 0xff, 0xff, 0xff, 0xff, 0xff, 0xff, 0xff, 0xff, 0xff, 0xff,
    0xff, 0xff, 0xff, 0xff, 0xff, 0xff, 0xff, 0xff, 0xff, 0xff, 0xff, 0xff,
    0xff, 0xff, 0xff, 0xff, 0xff, 0xff, 0xff, 0xff, 0xff, 0xff, 0xff, 0xff,
    0xff, 0xff, 0xff, 0xff, 0xff, 0xff, 0xff, 0xff, 0xff, 0xff, 0xff, 0xff,
    0xff, 0xff, 0xff, 0xff, 0xff, 0xff, 0xff, 0xff, 0xff, 0xff, 0xff, 0xff,
    0xff, 0xff, 0xff, 0xff, 0xff, 0xff, 0xff, 0xff, 0xff, 0xff, 0xff, 0xff,
    0xff, 0xff, 0xff, 0xff, 0xff, 0xff, 0xff, 0xff, 0xff, 0xff, 0xff, 0xff,
    0xff, 0xff, 0xff, 0xff, 0xff, 0xff, 0xff, 0xff, 0xff, 0xff, 0xff, 0xff,
    0xff, 0xff, 0xff, 0xff, 0xff, 0xff, 0xff, 0xff, 0xff, 0xff, 0xff, 0xff,
    0xff, 0xff, 0xff, 0xff, 0xff, 0xff, 0xff, 0xff, 0xff, 0xff, 0xff, 0xff,
    0xff, 0xff, 0xff, 0xff, 0xff, 0xff, 0xff, 0xff, 0xff, 0xff, 0xff, 0xff,
    0xff, 0xff, 0xff, 0xff, 0xff, 0xff, 0xff, 0xff, 0xff, 0xff, 0xff, 0xff,
    0xff, 0xff, 0xff, 0xff, 0xff, 0xff, 0xff, 0xff, 0xff, 0xff, 0xff, 0xff,
    0xff, 0xff, 0xff, 0xff, 0xff, 0xff, 0xff, 0xff, 0xff, 0xff, 0xff, 0xff,
    0xff, 0xff, 0xff, 0xff, 0xff, 0xff, 0xff, 0xff, 0xff, 0xff, 0xff, 0xff,
    0xff, 0xff, 0xff, 0xff, 0xff, 0xff, 0xff, 0xff, 0xff, 0xff, 0xff, 0xff,
    0xff, 0xff, 0xff, 0xff, 0xff, 0xff, 0xff, 0xff, 0xfe, 0xfd, 0xfc, 0xff,
    0xfe, 0xfb, 0xf5, 0xff, 0xfc, 0xf3, 0xe2, 0xff, 0xfa, 0xe8, 0xc7, 0xff,
    0xf7, 0xdc, 0xaa, 0xff, 0xf5, 0xd6, 0x99, 0xff, 0xf5, 0xd5, 0x93, 0xff,
    0xf3, 0xce, 0x7b, 0xff, 0xf2, 0xca, 0x73, 0xff, 0xf2, 0xca, 0x73, 0xff,
    0xf4, 0xcf, 0x7e, 0xff, 0xf5, 0xd5, 0x96, 0xff, 0xf6, 0xd9, 0xa2, 0xff,
    0xf8, 0xe0, 0xb5, 0xff, 0xfa, 0xeb, 0xcf, 0xff, 0xfc, 0xf4, 0xe5, 0xff,
    0xfe, 0xfc, 0xf8, 0xff, 0xfe, 0xfe, 0xfe, 0xff, 0xff, 0xff, 0xff, 0xff,
    0xff, 0xff, 0xff, 0xff, 0xff, 0xff, 0xff, 0xff, 0xff, 0xff, 0xff, 0xff,
    0xff, 0xff, 0xff, 0xff, 0xff, 0xff, 0xff, 0xff, 0xff, 0xff, 0xff, 0xff,
    0xff, 0xff, 0xff, 0xff, 0xff, 0xff, 0xff, 0xff, 0xff, 0xff, 0xff, 0xff,
    0xff, 0xff, 0xff, 0xff, 0xff, 0xff, 0xff, 0xff, 0xff, 0xff, 0xff, 0xff,
    0xff, 0xff, 0xff, 0xff, 0xff, 0xff, 0xff, 0xff, 0xff, 0xff, 0xff, 0xff,
    0xff, 0xff, 0xff, 0xff, 0xff, 0xff, 0xff, 0xff, 0xff, 0xff, 0xff, 0xff,
    0xff, 0xff, 0xff, 0xff, 0xff, 0xff, 0xff, 0xff, 0xff, 0xff, 0xff, 0xff,
    0xff, 0xff, 0xff, 0xff, 0xff, 0xff, 0xff, 0xff, 0xff, 0xff, 0xff, 0xff,
    0xff, 0xff, 0xff, 0xff, 0xff, 0xff, 0xff, 0xff, 0xff, 0xff, 0xff, 0xff,
    0xff, 0xff, 0xff, 0xff, 0xff, 0xff, 0xff, 0xff, 0xff, 0xff, 0xff, 0xff,
    0xff, 0xff, 0xff, 0xff, 0xff, 0xff, 0xff, 0xff, 0xff, 0xff, 0xff, 0xff,
    0xff, 0xff, 0xff, 0xff, 0xff, 0xff, 0xff, 0xff, 0xff, 0xff, 0xff, 0xff,
    0xff, 0xff, 0xff, 0xff, 0xff, 0xff, 0xff, 0xff, 0xff, 0xff, 0xff, 0xff,
    0xff, 0xff, 0xff, 0xff, 0xff, 0xff, 0xff, 0xff, 0xff, 0xff, 0xff, 0xff,
    0xff, 0xff, 0xff, 0xff, 0xff, 0xff, 0xff, 0xff, 0xff, 0xff, 0xff, 0xff,
    0xff, 0xff, 0xff, 0xff, 0xff, 0xff, 0xff, 0xff, 0xff, 0xff, 0xff, 0xff,
    0xff, 0xff, 0xff, 0xff, 0xff, 0xff, 0xff, 0xff, 0xff, 0xff, 0xff, 0xff,
    0xff, 0xff, 0xff, 0xff, 0xff, 0xff, 0xff, 0xff, 0xff, 0xff, 0xff, 0xff,
    0xff, 0xff, 0xff, 0xff, 0xff, 0xff, 0xff, 0xff, 0xff, 0xff, 0xff, 0xff,
    0xff, 0xff, 0xff, 0xff, 0xff, 0xff, 0xff, 0xff, 0xff, 0xff, 0xff, 0xff,
    0xff, 0xff, 0xff, 0xff, 0xff, 0xff, 0xff, 0xff, 0xff, 0xff, 0xff, 0xff,
    0xff, 0xff, 0xff, 0xff, 0xff, 0xff, 0xff, 0xff, 0xff, 0xff, 0xff, 0xff,
    0xff, 0xff, 0xff, 0xff, 0xff, 0xff, 0xff, 0xff, 0xff, 0xff, 0xff, 0xff,
    0xff, 0xff, 0xff, 0xff, 0xff, 0xff, 0xff, 0xff, 0xff, 0xff, 0xff, 0xff,
    0xff, 0xff, 0xff, 0xff, 0xff, 0xff, 0xff, 0xff, 0xff, 0xff, 0xff, 0xff,
    0xff, 0xff, 0xff, 0xff, 0xff, 0xff, 0xff, 0xff, 0xff, 0xff, 0xff, 0xff,
    0xff, 0xff, 0xff, 0xff, 0xff, 0xff, 0xff, 0xff, 0xff, 0xff, 0xff, 0xff,
    0xff, 0xff, 0xff, 0xff, 0xff, 0xff, 0xff, 0xff, 0xff, 0xff, 0xff, 0xff,
    0xff, 0xff, 0xff, 0xff, 0xff, 0xff, 0xff, 0xff, 0xff, 0xff, 0xff, 0xff,
    0xff, 0xff, 0xff, 0xff, 0xff, 0xff, 0xff, 0xff, 0xff, 0xff, 0xff, 0xff,
    0xff, 0xff, 0xff, 0xff, 0xff, 0xff, 0xff, 0xff, 0xff, 0xff, 0xff, 0xff,
    0xff, 0xff, 0xff, 0xff, 0xff, 0xff, 0xff, 0xff, 0xff, 0xff, 0xff, 0xff,
    0xff, 0xff, 0xff, 0xff, 0xff, 0xff, 0xff, 0xff, 0xff, 0xff, 0xff, 0xff,
    0xff, 0xff, 0xff, 0xff, 0xff, 0xff, 0xff, 0xff, 0xff, 0xff, 0xff, 0xff,
    0xff, 0xff, 0xff, 0xff, 0xff, 0xff, 0xff, 0xff, 0xff, 0xff, 0xff, 0xff,
    0xff, 0xff, 0xff, 0xff, 0xff, 0xff, 0xff, 0xff, 0xff, 0xff, 0xff, 0xff,
    0xff, 0xff, 0xff, 0xff, 0xff, 0xff, 0xff, 0xff, 0xff, 0xff, 0xff, 0xff,
    0xff, 0xff, 0xff, 0xff, 0xff, 0xff, 0xff, 0xff, 0xff, 0xff, 0xff, 0xff,
    0xff, 0xff, 0xff, 0xff, 0xff, 0xff, 0xff, 0xff, 0xff, 0xff, 0xff, 0xff,
    0xff, 0xff, 0xff, 0xff, 0xff, 0xff, 0xff, 0xff, 0xff, 0xff, 0xff, 0xff,
    0xff, 0xff, 0xff, 0xff, 0xff, 0xff, 0xff, 0xff, 0xff, 0xff, 0xff, 0xff,
    0xfa, 0xfb, 0xfb, 0xff, 0xee, 0xee, 0xee, 0xff, 0xca, 0xc8, 0xc8, 0xff,
    0xa4, 0xa4, 0xa4, 0xff, 0xa6, 0xa6, 0xa6, 0xff, 0xa8, 0xa6, 0xa6, 0xff,
    0x95, 0x8c, 0x8c, 0xff, 0x8b, 0x60, 0x60, 0xff, 0x74, 0x1b, 0x1b, 0xff,
    0xaa, 0x67, 0x67, 0xff, 0x9d, 0x46, 0x46, 0xff, 0xad, 0x64, 0x64, 0xff,
    0xa8, 0x55, 0x55, 0xff, 0x8c, 0x19, 0x19, 0xff, 0x95, 0x32, 0x32, 0xff,
    0x8c, 0x1b, 0x1b, 0xff, 0x87, 0x16, 0x16, 0xff, 0x84, 0x0d, 0x0d, 0xff,
    0x95, 0x36, 0x36, 0xff, 0x83, 0x12, 0x12, 0xff, 0x80, 0x05, 0x05, 0xff,
    0x95, 0x32, 0x32, 0xff, 0x86, 0x12, 0x12, 0xff, 0x7e, 0x00, 0x00, 0xff,
    0x7d, 0x00, 0x00, 0xff, 0x95, 0x2f, 0x2f, 0xff, 0xc0, 0x85, 0x85, 0xff,
    0xcc, 0x9e, 0x9e, 0xff, 0xbf, 0x85, 0x85, 0xff, 0xad, 0x5f, 0x5f, 0xff,
    0xc0, 0x86, 0x86, 0xff, 0xca, 0x9a, 0x9a, 0xff, 0xe1, 0xc7, 0xc7, 0xff,
    0xcb, 0x9e, 0x9e, 0xff, 0x8e, 0x28, 0x28, 0xff, 0x94, 0x34, 0x34, 0xff,
    0xa9, 0x5a, 0x5a, 0xff, 0xdf, 0xc3, 0xc3, 0xff, 0xfc, 0xfc, 0xfc, 0xff,
    0xfb, 0xfb, 0xfb, 0xff, 0xfb, 0xfc, 0xfc, 0xff, 0xfc, 0xfe, 0xfe, 0xff,
    0xe7, 0xd0, 0xd0, 0xff, 0x98, 0x38, 0x38, 0xff, 0x7f, 0x05, 0x05, 0xff,
    0x81, 0x03, 0x03, 0xff, 0x91, 0x2b, 0x2b, 0xff, 0x8c, 0x24, 0x24, 0xff,
    0x7f, 0x02, 0x02, 0xff, 0x90, 0x28, 0x28, 0xff, 0x91, 0x27, 0x27, 0xff,
    0x81, 0x05, 0x05, 0xff, 0x8b, 0x1d, 0x1d, 0xff, 0x8a, 0x1c, 0x1c, 0xff,
    0x9f, 0x48, 0x48, 0xff, 0xb2, 0x68, 0x68, 0xff, 0xae, 0x62, 0x62, 0xff,
    0x8f, 0x24, 0x24, 0xff, 0x90, 0x31, 0x31, 0xff, 0xa3, 0x63, 0x63, 0xff,
    0xb2, 0x99, 0x99, 0xff, 0xa3, 0xa1, 0xa1, 0xff, 0xaa, 0xab, 0xab, 0xff,
    0xa9, 0xaa, 0xaa, 0xff, 0xa2, 0xa1, 0xa1, 0xff, 0xb5, 0xb6, 0xb6, 0xff,
    0xd9, 0xda, 0xda, 0xff, 0xf6, 0xf6, 0xf6, 0xff, 0xfe, 0xfe, 0xfe, 0xff,
    0xff, 0xff, 0xff, 0xff, 0xff, 0xff, 0xff, 0xff, 0xff, 0xff, 0xff, 0xff,
    0xff, 0xff, 0xff, 0xff, 0xff, 0xff, 0xff, 0xff, 0xff, 0xff, 0xff, 0xff,
    0xff, 0xff, 0xff, 0xff, 0xff, 0xff, 0xff, 0xff, 0xff, 0xff, 0xff, 0xff,
    0xff, 0xff, 0xff, 0xff, 0xff, 0xff, 0xff, 0xff, 0xff, 0xff, 0xff, 0xff,
    0xff, 0xff, 0xff, 0xff, 0xff, 0xff, 0xff, 0xff, 0xff, 0xff, 0xff, 0xff,
    0xff, 0xff, 0xff, 0xff, 0xff, 0xff, 0xff, 0xff, 0xff, 0xff, 0xff, 0xff,
    0xff, 0xff, 0xff, 0xff, 0xff, 0xff, 0xff, 0xff, 0xff, 0xff, 0xff, 0xff,
    0xff, 0xff, 0xff, 0xff, 0xff, 0xff, 0xff, 0xff, 0xff, 0xff, 0xff, 0xff,
    0xff, 0xff, 0xff, 0xff, 0xff, 0xff, 0xff, 0xff, 0xff, 0xff, 0xff, 0xff,
    0xff, 0xff, 0xff, 0xff, 0xff, 0xff, 0xff, 0xff, 0xff, 0xff, 0xff, 0xff,
    0xff, 0xff, 0xff, 0xff, 0xff, 0xff, 0xff, 0xff, 0xff, 0xff, 0xff, 0xff,
    0xff, 0xff, 0xff, 0xff, 0xff, 0xff, 0xff, 0xff, 0xff, 0xff, 0xff, 0xff,
    0xff, 0xff, 0xff, 0xff, 0xff, 0xff, 0xff, 0xff, 0xff, 0xff, 0xff, 0xff,
    0xff, 0xff, 0xff, 0xff, 0xff, 0xff, 0xff, 0xff, 0xff, 0xff, 0xff, 0xff,
    0xff, 0xff, 0xff, 0xff, 0xff, 0xff, 0xff, 0xff, 0xff, 0xff, 0xff, 0xff,
    0xff, 0xff, 0xff, 0xff, 0xff, 0xff, 0xff, 0xff, 0xff, 0xff, 0xff, 0xff,
    0xff, 0xff, 0xff, 0xff, 0xff, 0xff, 0xff, 0xff, 0xff, 0xff, 0xff, 0xff,
    0xff, 0xff, 0xff, 0xff, 0xff, 0xff, 0xff, 0xff, 0xff, 0xff, 0xff, 0xff,
    0xff, 0xff, 0xff, 0xff, 0xff, 0xff, 0xff, 0xff, 0xff, 0xff, 0xff, 0xff,
    0xff, 0xff, 0xff, 0xff, 0xff, 0xff, 0xff, 0xff, 0xff, 0xff, 0xff, 0xff,
    0xff, 0xff, 0xff, 0xff, 0xff, 0xff, 0xff, 0xff, 0xff, 0xff, 0xff, 0xff,
    0xff, 0xff, 0xff, 0xff, 0xff, 0xff, 0xff, 0xff, 0xff, 0xff, 0xff, 0xff,
    0xfd, 0xf9, 0xf0, 0xff, 0xfa, 0xec, 0xcd, 0xff, 0xf7, 0xdb, 0xa4, 0xff,
    0xf2, 0xc6, 0x71, 0xff, 0xef, 0xb8, 0x48, 0xff, 0xec, 0xad, 0x27, 0xff,
    0xeb, 0xa7, 0x1b, 0xff, 0xea, 0xa2, 0x0e, 0xff, 0xe9, 0xa0, 0x07, 0xff,
    0xe9, 0xa0, 0x05, 0xff, 0xe8, 0x9e, 0x00, 0xff, 0xe8, 0x9d, 0x00, 0xff,
    0xe8, 0x9d, 0x00, 0xff, 0xe8, 0x9e, 0x00, 0xff, 0xe9, 0xa0, 0x06, 0xff,
    0xe9, 0xa1, 0x0b, 0xff, 0xea, 0xa4, 0x13, 0xff, 0xec, 0xa8, 0x1e, 0xff,
    0xec, 0xae, 0x29, 0xff, 0xf0, 0xbc, 0x54, 0xff, 0xf4, 0xce, 0x85, 0xff,
    0xf8, 0xe1, 0xb3, 0xff, 0xfb, 0xef, 0xd7, 0xff, 0xfe, 0xfb, 0xf5, 0xff,
    0xff, 0xff, 0xff, 0xff, 0xff, 0xff, 0xff, 0xff, 0xff, 0xff, 0xff, 0xff,
    0xff, 0xff, 0xff, 0xff, 0xff, 0xff, 0xff, 0xff, 0xff, 0xff, 0xff, 0xff,
    0xff, 0xff, 0xff, 0xff, 0xff, 0xff, 0xff, 0xff, 0xff, 0xff, 0xff, 0xff,
    0xff, 0xff, 0xff, 0xff, 0xff, 0xff, 0xff, 0xff, 0xff, 0xff, 0xff, 0xff,
    0xff, 0xff, 0xff, 0xff, 0xff, 0xff, 0xff, 0xff, 0xff, 0xff, 0xff, 0xff,
    0xff, 0xff, 0xff, 0xff, 0xff, 0xff, 0xff, 0xff, 0xff, 0xff, 0xff, 0xff,
    0xff, 0xff, 0xff, 0xff, 0xff, 0xff, 0xff, 0xff, 0xff, 0xff, 0xff, 0xff,
    0xff, 0xff, 0xff, 0xff, 0xff, 0xff, 0xff, 0xff, 0xff, 0xff, 0xff, 0xff,
    0xff, 0xff, 0xff, 0xff, 0xff, 0xff, 0xff, 0xff, 0xff, 0xff, 0xff, 0xff,
    0xff, 0xff, 0xff, 0xff, 0xff, 0xff, 0xff, 0xff, 0xff, 0xff, 0xff, 0xff,
    0xff, 0xff, 0xff, 0xff, 0xff, 0xff, 0xff, 0xff, 0xff, 0xff, 0xff, 0xff,
    0xff, 0xff, 0xff, 0xff, 0xff, 0xff, 0xff, 0xff, 0xff, 0xff, 0xff, 0xff,
    0xff, 0xff, 0xff, 0xff, 0xff, 0xff, 0xff, 0xff, 0xff, 0xff, 0xff, 0xff,
    0xff, 0xff, 0xff, 0xff, 0xff, 0xff, 0xff, 0xff, 0xff, 0xff, 0xff, 0xff,
    0xff, 0xff, 0xff, 0xff, 0xff, 0xff, 0xff, 0xff, 0xff, 0xff, 0xff, 0xff,
    0xff, 0xff, 0xff, 0xff, 0xff, 0xff, 0xff, 0xff, 0xff, 0xff, 0xff, 0xff,
    0xff, 0xff, 0xff, 0xff, 0xff, 0xff, 0xff, 0xff, 0xff, 0xff, 0xff, 0xff,
    0xff, 0xff, 0xff, 0xff, 0xff, 0xff, 0xff, 0xff, 0xff, 0xff, 0xff, 0xff,
    0xff, 0xff, 0xff, 0xff, 0xff, 0xff, 0xff, 0xff, 0xff, 0xff, 0xff, 0xff,
    0xff, 0xff, 0xff, 0xff, 0xff, 0xff, 0xff, 0xff, 0xff, 0xff, 0xff, 0xff,
    0xff, 0xff, 0xff, 0xff, 0xff, 0xff, 0xff, 0xff, 0xff, 0xff, 0xff, 0xff,
    0xff, 0xff, 0xff, 0xff, 0xff, 0xff, 0xff, 0xff, 0xff, 0xff, 0xff, 0xff,
    0xff, 0xff, 0xff, 0xff, 0xff, 0xff, 0xff, 0xff, 0xff, 0xff, 0xff, 0xff,
    0xff, 0xff, 0xff, 0xff, 0xff, 0xff, 0xff, 0xff, 0xff, 0xff, 0xff, 0xff,
    0xff, 0xff, 0xff, 0xff, 0xff, 0xff, 0xff, 0xff, 0xff, 0xff, 0xff, 0xff,
    0xff, 0xff, 0xff, 0xff, 0xff, 0xff, 0xff, 0xff, 0xff, 0xff, 0xff, 0xff,
    0xff, 0xff, 0xff, 0xff, 0xff, 0xff, 0xff, 0xff, 0xff, 0xff, 0xff, 0xff,
    0xff, 0xff, 0xff, 0xff, 0xff, 0xff, 0xff, 0xff, 0xff, 0xff, 0xff, 0xff,
    0xff, 0xff, 0xff, 0xff, 0xff, 0xff, 0xff, 0xff, 0xff, 0xff, 0xff, 0xff,
    0xff, 0xff, 0xff, 0xff, 0xff, 0xff, 0xff, 0xff, 0xff, 0xff, 0xff, 0xff,
    0xff, 0xff, 0xff, 0xff, 0xff, 0xff, 0xff, 0xff, 0xff, 0xff, 0xff, 0xff,
    0xff, 0xff, 0xff, 0xff, 0xff, 0xff, 0xff, 0xff, 0xff, 0xff, 0xff, 0xff,
    0xff, 0xff, 0xff, 0xff, 0xff, 0xff, 0xff, 0xff, 0xff, 0xff, 0xff, 0xff,
    0xff, 0xff, 0xff, 0xff, 0xff, 0xff, 0xff, 0xff, 0xff, 0xff, 0xff, 0xff,
    0xff, 0xff, 0xff, 0xff, 0xff, 0xff, 0xff, 0xff, 0xff, 0xff, 0xff, 0xff,
    0xff, 0xff, 0xff, 0xff, 0xff, 0xff, 0xff, 0xff, 0xff, 0xff, 0xff, 0xff,
    0xff, 0xff, 0xff, 0xff, 0xff, 0xff, 0xff, 0xff, 0xff, 0xff, 0xff, 0xff,
    0xff, 0xff, 0xff, 0xff, 0xff, 0xff, 0xff, 0xff, 0xff, 0xff, 0xff, 0xff,
    0xff, 0xff, 0xff, 0xff, 0xff, 0xff, 0xff, 0xff, 0xff, 0xff, 0xff, 0xff,
    0xff, 0xff, 0xff, 0xff, 0xfc, 0xfc, 0xfc, 0xff, 0xde, 0xde, 0xde, 0xff,
    0xc1, 0xc1, 0xc1, 0xff, 0xa4, 0xa5, 0xa5, 0xff, 0x8e, 0x8e, 0x8e, 0xff,
    0xa8, 0xa7, 0xa7, 0xff, 0xc8, 0xc8, 0xc8, 0xff, 0xde, 0xde, 0xde, 0xff,
    0xf0, 0xee, 0xee, 0xff, 0xf8, 0xf1, 0xf1, 0xff, 0xeb, 0xd7, 0xd7, 0xff,
    0xe2, 0xc5, 0xc5, 0xff, 0xeb, 0xda, 0xda, 0xff, 0xc5, 0x90, 0x90, 0xff,
    0xa2, 0x4d, 0x4d, 0xff, 0xa0, 0x48, 0x48, 0xff, 0x95, 0x2b, 0x2b, 0xff,
    0x89, 0x1b, 0x1b, 0xff, 0xa0, 0x49, 0x49, 0xff, 0x92, 0x30, 0x30, 0xff,
    0x99, 0x3f, 0x3f, 0xff, 0xb3, 0x70, 0x70, 0xff, 0xbf, 0x86, 0x86, 0xff,
    0xb3, 0x6c, 0x6c, 0xff, 0xab, 0x61, 0x61, 0xff, 0x92, 0x30, 0x30, 0xff,
    0x9c, 0x3e, 0x3e, 0xff, 0xa0, 0x46, 0x46, 0xff, 0xbf, 0x80, 0x80, 0xff,
    0xee, 0xdf, 0xdf, 0xff, 0xf0, 0xe4, 0xe4, 0xff, 0xda, 0xb9, 0xb9, 0xff,
    0xb6, 0x74, 0x74, 0xff, 0xd3, 0xac, 0xac, 0xff, 0xc1, 0x89, 0x89, 0xff,
    0xe5, 0xcf, 0xcf, 0xff, 0xde, 0xbf, 0xbf, 0xff, 0xd8, 0xb6, 0xb6, 0xff,
    0xa9, 0x5b, 0x5b, 0xff, 0x7d, 0x01, 0x01, 0xff, 0x97, 0x36, 0x36, 0xff,
    0xe1, 0xc7, 0xc7, 0xff, 0xfb, 0xfa, 0xfa, 0xff, 0xfb, 0xfb, 0xfb, 0xff,
    0xfb, 0xfb, 0xfb, 0xff, 0xfa, 0xf8, 0xf8, 0xff, 0xcf, 0xa4, 0xa4, 0xff,
    0x8e, 0x21, 0x21, 0xff, 0x7e, 0x00, 0x00, 0xff, 0x87, 0x15, 0x15, 0xff,
    0x8a, 0x1e, 0x1e, 0xff, 0x83, 0x0c, 0x0c, 0xff, 0x81, 0x08, 0x08, 0xff,
    0x7e, 0x00, 0x00, 0xff, 0x81, 0x05, 0x05, 0xff, 0xb9, 0x79, 0x79, 0xff,
    0xc8, 0x94, 0x94, 0xff, 0x9d, 0x43, 0x43, 0xff, 0x95, 0x37, 0x37, 0xff,
    0xa1, 0x4c, 0x4c, 0xff, 0xa3, 0x4f, 0x4f, 0xff, 0x96, 0x35, 0x35, 0xff,
    0xb0, 0x67, 0x67, 0xff, 0xd7, 0xb2, 0xb2, 0xff, 0xf8, 0xf1, 0xf1, 0xff,
    0xf7, 0xf6, 0xf6, 0xff, 0xe3, 0xdf, 0xdf, 0xff, 0xd0, 0xc9, 0xc9, 0xff,
    0xb9, 0xb4, 0xb4, 0xff, 0x94, 0x93, 0x93, 0xff, 0x97, 0x98, 0x98, 0xff,
    0xb5, 0xb5, 0xb5, 0xff, 0xcf, 0xcf, 0xcf, 0xff, 0xee, 0xee, 0xee, 0xff,
    0xff, 0xff, 0xff, 0xff, 0xff, 0xff, 0xff, 0xff, 0xff, 0xff, 0xff, 0xff,
    0xff, 0xff, 0xff, 0xff, 0xff, 0xff, 0xff, 0xff, 0xff, 0xff, 0xff, 0xff,
    0xff, 0xff, 0xff, 0xff, 0xff, 0xff, 0xff, 0xff, 0xff, 0xff, 0xff, 0xff,
    0xff, 0xff, 0xff, 0xff, 0xff, 0xff, 0xff, 0xff, 0xff, 0xff, 0xff, 0xff,
    0xff, 0xff, 0xff, 0xff, 0xff, 0xff, 0xff, 0xff, 0xff, 0xff, 0xff, 0xff,
    0xff, 0xff, 0xff, 0xff, 0xff, 0xff, 0xff, 0xff, 0xff, 0xff, 0xff, 0xff,
    0xff, 0xff, 0xff, 0xff, 0xff, 0xff, 0xff, 0xff, 0xff, 0xff, 0xff, 0xff,
    0xff, 0xff, 0xff, 0xff, 0xff, 0xff, 0xff, 0xff, 0xff, 0xff, 0xff, 0xff,
    0xff, 0xff, 0xff, 0xff, 0xff, 0xff, 0xff, 0xff, 0xff, 0xff, 0xff, 0xff,
    0xff, 0xff, 0xff, 0xff, 0xff, 0xff, 0xff, 0xff, 0xff, 0xff, 0xff, 0xff,
    0xff, 0xff, 0xff, 0xff, 0xff, 0xff, 0xff, 0xff, 0xff, 0xff, 0xff, 0xff,
    0xff, 0xff, 0xff, 0xff, 0xff, 0xff, 0xff, 0xff, 0xff, 0xff, 0xff, 0xff,
    0xff, 0xff, 0xff, 0xff, 0xff, 0xff, 0xff, 0xff, 0xff, 0xff, 0xff, 0xff,
    0xff, 0xff, 0xff, 0xff, 0xff, 0xff, 0xff, 0xff, 0xff, 0xff, 0xff, 0xff,
    0xff, 0xff, 0xff, 0xff, 0xff, 0xff, 0xff, 0xff, 0xff, 0xff, 0xff, 0xff,
    0xff, 0xff, 0xff, 0xff, 0xff, 0xff, 0xff, 0xff, 0xff, 0xff, 0xff, 0xff,
    0xff, 0xff, 0xff, 0xff, 0xff, 0xff, 0xff, 0xff, 0xff, 0xff, 0xff, 0xff,
    0xff, 0xff, 0xff, 0xff, 0xff, 0xff, 0xff, 0xff, 0xff, 0xff, 0xff, 0xff,
    0xff, 0xff, 0xff, 0xff, 0xff, 0xff, 0xff, 0xff, 0xff, 0xff, 0xff, 0xff,
    0xff, 0xff, 0xff, 0xff, 0xff, 0xff, 0xff, 0xff, 0xff, 0xff, 0xff, 0xff,
    0xff, 0xff, 0xff, 0xff, 0xfe, 0xfd, 0xfa, 0xff, 0xfb, 0xed, 0xd4, 0xff,
    0xf4, 0xd1, 0x89, 0xff, 0xf0, 0xbb, 0x52, 0xff, 0xeb, 0xa6, 0x18, 0xff,
    0xe9, 0x9f, 0x01, 0xff, 0xe8, 0x9e, 0x00, 0xff, 0xe8, 0x9e, 0x00, 0xff,
    0xe8, 0x9e, 0x00, 0xff, 0xe8, 0x9f, 0x00, 0xff, 0xe8, 0x9f, 0x00, 0xff,
    0xe8, 0x9f, 0x00, 0xff, 0xe8, 0x9f, 0x00, 0xff, 0xe8, 0x9f, 0x00, 0xff,
    0xe8, 0x9f, 0x00, 0xff, 0xe8, 0x9f, 0x00, 0xff, 0xe8, 0x9f, 0x00, 0xff,
    0xe8, 0x9f, 0x00, 0xff, 0xe8, 0x9f, 0x00, 0xff, 0xe8, 0x9f, 0x00, 0xff,
    0xe8, 0x9f, 0x00, 0xff, 0xe8, 0x9e, 0x00, 0xff, 0xe8, 0x9e, 0x00, 0xff,
    0xe9, 0x9e, 0x00, 0xff, 0xe9, 0x9f, 0x02, 0xff, 0xec, 0xac, 0x26, 0xff,
    0xf0, 0xbf, 0x5a, 0xff, 0xf6, 0xd9, 0x9d, 0xff, 0xfc, 0xf4, 0xe3, 0xff,
    0xfe, 0xfe, 0xfc, 0xff, 0xff, 0xff, 0xff, 0xff, 0xff, 0xff, 0xff, 0xff,
    0xff, 0xff, 0xff, 0xff, 0xff, 0xff, 0xff, 0xff, 0xff, 0xff, 0xff, 0xff,
    0xff, 0xff, 0xff, 0xff, 0xff, 0xff, 0xff, 0xff, 0xff, 0xff, 0xff, 0xff,
    0xff, 0xff, 0xff, 0xff, 0xff, 0xff, 0xff, 0xff, 0xff, 0xff, 0xff, 0xff,
    0xff, 0xff, 0xff, 0xff, 0xff, 0xff, 0xff, 0xff, 0xff, 0xff, 0xff, 0xff,
    0xff, 0xff, 0xff, 0xff, 0xff, 0xff, 0xff, 0xff, 0xff, 0xff, 0xff, 0xff,
    0xff, 0xff, 0xff, 0xff, 0xff, 0xff, 0xff, 0xff, 0xff, 0xff, 0xff, 0xff,
    0xff, 0xff, 0xff, 0xff, 0xff, 0xff, 0xff, 0xff, 0xff, 0xff, 0xff, 0xff,
    0xff, 0xff, 0xff, 0xff, 0xff, 0xff, 0xff, 0xff, 0xff, 0xff, 0xff, 0xff,
    0xff, 0xff, 0xff, 0xff, 0xff, 0xff, 0xff, 0xff, 0xff, 0xff, 0xff, 0xff,
    0xff, 0xff, 0xff, 0xff, 0xff, 0xff, 0xff, 0xff, 0xff, 0xff, 0xff, 0xff,
    0xff, 0xff, 0xff, 0xff, 0xff, 0xff, 0xff, 0xff, 0xff, 0xff, 0xff, 0xff,
    0xff, 0xff, 0xff, 0xff, 0xff, 0xff, 0xff, 0xff, 0xff, 0xff, 0xff, 0xff,
    0xff, 0xff, 0xff, 0xff, 0xff, 0xff, 0xff, 0xff, 0xff, 0xff, 0xff, 0xff,
    0xff, 0xff, 0xff, 0xff, 0xff, 0xff, 0xff, 0xff, 0xff, 0xff, 0xff, 0xff,
    0xff, 0xff, 0xff, 0xff, 0xff, 0xff, 0xff, 0xff, 0xff, 0xff, 0xff, 0xff,
    0xff, 0xff, 0xff, 0xff, 0xff, 0xff, 0xff, 0xff, 0xff, 0xff, 0xff, 0xff,
    0xff, 0xff, 0xff, 0xff, 0xff, 0xff, 0xff, 0xff, 0xff, 0xff, 0xff, 0xff,
    0xff, 0xff, 0xff, 0xff, 0xff, 0xff, 0xff, 0xff, 0xff, 0xff, 0xff, 0xff,
    0xff, 0xff, 0xff, 0xff, 0xff, 0xff, 0xff, 0xff, 0xff, 0xff, 0xff, 0xff,
    0xff, 0xff, 0xff, 0xff, 0xff, 0xff, 0xff, 0xff, 0xff, 0xff, 0xff, 0xff,
    0xff, 0xff, 0xff, 0xff, 0xff, 0xff, 0xff, 0xff, 0xff, 0xff, 0xff, 0xff,
    0xff, 0xff, 0xff, 0xff, 0xff, 0xff, 0xff, 0xff, 0xff, 0xff, 0xff, 0xff,
    0xff, 0xff, 0xff, 0xff, 0xff, 0xff, 0xff, 0xff, 0xff, 0xff, 0xff, 0xff,
    0xff, 0xff, 0xff, 0xff, 0xff, 0xff, 0xff, 0xff, 0xff, 0xff, 0xff, 0xff,
    0xff, 0xff, 0xff, 0xff, 0xff, 0xff, 0xff, 0xff, 0xff, 0xff, 0xff, 0xff,
    0xff, 0xff, 0xff, 0xff, 0xff, 0xff, 0xff, 0xff, 0xff, 0xff, 0xff, 0xff,
    0xff, 0xff, 0xff, 0xff, 0xff, 0xff, 0xff, 0xff, 0xff, 0xff, 0xff, 0xff,
    0xff, 0xff, 0xff, 0xff, 0xff, 0xff, 0xff, 0xff, 0xff, 0xff, 0xff, 0xff,
    0xff, 0xff, 0xff, 0xff, 0xff, 0xff, 0xff, 0xff, 0xff, 0xff, 0xff, 0xff,
    0xff, 0xff, 0xff, 0xff, 0xff, 0xff, 0xff, 0xff, 0xff, 0xff, 0xff, 0xff,
    0xff, 0xff, 0xff, 0xff, 0xff, 0xff, 0xff, 0xff, 0xff, 0xff, 0xff, 0xff,
    0xff, 0xff, 0xff, 0xff, 0xff, 0xff, 0xff, 0xff, 0xff, 0xff, 0xff, 0xff,
    0xff, 0xff, 0xff, 0xff, 0xff, 0xff, 0xff, 0xff, 0xff, 0xff, 0xff, 0xff,
    0xff, 0xff, 0xff, 0xff, 0xff, 0xff, 0xff, 0xff, 0xff, 0xff, 0xff, 0xff,
    0xff, 0xff, 0xff, 0xff, 0xff, 0xff, 0xff, 0xff, 0xff, 0xff, 0xff, 0xff,
    0xff, 0xff, 0xff, 0xff, 0xff, 0xff, 0xff, 0xff, 0xff, 0xff, 0xff, 0xff,
    0xff, 0xff, 0xff, 0xff, 0xff, 0xff, 0xff, 0xff, 0xf9, 0xf9, 0xf9, 0xff,
    0xe2, 0xe2, 0xe2, 0xff, 0xb4, 0xb4, 0xb4, 0xff, 0x9c, 0x9c, 0x9c, 0xff,
    0x9d, 0x9d, 0x9d, 0xff, 0xab, 0xab, 0xab, 0xff, 0xd4, 0xd4, 0xd4, 0xff,
    0xf1, 0xf1, 0xf1, 0xff, 0xfb, 0xfb, 0xfb, 0xff, 0xfe, 0xfe, 0xfe, 0xff,
    0xfd, 0xfd, 0xfd, 0xff, 0xfc, 0xfc, 0xfc, 0xff, 0xfb, 0xfc, 0xfc, 0xff,
    0xfc, 0xfd, 0xfd, 0xff, 0xfc, 0xfe, 0xfe, 0xff, 0xfc, 0xfd, 0xfd, 0xff,
    0xf9, 0xf7, 0xf7, 0xff, 0xf2, 0xe6, 0xe6, 0xff, 0xf5, 0xed, 0xed, 0xff,
    0xe6, 0xcf, 0xcf, 0xff, 0x99, 0x3c, 0x3c, 0xff, 0x96, 0x37, 0x37, 0xff,
    0xd0, 0xa7, 0xa7, 0xff, 0xf5, 0xee, 0xee, 0xff, 0xfc, 0xfc, 0xfc, 0xff,
    0xfc, 0xfc, 0xfc, 0xff, 0xfc, 0xfb, 0xfb, 0xff, 0xf3, 0xec, 0xec, 0xff,
    0xe0, 0xc5, 0xc5, 0xff, 0xf2, 0xe8, 0xe8, 0xff, 0xec, 0xdc, 0xdc, 0xff,
    0xf0, 0xe3, 0xe3, 0xff, 0xed, 0xde, 0xde, 0xff, 0xf0, 0xe3, 0xe3, 0xff,
    0xe9, 0xd7, 0xd7, 0xff, 0xdf, 0xc3, 0xc3, 0xff, 0xf1, 0xe6, 0xe6, 0xff,
    0xe2, 0xc8, 0xc8, 0xff, 0xcd, 0xa1, 0xa1, 0xff, 0x9a, 0x3b, 0x3b, 0xff,
    0xd5, 0xb0, 0xb0, 0xff, 0xef, 0xe2, 0xe2, 0xff, 0xb8, 0x71, 0x71, 0xff,
    0x9c, 0x3f, 0x3f, 0xff, 0xb1, 0x6d, 0x6d, 0xff, 0xf9, 0xf6, 0xf6, 0xff,
    0xfb, 0xfc, 0xfc, 0xff, 0xfa, 0xf9, 0xf9, 0xff, 0xe5, 0xcf, 0xcf, 0xff,
    0xac, 0x5f, 0x5f, 0xff, 0x88, 0x16, 0x16, 0xff, 0x8d, 0x1f, 0x1f, 0xff,
    0x8f, 0x23, 0x23, 0xff, 0x83, 0x09, 0x09, 0xff, 0x89, 0x1b, 0x1b, 0xff,
    0x9e, 0x44, 0x44, 0xff, 0x85, 0x0e, 0x0e, 0xff, 0x80, 0x04, 0x04, 0xff,
    0xca, 0x9a, 0x9a, 0xff, 0xfd, 0xfd, 0xfd, 0xff, 0xf7, 0xf1, 0xf1, 0xff,
    0xea, 0xd9, 0xd9, 0xff, 0xd5, 0xb0, 0xb0, 0xff, 0xba, 0x7d, 0x7d, 0xff,
    0xad, 0x5f, 0x5f, 0xff, 0xd9, 0xb6, 0xb6, 0xff, 0xef, 0xe3, 0xe3, 0xff,
    0xf8, 0xf5, 0xf5, 0xff, 0xf9, 0xf7, 0xf7, 0xff, 0xf3, 0xe9, 0xe9, 0xff,
    0xed, 0xdb, 0xdb, 0xff, 0xf4, 0xec, 0xec, 0xff, 0xf1, 0xe9, 0xe9, 0xff,
    0xdf, 0xd6, 0xd6, 0xff, 0xb6, 0xaf, 0xaf, 0xff, 0xa1, 0xa0, 0xa0, 0xff,
    0x9d, 0x9c, 0x9c, 0xff, 0xa1, 0xa2, 0xa2, 0xff, 0xcc, 0xcc, 0xcc, 0xff,
    0xf0, 0xf0, 0xf0, 0xff, 0xfe, 0xfe, 0xfe, 0xff, 0xff, 0xff, 0xff, 0xff,
    0xff, 0xff, 0xff, 0xff, 0xff, 0xff, 0xff, 0xff, 0xff, 0xff, 0xff, 0xff,
    0xff, 0xff, 0xff, 0xff, 0xff, 0xff, 0xff, 0xff, 0xff, 0xff, 0xff, 0xff,
    0xff, 0xff, 0xff, 0xff, 0xff, 0xff, 0xff, 0xff, 0xff, 0xff, 0xff, 0xff,
    0xff, 0xff, 0xff, 0xff, 0xff, 0xff, 0xff, 0xff, 0xff, 0xff, 0xff, 0xff,
    0xff, 0xff, 0xff, 0xff, 0xff, 0xff, 0xff, 0xff, 0xff, 0xff, 0xff, 0xff,
    0xff, 0xff, 0xff, 0xff, 0xff, 0xff, 0xff, 0xff, 0xff, 0xff, 0xff, 0xff,
    0xff, 0xff, 0xff, 0xff, 0xff, 0xff, 0xff, 0xff, 0xff, 0xff, 0xff, 0xff,
    0xff, 0xff, 0xff, 0xff, 0xff, 0xff, 0xff, 0xff, 0xff, 0xff, 0xff, 0xff,
    0xff, 0xff, 0xff, 0xff, 0xff, 0xff, 0xff, 0xff, 0xff, 0xff, 0xff, 0xff,
    0xff, 0xff, 0xff, 0xff, 0xff, 0xff, 0xff, 0xff, 0xff, 0xff, 0xff, 0xff,
    0xff, 0xff, 0xff, 0xff, 0xff, 0xff, 0xff, 0xff, 0xff, 0xff, 0xff, 0xff,
    0xff, 0xff, 0xff, 0xff, 0xff, 0xff, 0xff, 0xff, 0xff, 0xff, 0xff, 0xff,
    0xff, 0xff, 0xff, 0xff, 0xff, 0xff, 0xff, 0xff, 0xff, 0xff, 0xff, 0xff,
    0xff, 0xff, 0xff, 0xff, 0xff, 0xff, 0xff, 0xff, 0xff, 0xff, 0xff, 0xff,
    0xff, 0xff, 0xff, 0xff, 0xff, 0xff, 0xff, 0xff, 0xff, 0xff, 0xff, 0xff,
    0xff, 0xff, 0xff, 0xff, 0xff, 0xff, 0xff, 0xff, 0xff, 0xff, 0xff, 0xff,
    0xff, 0xff, 0xff, 0xff, 0xff, 0xff, 0xff, 0xff, 0xff, 0xff, 0xff, 0xff,
    0xff, 0xff, 0xff, 0xff, 0xff, 0xff, 0xff, 0xff, 0xff, 0xff, 0xff, 0xff,
    0xfd, 0xf8, 0xf0, 0xff, 0xf8, 0xe2, 0xb6, 0xff, 0xf2, 0xc3, 0x69, 0xff,
    0xec, 0xaa, 0x25, 0xff, 0xe9, 0x9f, 0x03, 0xff, 0xe8, 0x9d, 0x00, 0xff,
    0xe8, 0x9f, 0x00, 0xff, 0xe8, 0xa0, 0x00, 0xff, 0xe8, 0x9f, 0x00, 0xff,
    0xe8, 0x9f, 0x00, 0xff, 0xe8, 0x9e, 0x00, 0xff, 0xe8, 0x9e, 0x00, 0xff,
    0xe8, 0x9e, 0x00, 0xff, 0xe9, 0xa0, 0x01, 0xff, 0xe9, 0xa2, 0x0c, 0xff,
    0xea, 0xa2, 0x0f, 0xff, 0xea, 0xa4, 0x15, 0xff, 0xea, 0xa4, 0x15, 0xff,
    0xea, 0xa2, 0x0f, 0xff, 0xe9, 0xa0, 0x04, 0xff, 0xe8, 0x9e, 0x00, 0xff,
    0xe8, 0x9d, 0x00, 0xff, 0xe9, 0x9e, 0x00, 0xff, 0xe8, 0x9e, 0x00, 0xff,
    0xe8, 0x9f, 0x00, 0xff, 0xe8, 0x9f, 0x00, 0xff, 0xe8, 0xa0, 0x00, 0xff,
    0xe8, 0x9f, 0x00, 0xff, 0xe8, 0x9d, 0x00, 0xff, 0xe9, 0xa2, 0x0a, 0xff,
    0xec, 0xae, 0x2f, 0xff, 0xf3, 0xca, 0x7b, 0xff, 0xf9, 0xe7, 0xc1, 0xff,
    0xfe, 0xfb, 0xf6, 0xff, 0xff, 0xff, 0xff, 0xff, 0xff, 0xff, 0xff, 0xff,
    0xff, 0xff, 0xff, 0xff, 0xff, 0xff, 0xff, 0xff, 0xff, 0xff, 0xff, 0xff,
    0xff, 0xff, 0xff, 0xff, 0xff, 0xff, 0xff, 0xff, 0xff, 0xff, 0xff, 0xff,
    0xff, 0xff, 0xff, 0xff, 0xff, 0xff, 0xff, 0xff, 0xff, 0xff, 0xff, 0xff,
    0xff, 0xff, 0xff, 0xff, 0xff, 0xff, 0xff, 0xff, 0xff, 0xff, 0xff, 0xff,
    0xff, 0xff, 0xff, 0xff, 0xff, 0xff, 0xff, 0xff, 0xff, 0xff, 0xff, 0xff,
    0xff, 0xff, 0xff, 0xff, 0xff, 0xff, 0xff, 0xff, 0xff, 0xff, 0xff, 0xff,
    0xff, 0xff, 0xff, 0xff, 0xff, 0xff, 0xff, 0xff, 0xff, 0xff, 0xff, 0xff,
    0xff, 0xff, 0xff, 0xff, 0xff, 0xff, 0xff, 0xff, 0xff, 0xff, 0xff, 0xff,
    0xff, 0xff, 0xff, 0xff, 0xff, 0xff, 0xff, 0xff, 0xff, 0xff, 0xff, 0xff,
    0xff, 0xff, 0xff, 0xff, 0xff, 0xff, 0xff, 0xff, 0xff, 0xff, 0xff, 0xff,
    0xff, 0xff, 0xff, 0xff, 0xff, 0xff, 0xff, 0xff, 0xff, 0xff, 0xff, 0xff,
    0xff, 0xff, 0xff, 0xff, 0xff, 0xff, 0xff, 0xff, 0xff, 0xff, 0xff, 0xff,
    0xff, 0xff, 0xff, 0xff, 0xff, 0xff, 0xff, 0xff, 0xff, 0xff, 0xff, 0xff,
    0xff, 0xff, 0xff, 0xff, 0xff, 0xff, 0xff, 0xff, 0xff, 0xff, 0xff, 0xff,
    0xff, 0xff, 0xff, 0xff, 0xff, 0xff, 0xff, 0xff, 0xff, 0xff, 0xff, 0xff,
    0xff, 0xff, 0xff, 0xff, 0xff, 0xff, 0xff, 0xff, 0xff, 0xff, 0xff, 0xff,
    0xff, 0xff, 0xff, 0xff, 0xff, 0xff, 0xff, 0xff, 0xff, 0xff, 0xff, 0xff,
    0xff, 0xff, 0xff, 0xff, 0xff, 0xff, 0xff, 0xff, 0xff, 0xff, 0xff, 0xff,
    0xff, 0xff, 0xff, 0xff, 0xff, 0xff, 0xff, 0xff, 0xff, 0xff, 0xff, 0xff,
    0xff, 0xff, 0xff, 0xff, 0xff, 0xff, 0xff, 0xff, 0xff, 0xff, 0xff, 0xff,
    0xff, 0xff, 0xff, 0xff, 0xff, 0xff, 0xff, 0xff, 0xff, 0xff, 0xff, 0xff,
    0xff, 0xff, 0xff, 0xff, 0xff, 0xff, 0xff, 0xff, 0xff, 0xff, 0xff, 0xff,
    0xff, 0xff, 0xff, 0xff, 0xff, 0xff, 0xff, 0xff, 0xff, 0xff, 0xff, 0xff,
    0xff, 0xff, 0xff, 0xff, 0xff, 0xff, 0xff, 0xff, 0xff, 0xff, 0xff, 0xff,
    0xff, 0xff, 0xff, 0xff, 0xff, 0xff, 0xff, 0xff, 0xff, 0xff, 0xff, 0xff,
    0xff, 0xff, 0xff, 0xff, 0xff, 0xff, 0xff, 0xff, 0xff, 0xff, 0xff, 0xff,
    0xff, 0xff, 0xff, 0xff, 0xff, 0xff, 0xff, 0xff, 0xff, 0xff, 0xff, 0xff,
    0xff, 0xff, 0xff, 0xff, 0xff, 0xff, 0xff, 0xff, 0xff, 0xff, 0xff, 0xff,
    0xff, 0xff, 0xff, 0xff, 0xff, 0xff, 0xff, 0xff, 0xff, 0xff, 0xff, 0xff,
    0xff, 0xff, 0xff, 0xff, 0xff, 0xff, 0xff, 0xff, 0xff, 0xff, 0xff, 0xff,
    0xff, 0xff, 0xff, 0xff, 0xff, 0xff, 0xff, 0xff, 0xff, 0xff, 0xff, 0xff,
    0xff, 0xff, 0xff, 0xff, 0xff, 0xff, 0xff, 0xff, 0xff, 0xff, 0xff, 0xff,
    0xff, 0xff, 0xff, 0xff, 0xff, 0xff, 0xff, 0xff, 0xff, 0xff, 0xff, 0xff,
    0xff, 0xff, 0xff, 0xff, 0xff, 0xff, 0xff, 0xff, 0xff, 0xff, 0xff, 0xff,
    0xff, 0xff, 0xff, 0xff, 0xff, 0xff, 0xff, 0xff, 0xff, 0xff, 0xff, 0xff,
    0xff, 0xff, 0xff, 0xff, 0xe9, 0xe9, 0xe9, 0xff, 0xbf, 0xbf, 0xbf, 0xff,
    0xa4, 0xa4, 0xa4, 0xff, 0x92, 0x92, 0x92, 0xff, 0xbc, 0xbc, 0xbc, 0xff,
    0xdc, 0xdc, 0xdc, 0xff, 0xf2, 0xf0, 0xf0, 0xff, 0xfd, 0xfa, 0xfa, 0xff,
    0xfd, 0xfd, 0xfd, 0xff, 0xfb, 0xfb, 0xfb, 0xff, 0xfa, 0xfb, 0xfb, 0xff,
    0xfb, 0xfc, 0xfc, 0xff, 0xfc, 0xfd, 0xfd, 0xff, 0xfb, 0xfc, 0xfc, 0xff,
    0xfb, 0xfb, 0xfb, 0xff, 0xfc, 0xfd, 0xfd, 0xff, 0xfc, 0xfc, 0xfc, 0xff,
    0xfa, 0xfa, 0xfa, 0xff, 0xf1, 0xe8, 0xe8, 0xff, 0xc5, 0x90, 0x90, 0xff,
    0xc6, 0x91, 0x91, 0xff, 0xbc, 0x81, 0x81, 0xff, 0xc4, 0x8d, 0x8d, 0xff,
    0xe9, 0xd7, 0xd7, 0xff, 0xf8, 0xf5, 0xf5, 0xff, 0xfc, 0xfd, 0xfd, 0xff,
    0xfa, 0xfb, 0xfb, 0xff, 0xfa, 0xfa, 0xfa, 0xff, 0xfa, 0xfa, 0xfa, 0xff,
    0xfb, 0xfb, 0xfb, 0xff, 0xf6, 0xf1, 0xf1, 0xff, 0xf5, 0xed, 0xed, 0xff,
    0xed, 0xde, 0xde, 0xff, 0xf5, 0xee, 0xee, 0xff, 0xf8, 0xf5, 0xf5, 0xff,
    0xfa, 0xfa, 0xfa, 0xff, 0xfc, 0xfc, 0xfc, 0xff, 0xfd, 0xfd, 0xfd, 0xff,
    0xee, 0xe0, 0xe0, 0xff, 0xd0, 0xa5, 0xa5, 0xff, 0xb5, 0x72, 0x72, 0xff,
    0x98, 0x3a, 0x3a, 0xff, 0xc9, 0x96, 0x96, 0xff, 0xed, 0xde, 0xde, 0xff,
    0xc0, 0x86, 0x86, 0xff, 0x9a, 0x3a, 0x3a, 0xff, 0x8b, 0x21, 0x21, 0xff,
    0xd7, 0xb4, 0xb4, 0xff, 0xfe, 0xfe, 0xfe, 0xff, 0xe6, 0xd1, 0xd1, 0xff,
    0x96, 0x32, 0x32, 0xff, 0x80, 0x0b, 0x0b, 0xff, 0x8e, 0x26, 0x26, 0xff,
    0xa9, 0x58, 0x58, 0xff, 0xcc, 0x9c, 0x9c, 0xff, 0xa5, 0x50, 0x50, 0xff,
    0x7e, 0x00, 0x00, 0xff, 0x88, 0x16, 0x16, 0xff, 0x84, 0x0e, 0x0e, 0xff,
    0x82, 0x0f, 0x0f, 0xff, 0x99, 0x3e, 0x3e, 0xff, 0xef, 0xe4, 0xe4, 0xff,
    0xfb, 0xfa, 0xfa, 0xff, 0xd0, 0xa6, 0xa6, 0xff, 0xeb, 0xda, 0xda, 0xff,
    0xe6, 0xce, 0xce, 0xff, 0xdb, 0xb8, 0xb8, 0xff, 0xf5, 0xed, 0xed, 0xff,
    0xfb, 0xfb, 0xfb, 0xff, 0xfb, 0xfb, 0xfb, 0xff, 0xfb, 0xfb, 0xfb, 0xff,
    0xfa, 0xfa, 0xfa, 0xff, 0xf7, 0xf3, 0xf3, 0xff, 0xfa, 0xfa, 0xfa, 0xff,
    0xfa, 0xf8, 0xf8, 0xff, 0xf8, 0xf5, 0xf5, 0xff, 0xf7, 0xef, 0xef, 0xff,
    0xf2, 0xe9, 0xe9, 0xff, 0xde, 0xd4, 0xd4, 0xff, 0xcb, 0xc4, 0xc4, 0xff,
    0xa5, 0xa5, 0xa5, 0xff, 0x92, 0x92, 0x92, 0xff, 0xb1, 0xb1, 0xb1, 0xff,
    0xd0, 0xd0, 0xd0, 0xff, 0xf8, 0xf8, 0xf8, 0xff, 0xff, 0xff, 0xff, 0xff,
    0xff, 0xff, 0xff, 0xff, 0xff, 0xff, 0xff, 0xff, 0xff, 0xff, 0xff, 0xff,
    0xff, 0xff, 0xff, 0xff, 0xff, 0xff, 0xff, 0xff, 0xff, 0xff, 0xff, 0xff,
    0xff, 0xff, 0xff, 0xff, 0xff, 0xff, 0xff, 0xff, 0xff, 0xff, 0xff, 0xff,
    0xff, 0xff, 0xff, 0xff, 0xff, 0xff, 0xff, 0xff, 0xff, 0xff, 0xff, 0xff,
    0xff, 0xff, 0xff, 0xff, 0xff, 0xff, 0xff, 0xff, 0xff, 0xff, 0xff, 0xff,
    0xff, 0xff, 0xff, 0xff, 0xff, 0xff, 0xff, 0xff, 0xff, 0xff, 0xff, 0xff,
    0xff, 0xff, 0xff, 0xff, 0xff, 0xff, 0xff, 0xff, 0xff, 0xff, 0xff, 0xff,
    0xff, 0xff, 0xff, 0xff, 0xff, 0xff, 0xff, 0xff, 0xff, 0xff, 0xff, 0xff,
    0xff, 0xff, 0xff, 0xff, 0xff, 0xff, 0xff, 0xff, 0xff, 0xff, 0xff, 0xff,
    0xff, 0xff, 0xff, 0xff, 0xff, 0xff, 0xff, 0xff, 0xff, 0xff, 0xff, 0xff,
    0xff, 0xff, 0xff, 0xff, 0xff, 0xff, 0xff, 0xff, 0xff, 0xff, 0xff, 0xff,
    0xff, 0xff, 0xff, 0xff, 0xff, 0xff, 0xff, 0xff, 0xff, 0xff, 0xff, 0xff,
    0xff, 0xff, 0xff, 0xff, 0xff, 0xff, 0xff, 0xff, 0xff, 0xff, 0xff, 0xff,
    0xff, 0xff, 0xff, 0xff, 0xff, 0xff, 0xff, 0xff, 0xff, 0xff, 0xff, 0xff,
    0xff, 0xff, 0xff, 0xff, 0xff, 0xff, 0xff, 0xff, 0xff, 0xff, 0xff, 0xff,
    0xff, 0xff, 0xff, 0xff, 0xff, 0xff, 0xff, 0xff, 0xff, 0xff, 0xff, 0xff,
    0xff, 0xff, 0xff, 0xff, 0xff, 0xff, 0xff, 0xff, 0xfd, 0xfa, 0xf3, 0xff,
    0xf8, 0xe1, 0xb4, 0xff, 0xf0, 0xbc, 0x52, 0xff, 0xea, 0xa3, 0x0f, 0xff,
    0xe9, 0x9e, 0x00, 0xff, 0xe8, 0x9f, 0x00, 0xff, 0xe8, 0x9f, 0x00, 0xff,
    0xe8, 0x9f, 0x00, 0xff, 0xe8, 0x9d, 0x00, 0xff, 0xe9, 0x9f, 0x01, 0xff,
    0xea, 0xa1, 0x0b, 0xff, 0xec, 0xac, 0x2b, 0xff, 0xef, 0xb7, 0x48, 0xff,
    0xf2, 0xc3, 0x67, 0xff, 0xf3, 0xce, 0x80, 0xff, 0xf6, 0xd7, 0x97, 0xff,
    0xf7, 0xde, 0xac, 0xff, 0xf8, 0xe0, 0xb1, 0xff, 0xf8, 0xe2, 0xba, 0xff,
    0xf8, 0xe2, 0xb9, 0xff, 0xf8, 0xdf, 0xb0, 0xff, 0xf6, 0xdb, 0xa1, 0xff,
    0xf5, 0xd3, 0x8b, 0xff, 0xf3, 0xca, 0x78, 0xff, 0xf1, 0xc1, 0x63, 0xff,
    0xed, 0xb2, 0x3a, 0xff, 0xea, 0xa4, 0x12, 0xff, 0xe9, 0xa0, 0x07, 0xff,
    0xe8, 0x9e, 0x00, 0xff, 0xe8, 0x9e, 0x00, 0xff, 0xe8, 0x9f, 0x00, 0xff,
    0xe8, 0x9f, 0x00, 0xff, 0xe8, 0x9e, 0x00, 0xff, 0xe9, 0x9e, 0x00, 0xff,
    0xeb, 0xa6, 0x16, 0xff, 0xf1, 0xc4, 0x65, 0xff, 0xfa, 0xea, 0xc9, 0xff,
    0xfe, 0xfd, 0xfa, 0xff, 0xff, 0xff, 0xff, 0xff, 0xff, 0xff, 0xff, 0xff,
    0xff, 0xff, 0xff, 0xff, 0xff, 0xff, 0xff, 0xff, 0xff, 0xff, 0xff, 0xff,
    0xff, 0xff, 0xff, 0xff, 0xff, 0xff, 0xff, 0xff, 0xff, 0xff, 0xff, 0xff,
    0xff, 0xff, 0xff, 0xff, 0xff, 0xff, 0xff, 0xff, 0xff, 0xff, 0xff, 0xff,
    0xff, 0xff, 0xff, 0xff, 0xff, 0xff, 0xff, 0xff, 0xff, 0xff, 0xff, 0xff,
    0xff, 0xff, 0xff, 0xff, 0xff, 0xff, 0xff, 0xff, 0xff, 0xff, 0xff, 0xff,
    0xff, 0xff, 0xff, 0xff, 0xff, 0xff, 0xff, 0xff, 0xff, 0xff, 0xff, 0xff,
    0xff, 0xff, 0xff, 0xff, 0xff, 0xff, 0xff, 0xff, 0xff, 0xff, 0xff, 0xff,
    0xff, 0xff, 0xff, 0xff, 0xff, 0xff, 0xff, 0xff, 0xff, 0xff, 0xff, 0xff,
    0xff, 0xff, 0xff, 0xff, 0xff, 0xff, 0xff, 0xff, 0xff, 0xff, 0xff, 0xff,
    0xff, 0xff, 0xff, 0xff, 0xff, 0xff, 0xff, 0xff, 0xff, 0xff, 0xff, 0xff,
    0xff, 0xff, 0xff, 0xff, 0xff, 0xff, 0xff, 0xff, 0xff, 0xff, 0xff, 0xff,
    0xff, 0xff, 0xff, 0xff, 0xff, 0xff, 0xff, 0xff, 0xff, 0xff, 0xff, 0xff,
    0xff, 0xff, 0xff, 0xff, 0xff, 0xff, 0xff, 0xff, 0xff, 0xff, 0xff, 0xff,
    0xff, 0xff, 0xff, 0xff, 0xff, 0xff, 0xff, 0xff, 0xff, 0xff, 0xff, 0xff,
    0xff, 0xff, 0xff, 0xff, 0xff, 0xff, 0xff, 0xff, 0xff, 0xff, 0xff, 0xff,
    0xff, 0xff, 0xff, 0xff, 0xff, 0xff, 0xff, 0xff, 0xff, 0xff, 0xff, 0xff,
    0xff, 0xff, 0xff, 0xff, 0xff, 0xff, 0xff, 0xff, 0xff, 0xff, 0xff, 0xff,
    0xff, 0xff, 0xff, 0xff, 0xff, 0xff, 0xff, 0xff, 0xff, 0xff, 0xff, 0xff,
    0xff, 0xff, 0xff, 0xff, 0xff, 0xff, 0xff, 0xff, 0xff, 0xff, 0xff, 0xff,
    0xff, 0xff, 0xff, 0xff, 0xff, 0xff, 0xff, 0xff, 0xff, 0xff, 0xff, 0xff,
    0xff, 0xff, 0xff, 0xff, 0xff, 0xff, 0xff, 0xff, 0xff, 0xff, 0xff, 0xff,
    0xff, 0xff, 0xff, 0xff, 0xff, 0xff, 0xff, 0xff, 0xff, 0xff, 0xff, 0xff,
    0xff, 0xff, 0xff, 0xff, 0xff, 0xff, 0xff, 0xff, 0xff, 0xff, 0xff, 0xff,
    0xff, 0xff, 0xff, 0xff, 0xff, 0xff, 0xff, 0xff, 0xff, 0xff, 0xff, 0xff,
    0xff, 0xff, 0xff, 0xff, 0xff, 0xff, 0xff, 0xff, 0xff, 0xff, 0xff, 0xff,
    0xff, 0xff, 0xff, 0xff, 0xff, 0xff, 0xff, 0xff, 0xff, 0xff, 0xff, 0xff,
    0xff, 0xff, 0xff, 0xff, 0xff, 0xff, 0xff, 0xff, 0xff, 0xff, 0xff, 0xff,
    0xff, 0xff, 0xff, 0xff, 0xff, 0xff, 0xff, 0xff, 0xff, 0xff, 0xff, 0xff,
    0xff, 0xff, 0xff, 0xff, 0xff, 0xff, 0xff, 0xff, 0xff, 0xff, 0xff, 0xff,
    0xff, 0xff, 0xff, 0xff, 0xff, 0xff, 0xff, 0xff, 0xff, 0xff, 0xff, 0xff,
    0xff, 0xff, 0xff, 0xff, 0xff, 0xff, 0xff, 0xff, 0xff, 0xff, 0xff, 0xff,
    0xff, 0xff, 0xff, 0xff, 0xff, 0xff, 0xff, 0xff, 0xff, 0xff, 0xff, 0xff,
    0xff, 0xff, 0xff, 0xff, 0xff, 0xff, 0xff, 0xff, 0xff, 0xff, 0xff, 0xff,
    0xff, 0xff, 0xff, 0xff, 0xff, 0xff, 0xff, 0xff, 0xfa, 0xfa, 0xfa, 0xff,
    0xdd, 0xdd, 0xdd, 0xff, 0xad, 0xac, 0xac, 0xff, 0x9b, 0x9b, 0x9b, 0xff,
    0xa1, 0xa1, 0xa1, 0xff, 0xd8, 0xd8, 0xd8, 0xff, 0xf6, 0xf6, 0xf6, 0xff,
    0xfd, 0xfc, 0xfc, 0xff, 0xfd, 0xfd, 0xfd, 0xff, 0xfd, 0xfd, 0xfd, 0xff,
    0xfc, 0xfa, 0xfa, 0xff, 0xfc, 0xfb, 0xfb, 0xff, 0xfc, 0xfd, 0xfd, 0xff,
    0xf9, 0xf5, 0xf5, 0xff, 0xf2, 0xe8, 0xe8, 0xff, 0xe2, 0xc7, 0xc7, 0xff,
    0xf0, 0xe6, 0xe6, 0xff, 0xf6, 0xf1, 0xf1, 0xff, 0xe4, 0xce, 0xce, 0xff,
    0xd1, 0xa7, 0xa7, 0xff, 0xc4, 0x8e, 0x8e, 0xff, 0xa5, 0x53, 0x53, 0xff,
    0x8a, 0x22, 0x22, 0xff, 0xa5, 0x55, 0x55, 0xff, 0xd0, 0xa6, 0xa6, 0xff,
    0xf2, 0xe7, 0xe7, 0xff, 0xfb, 0xf9, 0xf9, 0xff, 0xf4, 0xec, 0xec, 0xff,
    0xf3, 0xeb, 0xeb, 0xff, 0xfc, 0xfb, 0xfb, 0xff, 0xfb, 0xfc, 0xfc, 0xff,
    0xfa, 0xfa, 0xfa, 0xff, 0xfb, 0xfb, 0xfb, 0xff, 0xfb, 0xfb, 0xfb, 0xff,
    0xfb, 0xfc, 0xfc, 0xff, 0xe7, 0xd3, 0xd3, 0xff, 0xdb, 0xba, 0xba, 0xff,
    0xf5, 0xed, 0xed, 0xff, 0xfb, 0xfc, 0xfc, 0xff, 0xfb, 0xfc, 0xfc, 0xff,
    0xeb, 0xda, 0xda, 0xff, 0xad, 0x68, 0x68, 0xff, 0x87, 0x18, 0x18, 0xff,
    0x8d, 0x22, 0x22, 0xff, 0xb6, 0x77, 0x77, 0xff, 0xd2, 0xa9, 0xa9, 0xff,
    0xc4, 0x8f, 0x8f, 0xff, 0xa3, 0x4e, 0x4e, 0xff, 0x81, 0x0a, 0x0a, 0xff,
    0x86, 0x16, 0x16, 0xff, 0x9f, 0x4d, 0x4d, 0xff, 0xd4, 0xae, 0xae, 0xff,
    0xda, 0xb8, 0xb8, 0xff, 0x98, 0x3e, 0x3e, 0xff, 0x85, 0x14, 0x14, 0xff,
    0xa2, 0x4d, 0x4d, 0xff, 0x96, 0x39, 0x39, 0xff, 0x89, 0x1c, 0x1c, 0xff,
    0x89, 0x1c, 0x1c, 0xff, 0x8d, 0x2b, 0x2b, 0xff, 0x85, 0x13, 0x13, 0xff,
    0x87, 0x12, 0x12, 0xff, 0xa7, 0x58, 0x58, 0xff, 0x9d, 0x48, 0x48, 0xff,
    0xe3, 0xcc, 0xcc, 0xff, 0xff, 0xff, 0xff, 0xff, 0xdd, 0xbd, 0xbd, 0xff,
    0xcc, 0x9e, 0x9e, 0xff, 0xdd, 0xbe, 0xbe, 0xff, 0xde, 0xc1, 0xc1, 0xff,
    0xce, 0xa2, 0xa2, 0xff, 0xe9, 0xd7, 0xd7, 0xff, 0xfa, 0xfa, 0xfa, 0xff,
    0xfa, 0xf9, 0xf9, 0xff, 0xfb, 0xfb, 0xfb, 0xff, 0xfb, 0xfb, 0xfb, 0xff,
    0xfb, 0xfb, 0xfb, 0xff, 0xfa, 0xf8, 0xf8, 0xff, 0xfb, 0xfa, 0xfa, 0xff,
    0xfb, 0xf9, 0xf9, 0xff, 0xfb, 0xfb, 0xfb, 0xff, 0xf7, 0xf0, 0xf0, 0xff,
    0xf6, 0xef, 0xef, 0xff, 0xfa, 0xfa, 0xfa, 0xff, 0xee, 0xee, 0xee, 0xff,
    0xbb, 0xbb, 0xbb, 0xff, 0x94, 0x95, 0x95, 0xff, 0x9d, 0x9d, 0x9d, 0xff,
    0xc8, 0xc7, 0xc7, 0xff, 0xef, 0xef, 0xef, 0xff, 0xff, 0xff, 0xff, 0xff,
    0xff, 0xff, 0xff, 0xff, 0xff, 0xff, 0xff, 0xff, 0xff, 0xff, 0xff, 0xff,
    0xff, 0xff, 0xff, 0xff, 0xff, 0xff, 0xff, 0xff, 0xff, 0xff, 0xff, 0xff,
    0xff, 0xff, 0xff, 0xff, 0xff, 0xff, 0xff, 0xff, 0xff, 0xff, 0xff, 0xff,
    0xff, 0xff, 0xff, 0xff, 0xff, 0xff, 0xff, 0xff, 0xff, 0xff, 0xff, 0xff,
    0xff, 0xff, 0xff, 0xff, 0xff, 0xff, 0xff, 0xff, 0xff, 0xff, 0xff, 0xff,
    0xff, 0xff, 0xff, 0xff, 0xff, 0xff, 0xff, 0xff, 0xff, 0xff, 0xff, 0xff,
    0xff, 0xff, 0xff, 0xff, 0xff, 0xff, 0xff, 0xff, 0xff, 0xff, 0xff, 0xff,
    0xff, 0xff, 0xff, 0xff, 0xff, 0xff, 0xff, 0xff, 0xff, 0xff, 0xff, 0xff,
    0xff, 0xff, 0xff, 0xff, 0xff, 0xff, 0xff, 0xff, 0xff, 0xff, 0xff, 0xff,
    0xff, 0xff, 0xff, 0xff, 0xff, 0xff, 0xff, 0xff, 0xff, 0xff, 0xff, 0xff,
    0xff, 0xff, 0xff, 0xff, 0xff, 0xff, 0xff, 0xff, 0xff, 0xff, 0xff, 0xff,
    0xff, 0xff, 0xff, 0xff, 0xff, 0xff, 0xff, 0xff, 0xff, 0xff, 0xff, 0xff,
    0xff, 0xff, 0xff, 0xff, 0xff, 0xff, 0xff, 0xff, 0xff, 0xff, 0xff, 0xff,
    0xff, 0xff, 0xff, 0xff, 0xff, 0xff, 0xff, 0xff, 0xff, 0xff, 0xff, 0xff,
    0xff, 0xff, 0xff, 0xff, 0xff, 0xff, 0xff, 0xff, 0xff, 0xff, 0xff, 0xff,
    0xff, 0xff, 0xff, 0xff, 0xff, 0xff, 0xff, 0xff, 0xfc, 0xf2, 0xdf, 0xff,
    0xf1, 0xc2, 0x63, 0xff, 0xea, 0xa4, 0x0f, 0xff, 0xe8, 0x9e, 0x00, 0xff,
    0xe8, 0x9f, 0x00, 0xff, 0xe8, 0x9f, 0x00, 0xff, 0xe8, 0x9f, 0x00, 0xff,
    0xe8, 0x9e, 0x00, 0xff, 0xeb, 0xa6, 0x17, 0xff, 0xef, 0xb7, 0x45, 0xff,
    0xf3, 0xcb, 0x7d, 0xff, 0xf8, 0xe0, 0xb3, 0xff, 0xfb, 0xf1, 0xdb, 0xff,
    0xfd, 0xf8, 0xee, 0xff, 0xfe, 0xfb, 0xf7, 0xff, 0xfe, 0xfe, 0xfe, 0xff,
    0xff, 0xff, 0xff, 0xff, 0xff, 0xff, 0xff, 0xff, 0xff, 0xff, 0xff, 0xff,
    0xff, 0xff, 0xff, 0xff, 0xff, 0xff, 0xff, 0xff, 0xff, 0xff, 0xff, 0xff,
    0xff, 0xff, 0xff, 0xff, 0xff, 0xff, 0xff, 0xff, 0xfe, 0xfd, 0xfc, 0xff,
    0xfe, 0xfb, 0xf6, 0xff, 0xfd, 0xf6, 0xe9, 0xff, 0xfa, 0xeb, 0xcc, 0xff,
    0xf6, 0xd8, 0x9e, 0xff, 0xf1, 0xc2, 0x66, 0xff, 0xed, 0xb0, 0x33, 0xff,
    0xe9, 0xa2, 0x0a, 0xff, 0xe8, 0x9e, 0x00, 0xff, 0xe8, 0x9f, 0x00, 0xff,
    0xe8, 0xa0, 0x00, 0xff, 0xe8, 0x9f, 0x00, 0xff, 0xe8, 0x9f, 0x00, 0xff,
    0xeb, 0xa7, 0x17, 0xff, 0xf3, 0xcb, 0x79, 0xff, 0xfc, 0xf2, 0xdf, 0xff,
    0xff, 0xff, 0xff, 0xff, 0xff, 0xff, 0xff, 0xff, 0xff, 0xff, 0xff, 0xff,
    0xff, 0xff, 0xff, 0xff, 0xff, 0xff, 0xff, 0xff, 0xff, 0xff, 0xff, 0xff,
    0xff, 0xff, 0xff, 0xff, 0xff, 0xff, 0xff, 0xff, 0xff, 0xff, 0xff, 0xff,
    0xff, 0xff, 0xff, 0xff, 0xff, 0xff, 0xff, 0xff, 0xff, 0xff, 0xff, 0xff,
    0xff, 0xff, 0xff, 0xff, 0xff, 0xff, 0xff, 0xff, 0xff, 0xff, 0xff, 0xff,
    0xff, 0xff, 0xff, 0xff, 0xff, 0xff, 0xff, 0xff, 0xff, 0xff, 0xff, 0xff,
    0xff, 0xff, 0xff, 0xff, 0xff, 0xff, 0xff, 0xff, 0xff, 0xff, 0xff, 0xff,
    0xff, 0xff, 0xff, 0xff, 0xff, 0xff, 0xff, 0xff, 0xff, 0xff, 0xff, 0xff,
    0xff, 0xff, 0xff, 0xff, 0xff, 0xff, 0xff, 0xff, 0xff, 0xff, 0xff, 0xff,
    0xff, 0xff, 0xff, 0xff, 0xff, 0xff, 0xff, 0xff, 0xff, 0xff, 0xff, 0xff,
    0xff, 0xff, 0xff, 0xff, 0xff, 0xff, 0xff, 0xff, 0xff, 0xff, 0xff, 0xff,
    0xff, 0xff, 0xff, 0xff, 0xff, 0xff, 0xff, 0xff, 0xff, 0xff, 0xff, 0xff,
    0xff, 0xff, 0xff, 0xff, 0xff, 0xff, 0xff, 0xff, 0xff, 0xff, 0xff, 0xff,
    0xff, 0xff, 0xff, 0xff, 0xff, 0xff, 0xff, 0xff, 0xff, 0xff, 0xff, 0xff,
    0xff, 0xff, 0xff, 0xff, 0xff, 0xff, 0xff, 0xff, 0xff, 0xff, 0xff, 0xff,
    0xff, 0xff, 0xff, 0xff, 0xff, 0xff, 0xff, 0xff, 0xff, 0xff, 0xff, 0xff,
    0xff, 0xff, 0xff, 0xff, 0xff, 0xff, 0xff, 0xff, 0xff, 0xff, 0xff, 0xff,
    0xff, 0xff, 0xff, 0xff, 0xff, 0xff, 0xff, 0xff, 0xff, 0xff, 0xff, 0xff,
    0xff, 0xff, 0xff, 0xff, 0xff, 0xff, 0xff, 0xff, 0xff, 0xff, 0xff, 0xff,
    0xff, 0xff, 0xff, 0xff, 0xff, 0xff, 0xff, 0xff, 0xff, 0xff, 0xff, 0xff,
    0xff, 0xff, 0xff, 0xff, 0xff, 0xff, 0xff, 0xff, 0xff, 0xff, 0xff, 0xff,
    0xff, 0xff, 0xff, 0xff, 0xff, 0xff, 0xff, 0xff, 0xff, 0xff, 0xff, 0xff,
    0xff, 0xff, 0xff, 0xff, 0xff, 0xff, 0xff, 0xff, 0xff, 0xff, 0xff, 0xff,
    0xff, 0xff, 0xff, 0xff, 0xff, 0xff, 0xff, 0xff, 0xff, 0xff, 0xff, 0xff,
    0xff, 0xff, 0xff, 0xff, 0xff, 0xff, 0xff, 0xff, 0xff, 0xff, 0xff, 0xff,
    0xff, 0xff, 0xff, 0xff, 0xff, 0xff, 0xff, 0xff, 0xff, 0xff, 0xff, 0xff,
    0xff, 0xff, 0xff, 0xff, 0xff, 0xff, 0xff, 0xff, 0xff, 0xff, 0xff, 0xff,
    0xff, 0xff, 0xff, 0xff, 0xff, 0xff, 0xff, 0xff, 0xff, 0xff, 0xff, 0xff,
    0xff, 0xff, 0xff, 0xff, 0xff, 0xff, 0xff, 0xff, 0xff, 0xff, 0xff, 0xff,
    0xff, 0xff, 0xff, 0xff, 0xff, 0xff, 0xff, 0xff, 0xff, 0xff, 0xff, 0xff,
    0xff, 0xff, 0xff, 0xff, 0xff, 0xff, 0xff, 0xff, 0xff, 0xff, 0xff, 0xff,
    0xff, 0xff, 0xff, 0xff, 0xff, 0xff, 0xff, 0xff, 0xff, 0xff, 0xff, 0xff,
    0xff, 0xff, 0xff, 0xff, 0xff, 0xff, 0xff, 0xff, 0xff, 0xff, 0xff, 0xff,
    0xff, 0xff, 0xff, 0xff, 0xf9, 0xf9, 0xf9, 0xff, 0xcc, 0xcd, 0xcd, 0xff,
    0xa6, 0xa6, 0xa6, 0xff, 0x92, 0x92, 0x92, 0xff, 0xc3, 0xc3, 0xc3, 0xff,
    0xea, 0xea, 0xea, 0xff, 0xfd, 0xfd, 0xfd, 0xff, 0xfd, 0xfd, 0xfd, 0xff,
    0xfd, 0xfd, 0xfd, 0xff, 0xfa, 0xfa, 0xfa, 0xff, 0xf0, 0xe3, 0xe3, 0xff,
    0xd7, 0xaf, 0xaf, 0xff, 0xbe, 0x84, 0x84, 0xff, 0xc6, 0x90, 0x90, 0xff,
    0xd5, 0xae, 0xae, 0xff, 0xd9, 0xb7, 0xb7, 0xff, 0xcf, 0xa5, 0xa5, 0xff,
    0xad, 0x62, 0x62, 0xff, 0xad, 0x64, 0x64, 0xff, 0xa6, 0x59, 0x59, 0xff,
    0x97, 0x3c, 0x3c, 0xff, 0xab, 0x60, 0x60, 0xff, 0x9a, 0x3c, 0x3c, 0xff,
    0x80, 0x05, 0x05, 0xff, 0x92, 0x2e, 0x2e, 0xff, 0xaf, 0x66, 0x66, 0xff,
    0xdc, 0xbc, 0xbc, 0xff, 0xe4, 0xcd, 0xcd, 0xff, 0xbc, 0x81, 0x81, 0xff,
    0x9f, 0x47, 0x47, 0xff, 0x9d, 0x45, 0x45, 0xff, 0xc2, 0x8a, 0x8a, 0xff,
    0xee, 0xe2, 0xe2, 0xff, 0xfa, 0xfa, 0xfa, 0xff, 0xfb, 0xfb, 0xfb, 0xff,
    0xfa, 0xfa, 0xfa, 0xff, 0xfb, 0xfb, 0xfb, 0xff, 0xf5, 0xef, 0xef, 0xff,
    0xe6, 0xcf, 0xcf, 0xff, 0xef, 0xe3, 0xe3, 0xff, 0xf7, 0xf3, 0xf3, 0xff,
    0xfc, 0xfd, 0xfd, 0xff, 0xdc, 0xbc, 0xbc, 0xff, 0xb1, 0x6a, 0x6a, 0xff,
    0x87, 0x18, 0x18, 0xff, 0x88, 0x1b, 0x1b, 0xff, 0xc8, 0x97, 0x97, 0xff,
    0xfc, 0xfc, 0xfc, 0xff, 0xe6, 0xd1, 0xd1, 0xff, 0xd8, 0xb4, 0xb4, 0xff,
    0xaf, 0x66, 0x66, 0xff, 0x99, 0x3c, 0x3c, 0xff, 0x9d, 0x45, 0x45, 0xff,
    0x8d, 0x23, 0x23, 0xff, 0x98, 0x38, 0x38, 0xff, 0xa4, 0x50, 0x50, 0xff,
    0x86, 0x16, 0x16, 0xff, 0x8c, 0x22, 0x22, 0xff, 0xa6, 0x54, 0x54, 0xff,
    0x8a, 0x1c, 0x1c, 0xff, 0x8a, 0x1b, 0x1b, 0xff, 0xa1, 0x4b, 0x4b, 0xff,
    0x8e, 0x21, 0x21, 0xff, 0x86, 0x12, 0x12, 0xff, 0xaf, 0x67, 0x67, 0xff,
    0x9e, 0x4d, 0x4d, 0xff, 0x9d, 0x47, 0x47, 0xff, 0xce, 0xa0, 0xa0, 0xff,
    0xd6, 0xb2, 0xb2, 0xff, 0xe2, 0xc9, 0xc9, 0xff, 0xc7, 0x94, 0x94, 0xff,
    0xba, 0x7d, 0x7d, 0xff, 0xe5, 0xd0, 0xd0, 0xff, 0xf7, 0xf2, 0xf2, 0xff,
    0xf6, 0xf0, 0xf0, 0xff, 0xf0, 0xe5, 0xe5, 0xff, 0xfb, 0xfa, 0xfa, 0xff,
    0xfb, 0xfb, 0xfb, 0xff, 0xf9, 0xf8, 0xf8, 0xff, 0xec, 0xdc, 0xdc, 0xff,
    0xf5, 0xee, 0xee, 0xff, 0xfb, 0xfa, 0xfa, 0xff, 0xfa, 0xfa, 0xfa, 0xff,
    0xfb, 0xfc, 0xfc, 0xff, 0xfb, 0xfc, 0xfc, 0xff, 0xfa, 0xfa, 0xfa, 0xff,
    0xfc, 0xfc, 0xfc, 0xff, 0xfe, 0xfe, 0xfe, 0xff, 0xf5, 0xf5, 0xf5, 0xff,
    0xdb, 0xdb, 0xdb, 0xff, 0xa9, 0xa9, 0xa9, 0xff, 0x97, 0x97, 0x97, 0xff,
    0xb4, 0xb4, 0xb4, 0xff, 0xe2, 0xe2, 0xe2, 0xff, 0xff, 0xff, 0xff, 0xff,
    0xff, 0xff, 0xff, 0xff, 0xff, 0xff, 0xff, 0xff, 0xff, 0xff, 0xff, 0xff,
    0xff, 0xff, 0xff, 0xff, 0xff, 0xff, 0xff, 0xff, 0xff, 0xff, 0xff, 0xff,
    0xff, 0xff, 0xff, 0xff, 0xff, 0xff, 0xff, 0xff, 0xff, 0xff, 0xff, 0xff,
    0xff, 0xff, 0xff, 0xff, 0xff, 0xff, 0xff, 0xff, 0xff, 0xff, 0xff, 0xff,
    0xff, 0xff, 0xff, 0xff, 0xff, 0xff, 0xff, 0xff, 0xff, 0xff, 0xff, 0xff,
    0xff, 0xff, 0xff, 0xff, 0xff, 0xff, 0xff, 0xff, 0xff, 0xff, 0xff, 0xff,
    0xff, 0xff, 0xff, 0xff, 0xff, 0xff, 0xff, 0xff, 0xff, 0xff, 0xff, 0xff,
    0xff, 0xff, 0xff, 0xff, 0xff, 0xff, 0xff, 0xff, 0xff, 0xff, 0xff, 0xff,
    0xff, 0xff, 0xff, 0xff, 0xff, 0xff, 0xff, 0xff, 0xff, 0xff, 0xff, 0xff,
    0xff, 0xff, 0xff, 0xff, 0xff, 0xff, 0xff, 0xff, 0xff, 0xff, 0xff, 0xff,
    0xff, 0xff, 0xff, 0xff, 0xff, 0xff, 0xff, 0xff, 0xff, 0xff, 0xff, 0xff,
    0xff, 0xff, 0xff, 0xff, 0xff, 0xff, 0xff, 0xff, 0xff, 0xff, 0xff, 0xff,
    0xff, 0xff, 0xff, 0xff, 0xff, 0xff, 0xff, 0xff, 0xff, 0xff, 0xff, 0xff,
    0xff, 0xff, 0xff, 0xff, 0xff, 0xff, 0xff, 0xff, 0xff, 0xff, 0xff, 0xff,
    0xff, 0xff, 0xff, 0xff, 0xff, 0xff, 0xff, 0xff, 0xff, 0xff, 0xff, 0xff,
    0xfb, 0xf0, 0xda, 0xff, 0xed, 0xb1, 0x37, 0xff, 0xe8, 0x9e, 0x00, 0xff,
    0xe8, 0xa0, 0x00, 0xff, 0xe8, 0x9e, 0x00, 0xff, 0xe9, 0xa0, 0x05, 0xff,
    0xed, 0xae, 0x30, 0xff, 0xf3, 0xca, 0x78, 0xff, 0xf9, 0xe4, 0xbd, 0xff,
    0xfd, 0xf9, 0xf1, 0xff, 0xff, 0xff, 0xff, 0xff, 0xff, 0xff, 0xff, 0xff,
    0xff, 0xff, 0xff, 0xff, 0xff, 0xff, 0xff, 0xff, 0xff, 0xff, 0xff, 0xff,
    0xff, 0xff, 0xff, 0xff, 0xff, 0xff, 0xff, 0xff, 0xff, 0xff, 0xff, 0xff,
    0xff, 0xff, 0xff, 0xff, 0xff, 0xff, 0xff, 0xff, 0xff, 0xff, 0xff, 0xff,
    0xff, 0xff, 0xff, 0xff, 0xff, 0xff, 0xff, 0xff, 0xff, 0xff, 0xff, 0xff,
    0xff, 0xff, 0xff, 0xff, 0xff, 0xff, 0xff, 0xff, 0xff, 0xff, 0xff, 0xff,
    0xff, 0xff, 0xff, 0xff, 0xff, 0xff, 0xff, 0xff, 0xfe, 0xfe, 0xfd, 0xff,
    0xfc, 0xf1, 0xde, 0xff, 0xf7, 0xdc, 0xa8, 0xff, 0xf1, 0xbf, 0x5b, 0xff,
    0xea, 0xa5, 0x12, 0xff, 0xe8, 0x9e, 0x00, 0xff, 0xe8, 0x9f, 0x00, 0xff,
    0xe8, 0x9f, 0x00, 0xff, 0xe8, 0x9e, 0x00, 0xff, 0xea, 0xa2, 0x10, 0xff,
    0xf8, 0xe0, 0xb2, 0xff, 0xff, 0xff, 0xff, 0xff, 0xff, 0xff, 0xff, 0xff,
    0xff, 0xff, 0xff, 0xff, 0xff, 0xff, 0xff, 0xff, 0xff, 0xff, 0xff, 0xff,
    0xff, 0xff, 0xff, 0xff, 0xff, 0xff, 0xff, 0xff, 0xff, 0xff, 0xff, 0xff,
    0xff, 0xff, 0xff, 0xff, 0xff, 0xff, 0xff, 0xff, 0xff, 0xff, 0xff, 0xff,
    0xff, 0xff, 0xff, 0xff, 0xff, 0xff, 0xff, 0xff, 0xff, 0xff, 0xff, 0xff,
    0xff, 0xff, 0xff, 0xff, 0xff, 0xff, 0xff, 0xff, 0xff, 0xff, 0xff, 0xff,
    0xff, 0xff, 0xff, 0xff, 0xff, 0xff, 0xff, 0xff, 0xff, 0xff, 0xff, 0xff,
    0xff, 0xff, 0xff, 0xff, 0xff, 0xff, 0xff, 0xff, 0xff, 0xff, 0xff, 0xff,
    0xff, 0xff, 0xff, 0xff, 0xff, 0xff, 0xff, 0xff, 0xff, 0xff, 0xff, 0xff,
    0xff, 0xff, 0xff, 0xff, 0xff, 0xff, 0xff, 0xff, 0xff, 0xff, 0xff, 0xff,
    0xff, 0xff, 0xff, 0xff, 0xff, 0xff, 0xff, 0xff, 0xff, 0xff, 0xff, 0xff,
    0xff, 0xff, 0xff, 0xff, 0xff, 0xff, 0xff, 0xff, 0xff, 0xff, 0xff, 0xff,
    0xff, 0xff, 0xff, 0xff, 0xff, 0xff, 0xff, 0xff, 0xff, 0xff, 0xff, 0xff,
    0xff, 0xff, 0xff, 0xff, 0xff, 0xff, 0xff, 0xff, 0xff, 0xff, 0xff, 0xff,
    0xff, 0xff, 0xff, 0xff, 0xff, 0xff, 0xff, 0xff, 0xff, 0xff, 0xff, 0xff,
    0xff, 0xff, 0xff, 0xff, 0xff, 0xff, 0xff, 0xff, 0xff, 0xff, 0xff, 0xff,
    0xff, 0xff, 0xff, 0xff, 0xff, 0xff, 0xff, 0xff, 0xff, 0xff, 0xff, 0xff,
    0xff, 0xff, 0xff, 0xff, 0xff, 0xff, 0xff, 0xff, 0xff, 0xff, 0xff, 0xff,
    0xff, 0xff, 0xff, 0xff, 0xff, 0xff, 0xff, 0xff, 0xff, 0xff, 0xff, 0xff,
    0xff, 0xff, 0xff, 0xff, 0xff, 0xff, 0xff, 0xff, 0xff, 0xff, 0xff, 0xff,
    0xff, 0xff, 0xff, 0xff, 0xff, 0xff, 0xff, 0xff, 0xff, 0xff, 0xff, 0xff,
    0xff, 0xff, 0xff, 0xff, 0xff, 0xff, 0xff, 0xff, 0xff, 0xff, 0xff, 0xff,
    0xff, 0xff, 0xff, 0xff, 0xff, 0xff, 0xff, 0xff, 0xff, 0xff, 0xff, 0xff,
    0xff, 0xff, 0xff, 0xff, 0xff, 0xff, 0xff, 0xff, 0xff, 0xff, 0xff, 0xff,
    0xff, 0xff, 0xff, 0xff, 0xff, 0xff, 0xff, 0xff, 0xff, 0xff, 0xff, 0xff,
    0xff, 0xff, 0xff, 0xff, 0xff, 0xff, 0xff, 0xff, 0xff, 0xff, 0xff, 0xff,
    0xff, 0xff, 0xff, 0xff, 0xff, 0xff, 0xff, 0xff, 0xff, 0xff, 0xff, 0xff,
    0xff, 0xff, 0xff, 0xff, 0xff, 0xff, 0xff, 0xff, 0xff, 0xff, 0xff, 0xff,
    0xff, 0xff, 0xff, 0xff, 0xff, 0xff, 0xff, 0xff, 0xff, 0xff, 0xff, 0xff,
    0xff, 0xff, 0xff, 0xff, 0xff, 0xff, 0xff, 0xff, 0xff, 0xff, 0xff, 0xff,
    0xff, 0xff, 0xff, 0xff, 0xff, 0xff, 0xff, 0xff, 0xff, 0xff, 0xff, 0xff,
    0xff, 0xff, 0xff, 0xff, 0xff, 0xff, 0xff, 0xff, 0xff, 0xff, 0xff, 0xff,
    0xff, 0xff, 0xff, 0xff, 0xff, 0xff, 0xff, 0xff, 0xff, 0xff, 0xff, 0xff,
    0xf6, 0xf7, 0xf7, 0xff, 0xcb, 0xc9, 0xc9, 0xff, 0x95, 0x8d, 0x8d, 0xff,
    0x99, 0x8a, 0x8a, 0xff, 0xcd, 0xcb, 0xcb, 0xff, 0xf7, 0xf8, 0xf8, 0xff,
    0xfd, 0xfd, 0xfd, 0xff, 0xfb, 0xfb, 0xfb, 0xff, 0xfb, 0xfb, 0xfb, 0xff,
    0xf8, 0xf5, 0xf5, 0xff, 0xe4, 0xcc, 0xcc, 0xff, 0xbd, 0x7e, 0x7e, 0xff,
    0x9c, 0x41, 0x41, 0xff, 0x90, 0x2e, 0x2e, 0xff, 0x86, 0x19, 0x19, 0xff,
    0xb2, 0x6a, 0x6a, 0xff, 0xd4, 0xaa, 0xaa, 0xff, 0xc4, 0x8e, 0x8e, 0xff,
    0x96, 0x36, 0x36, 0xff, 0x7d, 0x01, 0x01, 0xff, 0x7c, 0x01, 0x01, 0xff,
    0x80, 0x07, 0x07, 0xff, 0x8b, 0x1c, 0x1c, 0xff, 0x85, 0x14, 0x14, 0xff,
    0x7e, 0x00, 0x00, 0xff, 0x81, 0x05, 0x05, 0xff, 0x90, 0x28, 0x28, 0xff,
    0x9b, 0x3f, 0x3f, 0xff, 0x97, 0x35, 0x35, 0xff, 0xa9, 0x5a, 0x5a, 0xff,
    0x8e, 0x24, 0x24, 0xff, 0x7d, 0x00, 0x00, 0xff, 0x7d, 0x00, 0x00, 0xff,
    0x86, 0x11, 0x11, 0xff, 0xd0, 0xa5, 0xa5, 0xff, 0xfa, 0xfa, 0xfa, 0xff,
    0xfb, 0xfb, 0xfb, 0xff, 0xfa, 0xfa, 0xfa, 0xff, 0xfa, 0xfa, 0xfa, 0xff,
    0xfb, 0xfb, 0xfb, 0xff, 0xfb, 0xfb, 0xfb, 0xff, 0xf7, 0xf2, 0xf2, 0xff,
    0xf2, 0xe8, 0xe8, 0xff, 0xfa, 0xfa, 0xfa, 0xff, 0xf8, 0xf6, 0xf6, 0xff,
    0xdd, 0xbe, 0xbe, 0xff, 0xaa, 0x5f, 0x5f, 0xff, 0x88, 0x1d, 0x1d, 0xff,
    0xad, 0x63, 0x63, 0xff, 0xf8, 0xf6, 0xf6, 0xff, 0xfc, 0xfd, 0xfd, 0xff,
    0xf6, 0xf1, 0xf1, 0xff, 0xe3, 0xca, 0xca, 0xff, 0xa5, 0x51, 0x51, 0xff,
    0x7d, 0x02, 0x02, 0xff, 0x7e, 0x00, 0x00, 0xff, 0x7e, 0x00, 0x00, 0xff,
    0x7e, 0x00, 0x00, 0xff, 0x7f, 0x00, 0x00, 0xff, 0x7e, 0x00, 0x00, 0xff,
    0x93, 0x2c, 0x2c, 0xff, 0x8d, 0x1e, 0x1e, 0xff, 0x7e, 0x00, 0x00, 0xff,
    0x7e, 0x00, 0x00, 0xff, 0x7f, 0x00, 0x00, 0xff, 0x7d, 0x00, 0x00, 0xff,
    0x99, 0x3c, 0x3c, 0xff, 0xce, 0xa3, 0xa3, 0xff, 0xb7, 0x75, 0x75, 0xff,
    0x89, 0x1a, 0x1a, 0xff, 0x9a, 0x41, 0x41, 0xff, 0xd3, 0xaa, 0xaa, 0xff,
    0xbd, 0x80, 0x80, 0xff, 0x97, 0x3a, 0x3a, 0xff, 0xeb, 0xda, 0xda, 0xff,
    0xfc, 0xfe, 0xfe, 0xff, 0xfa, 0xfa, 0xfa, 0xff, 0xf8, 0xf5, 0xf5, 0xff,
    0xfa, 0xfa, 0xfa, 0xff, 0xfb, 0xfb, 0xfb, 0xff, 0xfb, 0xfb, 0xfb, 0xff,
    0xf5, 0xee, 0xee, 0xff, 0xef, 0xe1, 0xe1, 0xff, 0xfb, 0xfb, 0xfb, 0xff,
    0xfa, 0xfb, 0xfb, 0xff, 0xfa, 0xfa, 0xfa, 0xff, 0xfa, 0xfa, 0xfa, 0xff,
    0xfb, 0xfb, 0xfb, 0xff, 0xfa, 0xfa, 0xfa, 0xff, 0xfb, 0xfb, 0xfb, 0xff,
    0xfb, 0xfb, 0xfb, 0xff, 0xfc, 0xfc, 0xfc, 0xff, 0xfc, 0xfa, 0xfa, 0xff,
    0xe6, 0xe3, 0xe3, 0xff, 0xaf, 0xae, 0xae, 0xff, 0x9b, 0x9b, 0x9b, 0xff,
    0xb0, 0xb0, 0xb0, 0xff, 0xe3, 0xe3, 0xe3, 0xff, 0xff, 0xff, 0xff, 0xff,
    0xff, 0xff, 0xff, 0xff, 0xff, 0xff, 0xff, 0xff, 0xff, 0xff, 0xff, 0xff,
    0xff, 0xff, 0xff, 0xff, 0xff, 0xff, 0xff, 0xff, 0xff, 0xff, 0xff, 0xff,
    0xff, 0xff, 0xff, 0xff, 0xff, 0xff, 0xff, 0xff, 0xff, 0xff, 0xff, 0xff,
    0xff, 0xff, 0xff, 0xff, 0xff, 0xff, 0xff, 0xff, 0xff, 0xff, 0xff, 0xff,
    0xff, 0xff, 0xff, 0xff, 0xff, 0xff, 0xff, 0xff, 0xff, 0xff, 0xff, 0xff,
    0xff, 0xff, 0xff, 0xff, 0xff, 0xff, 0xff, 0xff, 0xff, 0xff, 0xff, 0xff,
    0xff, 0xff, 0xff, 0xff, 0xff, 0xff, 0xff, 0xff, 0xff, 0xff, 0xff, 0xff,
    0xff, 0xff, 0xff, 0xff, 0xff, 0xff, 0xff, 0xff, 0xff, 0xff, 0xff, 0xff,
    0xff, 0xff, 0xff, 0xff, 0xff, 0xff, 0xff, 0xff, 0xff, 0xff, 0xff, 0xff,
    0xff, 0xff, 0xff, 0xff, 0xff, 0xff, 0xff, 0xff, 0xff, 0xff, 0xff, 0xff,
    0xff, 0xff, 0xff, 0xff, 0xff, 0xff, 0xff, 0xff, 0xff, 0xff, 0xff, 0xff,
    0xff, 0xff, 0xff, 0xff, 0xff, 0xff, 0xff, 0xff, 0xff, 0xff, 0xff, 0xff,
    0xff, 0xff, 0xff, 0xff, 0xff, 0xff, 0xff, 0xff, 0xff, 0xff, 0xff, 0xff,
    0xff, 0xff, 0xff, 0xff, 0xff, 0xff, 0xff, 0xff, 0xff, 0xff, 0xff, 0xff,
    0xff, 0xff, 0xff, 0xff, 0xff, 0xff, 0xff, 0xff, 0xf8, 0xe3, 0xb8, 0xff,
    0xeb, 0xa8, 0x1a, 0xff, 0xe8, 0x9d, 0x00, 0xff, 0xed, 0xae, 0x2b, 0xff,
    0xf5, 0xd1, 0x8d, 0xff, 0xfc, 0xf1, 0xdd, 0xff, 0xfe, 0xfd, 0xfb, 0xff,
    0xff, 0xff, 0xff, 0xff, 0xff, 0xff, 0xff, 0xff, 0xff, 0xff, 0xff, 0xff,
    0xff, 0xff, 0xff, 0xff, 0xff, 0xff, 0xff, 0xff, 0xfe, 0xfd, 0xfa, 0xff,
    0xfd, 0xf6, 0xe9, 0xff, 0xfb, 0xec, 0xd1, 0xff, 0xf9, 0xe4, 0xbd, 0xff,
    0xf8, 0xe0, 0xb2, 0xff, 0xf7, 0xdb, 0xa2, 0xff, 0xf7, 0xda, 0xa0, 0xff,
    0xf6, 0xdb, 0xa0, 0xff, 0xf7, 0xdc, 0xa4, 0xff, 0xf8, 0xe2, 0xb9, 0xff,
    0xfa, 0xea, 0xcc, 0xff, 0xfc, 0xf4, 0xe5, 0xff, 0xfe, 0xfc, 0xf7, 0xff,
    0xff, 0xff, 0xff, 0xff, 0xff, 0xff, 0xff, 0xff, 0xff, 0xff, 0xff, 0xff,
    0xff, 0xff, 0xff, 0xff, 0xff, 0xff, 0xff, 0xff, 0xff, 0xff, 0xff, 0xff,
    0xfe, 0xfb, 0xf5, 0xff, 0xf9, 0xe6, 0xbf, 0xff, 0xf1, 0xc3, 0x64, 0xff,
    0xeb, 0xa8, 0x1c, 0xff, 0xe8, 0x9e, 0x00, 0xff, 0xe9, 0x9e, 0x01, 0xff,
    0xf1, 0xc4, 0x65, 0xff, 0xfd, 0xfa, 0xf2, 0xff, 0xff, 0xff, 0xff, 0xff,
    0xff, 0xff, 0xff, 0xff, 0xff, 0xff, 0xff, 0xff, 0xff, 0xff, 0xff, 0xff,
    0xff, 0xff, 0xff, 0xff, 0xff, 0xff, 0xff, 0xff, 0xff, 0xff, 0xff, 0xff,
    0xff, 0xff, 0xff, 0xff, 0xff, 0xff, 0xff, 0xff, 0xff, 0xff, 0xff, 0xff,
    0xff, 0xff, 0xff, 0xff, 0xff, 0xff, 0xff, 0xff, 0xff, 0xff, 0xff, 0xff,
    0xff, 0xff, 0xff, 0xff, 0xff, 0xff, 0xff, 0xff, 0xff, 0xff, 0xff, 0xff,
    0xff, 0xff, 0xff, 0xff, 0xff, 0xff, 0xff, 0xff, 0xff, 0xff, 0xff, 0xff,
    0xff, 0xff, 0xff, 0xff, 0xff, 0xff, 0xff, 0xff, 0xff, 0xff, 0xff, 0xff,
    0xff, 0xff, 0xff, 0xff, 0xff, 0xff, 0xff, 0xff, 0xff, 0xff, 0xff, 0xff,
    0xff, 0xff, 0xff, 0xff, 0xff, 0xff, 0xff, 0xff, 0xff, 0xff, 0xff, 0xff,
    0xff, 0xff, 0xff, 0xff, 0xff, 0xff, 0xff, 0xff, 0xff, 0xff, 0xff, 0xff,
    0xff, 0xff, 0xff, 0xff, 0xff, 0xff, 0xff, 0xff, 0xff, 0xff, 0xff, 0xff,
    0xff, 0xff, 0xff, 0xff, 0xff, 0xff, 0xff, 0xff, 0xff, 0xff, 0xff, 0xff,
    0xff, 0xff, 0xff, 0xff, 0xff, 0xff, 0xff, 0xff, 0xff, 0xff, 0xff, 0xff,
    0xff, 0xff, 0xff, 0xff, 0xff, 0xff, 0xff, 0xff, 0xff, 0xff, 0xff, 0xff,
    0xff, 0xff, 0xff, 0xff, 0xff, 0xff, 0xff, 0xff, 0xff, 0xff, 0xff, 0xff,
    0xff, 0xff, 0xff, 0xff, 0xff, 0xff, 0xff, 0xff, 0xff, 0xff, 0xff, 0xff,
    0xff, 0xff, 0xff, 0xff, 0xff, 0xff, 0xff, 0xff, 0xff, 0xff, 0xff, 0xff,
    0xff, 0xff, 0xff, 0xff, 0xff, 0xff, 0xff, 0xff, 0xff, 0xff, 0xff, 0xff,
    0xff, 0xff, 0xff, 0xff, 0xff, 0xff, 0xff, 0xff, 0xff, 0xff, 0xff, 0xff,
    0xff, 0xff, 0xff, 0xff, 0xff, 0xff, 0xff, 0xff, 0xff, 0xff, 0xff, 0xff,
    0xff, 0xff, 0xff, 0xff, 0xff, 0xff, 0xff, 0xff, 0xff, 0xff, 0xff, 0xff,
    0xff, 0xff, 0xff, 0xff, 0xff, 0xff, 0xff, 0xff, 0xff, 0xff, 0xff, 0xff,
    0xff, 0xff, 0xff, 0xff, 0xff, 0xff, 0xff, 0xff, 0xff, 0xff, 0xff, 0xff,
    0xff, 0xff, 0xff, 0xff, 0xff, 0xff, 0xff, 0xff, 0xff, 0xff, 0xff, 0xff,
    0xff, 0xff, 0xff, 0xff, 0xff, 0xff, 0xff, 0xff, 0xff, 0xff, 0xff, 0xff,
    0xff, 0xff, 0xff, 0xff, 0xff, 0xff, 0xff, 0xff, 0xff, 0xff, 0xff, 0xff,
    0xff, 0xff, 0xff, 0xff, 0xff, 0xff, 0xff, 0xff, 0xff, 0xff, 0xff, 0xff,
    0xff, 0xff, 0xff, 0xff, 0xff, 0xff, 0xff, 0xff, 0xff, 0xff, 0xff, 0xff,
    0xff, 0xff, 0xff, 0xff, 0xff, 0xff, 0xff, 0xff, 0xff, 0xff, 0xff, 0xff,
    0xff, 0xff, 0xff, 0xff, 0xff, 0xff, 0xff, 0xff, 0xff, 0xff, 0xff, 0xff,
    0xff, 0xff, 0xff, 0xff, 0xff, 0xff, 0xff, 0xff, 0xff, 0xff, 0xff, 0xff,
    0xff, 0xff, 0xff, 0xff, 0xff, 0xff, 0xff, 0xff, 0xfb, 0xfb, 0xfb, 0xff,
    0xd4, 0xd5, 0xd5, 0xff, 0xa2, 0x9f, 0x9f, 0xff, 0x8b, 0x78, 0x79, 0xff,
    0xc6, 0xb4, 0xb5, 0xff, 0xf4, 0xee, 0xee, 0xff, 0xfe, 0xfe, 0xfe, 0xff,
    0xfb, 0xfb, 0xfb, 0xff, 0xfa, 0xfa, 0xfa, 0xff, 0xfb, 0xfb, 0xfb, 0xff,
    0xfc, 0xfd, 0xfd, 0xff, 0xf9, 0xf5, 0xf5, 0xff, 0xbe, 0x85, 0x85, 0xff,
    0x84, 0x0c, 0x0c, 0xff, 0x86, 0x12, 0x12, 0xff, 0x9b, 0x3e, 0x3e, 0xff,
    0xb0, 0x68, 0x68, 0xff, 0xc2, 0x87, 0x87, 0xff, 0xa4, 0x4f, 0x4f, 0xff,
    0x84, 0x0d, 0x0d, 0xff, 0x7d, 0x00, 0x00, 0xff, 0x7f, 0x01, 0x01, 0xff,
    0x95, 0x31, 0x31, 0xff, 0x93, 0x2e, 0x2e, 0xff, 0x7e, 0x00, 0x00, 0xff,
    0x7f, 0x00, 0x00, 0xff, 0x80, 0x00, 0x00, 0xff, 0x81, 0x05, 0x05, 0xff,
    0x87, 0x12, 0x12, 0xff, 0x82, 0x0a, 0x0a, 0xff, 0x82, 0x0b, 0x0b, 0xff,
    0x8a, 0x1d, 0x1d, 0xff, 0x81, 0x07, 0x07, 0xff, 0x80, 0x00, 0x00, 0xff,
    0x7f, 0x00, 0x00, 0xff, 0x8d, 0x23, 0x23, 0xff, 0xbc, 0x7e, 0x7e, 0xff,
    0xfa, 0xf8, 0xf8, 0xff, 0xfb, 0xfb, 0xfb, 0xff, 0xfa, 0xfa, 0xfa, 0xff,
    0xfb, 0xfb, 0xfb, 0xff, 0xfb, 0xfb, 0xfb, 0xff, 0xfa, 0xfb, 0xfb, 0xff,
    0xfb, 0xfc, 0xfc, 0xff, 0xe6, 0xd2, 0xd2, 0xff, 0xe8, 0xd4, 0xd4, 0xff,
    0xfc, 0xfd, 0xfd, 0xff, 0xfd, 0xff, 0xff, 0xff, 0xf6, 0xf2, 0xf2, 0xff,
    0xb7, 0x71, 0x71, 0xff, 0xd3, 0xaa, 0xaa, 0xff, 0xfd, 0xfe, 0xfe, 0xff,
    0xf9, 0xf9, 0xf9, 0xff, 0xea, 0xda, 0xda, 0xff, 0xee, 0xe0, 0xe0, 0xff,
    0xee, 0xdf, 0xdf, 0xff, 0xa3, 0x4e, 0x4e, 0xff, 0x7c, 0x00, 0x00, 0xff,
    0x80, 0x00, 0x00, 0xff, 0x80, 0x00, 0x00, 0xff, 0x80, 0x00, 0x00, 0xff,
    0x7f, 0x00, 0x00, 0xff, 0x89, 0x17, 0x17, 0xff, 0x90, 0x28, 0x28, 0xff,
    0x7f, 0x01, 0x01, 0xff, 0x80, 0x00, 0x00, 0xff, 0x80, 0x00, 0x00, 0xff,
    0x7d, 0x00, 0x00, 0xff, 0x9d, 0x41, 0x41, 0xff, 0xd2, 0xaa, 0xaa, 0xff,
    0xd0, 0xa6, 0xa6, 0xff, 0xc4, 0x90, 0x90, 0xff, 0x91, 0x2c, 0x2c, 0xff,
    0xcd, 0xa0, 0xa0, 0xff, 0xe7, 0xd1, 0xd1, 0xff, 0xdf, 0xc4, 0xc4, 0xff,
    0xf5, 0xf0, 0xf0, 0xff, 0xfb, 0xfb, 0xfb, 0xff, 0xfb, 0xfb, 0xfb, 0xff,
    0xfb, 0xfb, 0xfb, 0xff, 0xfb, 0xfb, 0xfb, 0xff, 0xfb, 0xfb, 0xfb, 0xff,
    0xfb, 0xfb, 0xfb, 0xff, 0xf7, 0xf3, 0xf3, 0xff, 0xeb, 0xda, 0xda, 0xff,
    0xf9, 0xf7, 0xf7, 0xff, 0xfb, 0xfb, 0xfb, 0xff, 0xfa, 0xfa, 0xfa, 0xff,
    0xfa, 0xfa, 0xfa, 0xff, 0xfa, 0xfa, 0xfa, 0xff, 0xfb, 0xfb, 0xfb, 0xff,
    0xfb, 0xfb, 0xfb, 0xff, 0xfb, 0xfb, 0xfb, 0xff, 0xfa, 0xfb, 0xfb, 0xff,
    0xfa, 0xf9, 0xf9, 0xff, 0xf6, 0xef, 0xef, 0xff, 0xfc, 0xfb, 0xfb, 0xff,
    0xef, 0xef, 0xef, 0xff, 0xb9, 0xb8, 0xb8, 0xff, 0x92, 0x92, 0x92, 0xff,
    0xba, 0xba, 0xba, 0xff, 0xeb, 0xeb, 0xeb, 0xff, 0xff, 0xff, 0xff, 0xff,
    0xff, 0xff, 0xff, 0xff, 0xff, 0xff, 0xff, 0xff, 0xff, 0xff, 0xff, 0xff,
    0xff, 0xff, 0xff, 0xff, 0xff, 0xff, 0xff, 0xff, 0xff, 0xff, 0xff, 0xff,
    0xff, 0xff, 0xff, 0xff, 0xff, 0xff, 0xff, 0xff, 0xff, 0xff, 0xff, 0xff,
    0xff, 0xff, 0xff, 0xff, 0xff, 0xff, 0xff, 0xff, 0xff, 0xff, 0xff, 0xff,
    0xff, 0xff, 0xff, 0xff, 0xff, 0xff, 0xff, 0xff, 0xff, 0xff, 0xff, 0xff,
    0xff, 0xff, 0xff, 0xff, 0xff, 0xff, 0xff, 0xff, 0xff, 0xff, 0xff, 0xff,
    0xff, 0xff, 0xff, 0xff, 0xff, 0xff, 0xff, 0xff, 0xff, 0xff, 0xff, 0xff,
    0xff, 0xff, 0xff, 0xff, 0xff, 0xff, 0xff, 0xff, 0xff, 0xff, 0xff, 0xff,
    0xff, 0xff, 0xff, 0xff, 0xff, 0xff, 0xff, 0xff, 0xff, 0xff, 0xff, 0xff,
    0xff, 0xff, 0xff, 0xff, 0xff, 0xff, 0xff, 0xff, 0xff, 0xff, 0xff, 0xff,
    0xff, 0xff, 0xff, 0xff, 0xff, 0xff, 0xff, 0xff, 0xff, 0xff, 0xff, 0xff,
    0xff, 0xff, 0xff, 0xff, 0xff, 0xff, 0xff, 0xff, 0xff, 0xff, 0xff, 0xff,
    0xff, 0xff, 0xff, 0xff, 0xff, 0xff, 0xff, 0xff, 0xff, 0xff, 0xff, 0xff,
    0xff, 0xff, 0xff, 0xff, 0xff, 0xff, 0xff, 0xff, 0xff, 0xff, 0xff, 0xff,
    0xfe, 0xfd, 0xfa, 0xff, 0xf6, 0xd5, 0x95, 0xff, 0xf3, 0xc7, 0x74, 0xff,
    0xfb, 0xed, 0xd1, 0xff, 0xff, 0xff, 0xff, 0xff, 0xff, 0xff, 0xff, 0xff,
    0xff, 0xff, 0xff, 0xff, 0xff, 0xff, 0xff, 0xff, 0xfe, 0xfe, 0xfd, 0xff,
    0xfc, 0xf5, 0xe7, 0xff, 0xf9, 0xe7, 0xc2, 0xff, 0xf5, 0xd1, 0x8c, 0xff,
    0xf0, 0xbe, 0x57, 0xff, 0xee, 0xb3, 0x3b, 0xff, 0xec, 0xab, 0x26, 0xff,
    0xea, 0xa4, 0x15, 0xff, 0xe9, 0xa2, 0x0c, 0xff, 0xe8, 0x9e, 0x00, 0xff,
    0xe9, 0x9d, 0x00, 0xff, 0xe8, 0x9e, 0x00, 0xff, 0xe8, 0x9f, 0x00, 0xff,
    0xea, 0xa3, 0x12, 0xff, 0xec, 0xa9, 0x22, 0xff, 0xee, 0xb1, 0x37, 0xff,
    0xef, 0xbc, 0x4f, 0xff, 0xf4, 0xcc, 0x81, 0xff, 0xf8, 0xe3, 0xb8, 0xff,
    0xfc, 0xf3, 0xe1, 0xff, 0xfe, 0xfd, 0xfc, 0xff, 0xff, 0xff, 0xff, 0xff,
    0xff, 0xff, 0xff, 0xff, 0xff, 0xff, 0xff, 0xff, 0xff, 0xff, 0xff, 0xff,
    0xfe, 0xfd, 0xfb, 0xff, 0xf9, 0xe6, 0xc0, 0xff, 0xf1, 0xbf, 0x5b, 0xff,
    0xef, 0xb9, 0x4c, 0xff, 0xfc, 0xf2, 0xe0, 0xff, 0xff, 0xff, 0xff, 0xff,
    0xff, 0xff, 0xff, 0xff, 0xff, 0xff, 0xff, 0xff, 0xff, 0xff, 0xff, 0xff,
    0xff, 0xff, 0xff, 0xff, 0xff, 0xff, 0xff, 0xff, 0xff, 0xff, 0xff, 0xff,
    0xff, 0xff, 0xff, 0xff, 0xff, 0xff, 0xff, 0xff, 0xff, 0xff, 0xff, 0xff,
    0xff, 0xff, 0xff, 0xff, 0xff, 0xff, 0xff, 0xff, 0xff, 0xff, 0xff, 0xff,
    0xff, 0xff, 0xff, 0xff, 0xff, 0xff, 0xff, 0xff, 0xff, 0xff, 0xff, 0xff,
    0xff, 0xff, 0xff, 0xff, 0xff, 0xff, 0xff, 0xff, 0xff, 0xff, 0xff, 0xff,
    0xff, 0xff, 0xff, 0xff, 0xff, 0xff, 0xff, 0xff, 0xff, 0xff, 0xff, 0xff,
    0xff, 0xff, 0xff, 0xff, 0xff, 0xff, 0xff, 0xff, 0xff, 0xff, 0xff, 0xff,
    0xff, 0xff, 0xff, 0xff, 0xff, 0xff, 0xff, 0xff, 0xff, 0xff, 0xff, 0xff,
    0xff, 0xff, 0xff, 0xff, 0xff, 0xff, 0xff, 0xff, 0xff, 0xff, 0xff, 0xff,
    0xff, 0xff, 0xff, 0xff, 0xff, 0xff, 0xff, 0xff, 0xff, 0xff, 0xff, 0xff,
    0xff, 0xff, 0xff, 0xff, 0xff, 0xff, 0xff, 0xff, 0xff, 0xff, 0xff, 0xff,
    0xff, 0xff, 0xff, 0xff, 0xff, 0xff, 0xff, 0xff, 0xff, 0xff, 0xff, 0xff,
    0xff, 0xff, 0xff, 0xff, 0xff, 0xff, 0xff, 0xff, 0xff, 0xff, 0xff, 0xff,
    0xff, 0xff, 0xff, 0xff, 0xff, 0xff, 0xff, 0xff, 0xff, 0xff, 0xff, 0xff,
    0xff, 0xff, 0xff, 0xff, 0xff, 0xff, 0xff, 0xff, 0xff, 0xff, 0xff, 0xff,
    0xff, 0xff, 0xff, 0xff, 0xff, 0xff, 0xff, 0xff, 0xff, 0xff, 0xff, 0xff,
    0xff, 0xff, 0xff, 0xff, 0xff, 0xff, 0xff, 0xff, 0xff, 0xff, 0xff, 0xff,
    0xff, 0xff, 0xff, 0xff, 0xff, 0xff, 0xff, 0xff, 0xff, 0xff, 0xff, 0xff,
    0xff, 0xff, 0xff, 0xff, 0xff, 0xff, 0xff, 0xff, 0xff, 0xff, 0xff, 0xff,
    0xff, 0xff, 0xff, 0xff, 0xff, 0xff, 0xff, 0xff, 0xff, 0xff, 0xff, 0xff,
    0xff, 0xff, 0xff, 0xff, 0xff, 0xff, 0xff, 0xff, 0xff, 0xff, 0xff, 0xff,
    0xff, 0xff, 0xff, 0xff, 0xff, 0xff, 0xff, 0xff, 0xff, 0xff, 0xff, 0xff,
    0xff, 0xff, 0xff, 0xff, 0xff, 0xff, 0xff, 0xff, 0xff, 0xff, 0xff, 0xff,
    0xff, 0xff, 0xff, 0xff, 0xff, 0xff, 0xff, 0xff, 0xff, 0xff, 0xff, 0xff,
    0xff, 0xff, 0xff, 0xff, 0xff, 0xff, 0xff, 0xff, 0xff, 0xff, 0xff, 0xff,
    0xff, 0xff, 0xff, 0xff, 0xff, 0xff, 0xff, 0xff, 0xff, 0xff, 0xff, 0xff,
    0xff, 0xff, 0xff, 0xff, 0xff, 0xff, 0xff, 0xff, 0xff, 0xff, 0xff, 0xff,
    0xff, 0xff, 0xff, 0xff, 0xff, 0xff, 0xff, 0xff, 0xff, 0xff, 0xff, 0xff,
    0xff, 0xff, 0xff, 0xff, 0xff, 0xff, 0xff, 0xff, 0xff, 0xff, 0xff, 0xff,
    0xff, 0xff, 0xff, 0xff, 0xff, 0xff, 0xff, 0xff, 0xff, 0xff, 0xff, 0xff,
    0xff, 0xff, 0xff, 0xff, 0xff, 0xff, 0xff, 0xff, 0xe0, 0xe0, 0xe0, 0xff,
    0x9e, 0x9e, 0x9e, 0xff, 0x9a, 0x9b, 0x9b, 0xff, 0xd3, 0xd1, 0xd1, 0xff,
    0xf9, 0xf4, 0xf4, 0xff, 0xfd, 0xfe, 0xfe, 0xff, 0xfb, 0xfc, 0xfc, 0xff,
    0xfa, 0xfa, 0xfa, 0xff, 0xfa, 0xfa, 0xfa, 0xff, 0xfc, 0xfd, 0xfd, 0xff,
    0xfa, 0xf9, 0xf9, 0xff, 0xe7, 0xd5, 0xd5, 0xff, 0xc9, 0x98, 0x98, 0xff,
    0x9a, 0x41, 0x41, 0xff, 0x92, 0x2e, 0x2e, 0xff, 0x7f, 0x02, 0x02, 0xff,
    0x8b, 0x1d, 0x1d, 0xff, 0x95, 0x34, 0x34, 0xff, 0x80, 0x05, 0x05, 0xff,
    0x7d, 0x00, 0x00, 0xff, 0x7f, 0x00, 0x00, 0xff, 0x81, 0x04, 0x04, 0xff,
    0x81, 0x06, 0x06, 0xff, 0x8a, 0x17, 0x17, 0xff, 0x81, 0x03, 0x03, 0xff,
    0x7f, 0x00, 0x00, 0xff, 0x80, 0x00, 0x00, 0xff, 0x80, 0x00, 0x00, 0xff,
    0x80, 0x00, 0x00, 0xff, 0x7e, 0x00, 0x00, 0xff, 0x8c, 0x1f, 0x1f, 0xff,
    0x93, 0x2d, 0x2d, 0xff, 0x7e, 0x00, 0x00, 0xff, 0x7f, 0x00, 0x00, 0xff,
    0x80, 0x00, 0x00, 0xff, 0x7f, 0x00, 0x00, 0xff, 0x7f, 0x04, 0x04, 0xff,
    0xae, 0x65, 0x65, 0xff, 0xf5, 0xee, 0xee, 0xff, 0xfb, 0xfb, 0xfb, 0xff,
    0xfb, 0xfb, 0xfb, 0xff, 0xfb, 0xfb, 0xfb, 0xff, 0xfb, 0xfb, 0xfb, 0xff,
    0xfa, 0xfa, 0xfa, 0xff, 0xfb, 0xfb, 0xfb, 0xff, 0xf0, 0xe4, 0xe4, 0xff,
    0xeb, 0xd9, 0xd9, 0xff, 0xfb, 0xf9, 0xf9, 0xff, 0xf7, 0xf3, 0xf3, 0xff,
    0xfc, 0xfd, 0xfd, 0xff, 0xea, 0xd8, 0xd8, 0xff, 0xef, 0xe4, 0xe4, 0xff,
    0xfb, 0xfc, 0xfc, 0xff, 0xf7, 0xf3, 0xf3, 0xff, 0xe9, 0xd5, 0xd5, 0xff,
    0xdd, 0xbf, 0xbf, 0xff, 0xdb, 0xba, 0xba, 0xff, 0xc7, 0x95, 0x95, 0xff,
    0x83, 0x0e, 0x0e, 0xff, 0x7f, 0x00, 0x00, 0xff, 0x80, 0x00, 0x00, 0xff,
    0x80, 0x00, 0x00, 0xff, 0x80, 0x00, 0x00, 0xff, 0x7f, 0x00, 0x00, 0xff,
    0x82, 0x09, 0x09, 0xff, 0x8a, 0x19, 0x19, 0xff, 0x7e, 0x00, 0x00, 0xff,
    0x80, 0x00, 0x00, 0xff, 0x7f, 0x00, 0x00, 0xff, 0x83, 0x09, 0x09, 0xff,
    0x98, 0x34, 0x34, 0xff, 0xa1, 0x4a, 0x4a, 0xff, 0xd2, 0xa7, 0xa7, 0xff,
    0xc7, 0x93, 0x93, 0xff, 0xf4, 0xeb, 0xeb, 0xff, 0xfc, 0xfd, 0xfd, 0xff,
    0xfc, 0xfd, 0xfd, 0xff, 0xfb, 0xfb, 0xfb, 0xff, 0xfa, 0xfa, 0xfa, 0xff,
    0xfa, 0xfa, 0xfa, 0xff, 0xfa, 0xfb, 0xfb, 0xff, 0xfa, 0xfa, 0xfa, 0xff,
    0xf8, 0xf5, 0xf5, 0xff, 0xf8, 0xf5, 0xf5, 0xff, 0xfb, 0xfb, 0xfb, 0xff,
    0xfa, 0xfa, 0xfa, 0xff, 0xf9, 0xf7, 0xf7, 0xff, 0xfb, 0xfb, 0xfb, 0xff,
    0xfb, 0xfb, 0xfb, 0xff, 0xfc, 0xfd, 0xfd, 0xff, 0xfb, 0xfb, 0xfb, 0xff,
    0xfa, 0xfa, 0xfa, 0xff, 0xfa, 0xfa, 0xfa, 0xff, 0xfa, 0xfa, 0xfa, 0xff,
    0xfb, 0xfa, 0xfa, 0xff, 0xfb, 0xfb, 0xfb, 0xff, 0xfb, 0xfc, 0xfc, 0xff,
    0xf9, 0xf6, 0xf6, 0xff, 0xfa, 0xf9, 0xf9, 0xff, 0xfd, 0xfd, 0xfd, 0xff,
    0xef, 0xef, 0xef, 0xff, 0xb5, 0xb5, 0xb5, 0xff, 0x91, 0x91, 0x91, 0xff,
    0xc1, 0xc1, 0xc1, 0xff, 0xf5, 0xf5, 0xf5, 0xff, 0xff, 0xff, 0xff, 0xff,
    0xff, 0xff, 0xff, 0xff, 0xff, 0xff, 0xff, 0xff, 0xff, 0xff, 0xff, 0xff,
    0xff, 0xff, 0xff, 0xff, 0xff, 0xff, 0xff, 0xff, 0xff, 0xff, 0xff, 0xff,
    0xff, 0xff, 0xff, 0xff, 0xff, 0xff, 0xff, 0xff, 0xff, 0xff, 0xff, 0xff,
    0xff, 0xff, 0xff, 0xff, 0xff, 0xff, 0xff, 0xff, 0xff, 0xff, 0xff, 0xff,
    0xff, 0xff, 0xff, 0xff, 0xff, 0xff, 0xff, 0xff, 0xff, 0xff, 0xff, 0xff,
    0xff, 0xff, 0xff, 0xff, 0xff, 0xff, 0xff, 0xff, 0xff, 0xff, 0xff, 0xff,
    0xff, 0xff, 0xff, 0xff, 0xff, 0xff, 0xff, 0xff, 0xff, 0xff, 0xff, 0xff,
    0xff, 0xff, 0xff, 0xff, 0xff, 0xff, 0xff, 0xff, 0xff, 0xff, 0xff, 0xff,
    0xff, 0xff, 0xff, 0xff, 0xff, 0xff, 0xff, 0xff, 0xff, 0xff, 0xff, 0xff,
    0xff, 0xff, 0xff, 0xff, 0xff, 0xff, 0xff, 0xff, 0xff, 0xff, 0xff, 0xff,
    0xff, 0xff, 0xff, 0xff, 0xff, 0xff, 0xff, 0xff, 0xff, 0xff, 0xff, 0xff,
    0xff, 0xff, 0xff, 0xff, 0xff, 0xff, 0xff, 0xff, 0xff, 0xff, 0xff, 0xff,
    0xff, 0xff, 0xff, 0xff, 0xff, 0xff, 0xff, 0xff, 0xff, 0xff, 0xff, 0xff,
    0xff, 0xff, 0xff, 0xff, 0xff, 0xff, 0xff, 0xff, 0xfe, 0xfd, 0xfb, 0xff,
    0xfe, 0xfd, 0xfb, 0xff, 0xff, 0xff, 0xff, 0xff, 0xff, 0xff, 0xff, 0xff,
    0xff, 0xff, 0xff, 0xff, 0xfe, 0xfb, 0xf5, 0xff, 0xf9, 0xe7, 0xc4, 0xff,
    0xf4, 0xcd, 0x7e, 0xff, 0xee, 0xb2, 0x3a, 0xff, 0xea, 0xa3, 0x0c, 0xff,
    0xe9, 0x9f, 0x04, 0xff, 0xe8, 0x9d, 0x00, 0xff, 0xe8, 0x9d, 0x00, 0xff,
    0xe8, 0x9d, 0x00, 0xff, 0xe8, 0x9e, 0x00, 0xff, 0xe8, 0x9e, 0x00, 0xff,
    0xe8, 0x9e, 0x00, 0xff, 0xe8, 0x9e, 0x00, 0xff, 0xe8, 0x9e, 0x00, 0xff,
    0xe8, 0x9e, 0x00, 0xff, 0xe8, 0x9e, 0x00, 0xff, 0xe8, 0x9e, 0x00, 0xff,
    0xe8, 0x9d, 0x00, 0xff, 0xe8, 0x9d, 0x00, 0xff, 0xe9, 0x9e, 0x02, 0xff,
    0xea, 0xa2, 0x0a, 0xff, 0xec, 0xae, 0x2e, 0xff, 0xf3, 0xca, 0x77, 0xff,
    0xf8, 0xe2, 0xb6, 0xff, 0xfd, 0xf8, 0xef, 0xff, 0xff, 0xff, 0xff, 0xff,
    0xff, 0xff, 0xff, 0xff, 0xff, 0xff, 0xff, 0xff, 0xff, 0xff, 0xff, 0xff,
    0xfd, 0xf9, 0xf1, 0xff, 0xfd, 0xf6, 0xe8, 0xff, 0xff, 0xff, 0xff, 0xff,
    0xff, 0xff, 0xff, 0xff, 0xff, 0xff, 0xff, 0xff, 0xff, 0xff, 0xff, 0xff,
    0xff, 0xff, 0xff, 0xff, 0xff, 0xff, 0xff, 0xff, 0xff, 0xff, 0xff, 0xff,
    0xff, 0xff, 0xff, 0xff, 0xff, 0xff, 0xff, 0xff, 0xff, 0xff, 0xff, 0xff,
    0xff, 0xff, 0xff, 0xff, 0xff, 0xff, 0xff, 0xff, 0xff, 0xff, 0xff, 0xff,
    0xff, 0xff, 0xff, 0xff, 0xff, 0xff, 0xff, 0xff, 0xff, 0xff, 0xff, 0xff,
    0xff, 0xff, 0xff, 0xff, 0xff, 0xff, 0xff, 0xff, 0xff, 0xff, 0xff, 0xff,
    0xff, 0xff, 0xff, 0xff, 0xff, 0xff, 0xff, 0xff, 0xff, 0xff, 0xff, 0xff,
    0xff, 0xff, 0xff, 0xff, 0xff, 0xff, 0xff, 0xff, 0xff, 0xff, 0xff, 0xff,
    0xff, 0xff, 0xff, 0xff, 0xff, 0xff, 0xff, 0xff, 0xff, 0xff, 0xff, 0xff,
    0xff, 0xff, 0xff, 0xff, 0xff, 0xff, 0xff, 0xff, 0xff, 0xff, 0xff, 0xff,
    0xff, 0xff, 0xff, 0xff, 0xff, 0xff, 0xff, 0xff, 0xff, 0xff, 0xff, 0xff,
    0xff, 0xff, 0xff, 0xff, 0xff, 0xff, 0xff, 0xff, 0xff, 0xff, 0xff, 0xff,
    0xff, 0xff, 0xff, 0xff, 0xff, 0xff, 0xff, 0xff, 0xff, 0xff, 0xff, 0xff,
    0xff, 0xff, 0xff, 0xff, 0xff, 0xff, 0xff, 0xff, 0xff, 0xff, 0xff, 0xff,
    0xff, 0xff, 0xff, 0xff, 0xff, 0xff, 0xff, 0xff, 0xff, 0xff, 0xff, 0xff,
    0xff, 0xff, 0xff, 0xff, 0xff, 0xff, 0xff, 0xff, 0xff, 0xff, 0xff, 0xff,
    0xff, 0xff, 0xff, 0xff, 0xff, 0xff, 0xff, 0xff, 0xff, 0xff, 0xff, 0xff,
    0xff, 0xff, 0xff, 0xff, 0xff, 0xff, 0xff, 0xff, 0xff, 0xff, 0xff, 0xff,
    0xff, 0xff, 0xff, 0xff, 0xff, 0xff, 0xff, 0xff, 0xff, 0xff, 0xff, 0xff,
    0xff, 0xff, 0xff, 0xff, 0xff, 0xff, 0xff, 0xff, 0xff, 0xff, 0xff, 0xff,
    0xff, 0xff, 0xff, 0xff, 0xff, 0xff, 0xff, 0xff, 0xff, 0xff, 0xff, 0xff,
    0xff, 0xff, 0xff, 0xff, 0xff, 0xff, 0xff, 0xff, 0xff, 0xff, 0xff, 0xff,
    0xff, 0xff, 0xff, 0xff, 0xff, 0xff, 0xff, 0xff, 0xff, 0xff, 0xff, 0xff,
    0xff, 0xff, 0xff, 0xff, 0xff, 0xff, 0xff, 0xff, 0xff, 0xff, 0xff, 0xff,
    0xff, 0xff, 0xff, 0xff, 0xff, 0xff, 0xff, 0xff, 0xff, 0xff, 0xff, 0xff,
    0xff, 0xff, 0xff, 0xff, 0xff, 0xff, 0xff, 0xff, 0xff, 0xff, 0xff, 0xff,
    0xff, 0xff, 0xff, 0xff, 0xff, 0xff, 0xff, 0xff, 0xff, 0xff, 0xff, 0xff,
    0xff, 0xff, 0xff, 0xff, 0xff, 0xff, 0xff, 0xff, 0xff, 0xff, 0xff, 0xff,
    0xff, 0xff, 0xff, 0xff, 0xff, 0xff, 0xff, 0xff, 0xff, 0xff, 0xff, 0xff,
    0xff, 0xff, 0xff, 0xff, 0xff, 0xff, 0xff, 0xff, 0xff, 0xff, 0xff, 0xff,
    0xff, 0xff, 0xff, 0xff, 0xff, 0xff, 0xff, 0xff, 0xff, 0xff, 0xff, 0xff,
    0xff, 0xff, 0xff, 0xff, 0xf6, 0xf6, 0xf6, 0xff, 0xb7, 0xb6, 0xb6, 0xff,
    0x96, 0x96, 0x96, 0xff, 0xca, 0xca, 0xca, 0xff, 0xf5, 0xf5, 0xf5, 0xff,
    0xfd, 0xfd, 0xfd, 0xff, 0xfb, 0xfb, 0xfb, 0xff, 0xfa, 0xfa, 0xfa, 0xff,
    0xfb, 0xfb, 0xfb, 0xff, 0xfc, 0xfd, 0xfd, 0xff, 0xfb, 0xfb, 0xfb, 0xff,
    0xeb, 0xda, 0xda, 0xff, 0xcb, 0x9c, 0x9c, 0xff, 0xa1, 0x47, 0x47, 0xff,
    0x8b, 0x1e, 0x1e, 0xff, 0x8c, 0x1f, 0x1f, 0xff, 0x87, 0x14, 0x14, 0xff,
    0x7f, 0x00, 0x00, 0xff, 0x80, 0x02, 0x02, 0xff, 0x7e, 0x00, 0x00, 0xff,
    0x7f, 0x00, 0x00, 0xff, 0x80, 0x00, 0x00, 0xff, 0x80, 0x04, 0x04, 0xff,
    0x9d, 0x41, 0x41, 0xff, 0x8c, 0x1f, 0x1f, 0xff, 0x7e, 0x00, 0x00, 0xff,
    0x7f, 0x00, 0x00, 0xff, 0x80, 0x00, 0x00, 0xff, 0x80, 0x00, 0x00, 0xff,
    0x80, 0x00, 0x00, 0xff, 0x7f, 0x00, 0x00, 0xff, 0x7f, 0x01, 0x01, 0xff,
    0x95, 0x2f, 0x2f, 0xff, 0x8b, 0x1b, 0x1b, 0xff, 0x7f, 0x00, 0x00, 0xff,
    0x80, 0x00, 0x00, 0xff, 0x80, 0x00, 0x00, 0xff, 0x80, 0x00, 0x00, 0xff,
    0x7c, 0x00, 0x00, 0xff, 0xa3, 0x4e, 0x4e, 0xff, 0xea, 0xd7, 0xd7, 0xff,
    0xfa, 0xfa, 0xfa, 0xff, 0xfb, 0xfb, 0xfb, 0xff, 0xfb, 0xfb, 0xfb, 0xff,
    0xfb, 0xfb, 0xfb, 0xff, 0xfb, 0xfb, 0xfb, 0xff, 0xfa, 0xfb, 0xfb, 0xff,
    0xfb, 0xfb, 0xfb, 0xff, 0xf4, 0xeb, 0xeb, 0xff, 0xea, 0xd6, 0xd6, 0xff,
    0xc5, 0x91, 0x91, 0xff, 0xe4, 0xcd, 0xcd, 0xff, 0xfd, 0xfe, 0xfe, 0xff,
    0xfc, 0xfe, 0xfe, 0xff, 0xfb, 0xfb, 0xfb, 0xff, 0xf7, 0xf3, 0xf3, 0xff,
    0xe9, 0xd6, 0xd6, 0xff, 0xa2, 0x4b, 0x4b, 0xff, 0xa3, 0x4e, 0x4e, 0xff,
    0xd5, 0xb1, 0xb1, 0xff, 0xb3, 0x6c, 0x6c, 0xff, 0x80, 0x05, 0x05, 0xff,
    0x7f, 0x00, 0x00, 0xff, 0x80, 0x00, 0x00, 0xff, 0x80, 0x00, 0x00, 0xff,
    0x7f, 0x00, 0x00, 0xff, 0x8a, 0x16, 0x16, 0xff, 0x9e, 0x46, 0x46, 0xff,
    0x7f, 0x05, 0x05, 0xff, 0x7f, 0x00, 0x00, 0xff, 0x80, 0x00, 0x00, 0xff,
    0x7f, 0x00, 0x00, 0xff, 0x7e, 0x00, 0x00, 0xff, 0x7d, 0x00, 0x00, 0xff,
    0x99, 0x37, 0x37, 0xff, 0xe0, 0xc4, 0xc4, 0xff, 0xfc, 0xfc, 0xfc, 0xff,
    0xfa, 0xfb, 0xfb, 0xff, 0xfa, 0xfa, 0xfa, 0xff, 0xfb, 0xfb, 0xfb, 0xff,
    0xfb, 0xfc, 0xfc, 0xff, 0xfb, 0xfc, 0xfc, 0xff, 0xfb, 0xfb, 0xfb, 0xff,
    0xfb, 0xfb, 0xfb, 0xff, 0xf6, 0xf1, 0xf1, 0xff, 0xeb, 0xdb, 0xdb, 0xff,
    0xf1, 0xe8, 0xe8, 0xff, 0xf1, 0xe4, 0xe4, 0xff, 0xee, 0xe1, 0xe1, 0xff,
    0xfb, 0xfc, 0xfc, 0xff, 0xf9, 0xf6, 0xf6, 0xff, 0xef, 0xe1, 0xe1, 0xff,
    0xf9, 0xf8, 0xf8, 0xff, 0xfb, 0xfb, 0xfb, 0xff, 0xfb, 0xfc, 0xfc, 0xff,
    0xfb, 0xfb, 0xfb, 0xff, 0xfb, 0xfb, 0xfb, 0xff, 0xfa, 0xfa, 0xfa, 0xff,
    0xf7, 0xf2, 0xf2, 0xff, 0xf1, 0xe4, 0xe4, 0xff, 0xf0, 0xe3, 0xe3, 0xff,
    0xfb, 0xfb, 0xfb, 0xff, 0xfc, 0xfc, 0xfc, 0xff, 0xfc, 0xfc, 0xfc, 0xff,
    0xe5, 0xe5, 0xe5, 0xff, 0xb0, 0xb0, 0xb0, 0xff, 0x9b, 0x9b, 0x9b, 0xff,
    0xdb, 0xdb, 0xdb, 0xff, 0xff, 0xff, 0xff, 0xff, 0xff, 0xff, 0xff, 0xff,
    0xff, 0xff, 0xff, 0xff, 0xff, 0xff, 0xff, 0xff, 0xff, 0xff, 0xff, 0xff,
    0xff, 0xff, 0xff, 0xff, 0xff, 0xff, 0xff, 0xff, 0xff, 0xff, 0xff, 0xff,
    0xff, 0xff, 0xff, 0xff, 0xff, 0xff, 0xff, 0xff, 0xff, 0xff, 0xff, 0xff,
    0xff, 0xff, 0xff, 0xff, 0xff, 0xff, 0xff, 0xff, 0xff, 0xff, 0xff, 0xff,
    0xff, 0xff, 0xff, 0xff, 0xff, 0xff, 0xff, 0xff, 0xff, 0xff, 0xff, 0xff,
    0xff, 0xff, 0xff, 0xff, 0xff, 0xff, 0xff, 0xff, 0xff, 0xff, 0xff, 0xff,
    0xff, 0xff, 0xff, 0xff, 0xff, 0xff, 0xff, 0xff, 0xff, 0xff, 0xff, 0xff,
    0xff, 0xff, 0xff, 0xff, 0xff, 0xff, 0xff, 0xff, 0xff, 0xff, 0xff, 0xff,
    0xff, 0xff, 0xff, 0xff, 0xff, 0xff, 0xff, 0xff, 0xff, 0xff, 0xff, 0xff,
    0xff, 0xff, 0xff, 0xff, 0xff, 0xff, 0xff, 0xff, 0xff, 0xff, 0xff, 0xff,
    0xff, 0xff, 0xff, 0xff, 0xff, 0xff, 0xff, 0xff, 0xff, 0xff, 0xff, 0xff,
    0xff, 0xff, 0xff, 0xff, 0xff, 0xff, 0xff, 0xff, 0xff, 0xff, 0xff, 0xff,
    0xff, 0xff, 0xff, 0xff, 0xff, 0xff, 0xff, 0xff, 0xff, 0xff, 0xff, 0xff,
    0xff, 0xff, 0xff, 0xff, 0xff, 0xff, 0xff, 0xff, 0xff, 0xff, 0xff, 0xff,
    0xfe, 0xfa, 0xf5, 0xff, 0xf9, 0xe4, 0xbc, 0xff, 0xf0, 0xbf, 0x5d, 0xff,
    0xeb, 0xa8, 0x1c, 0xff, 0xe8, 0x9e, 0x00, 0xff, 0xe8, 0x9e, 0x00, 0xff,
    0xe8, 0x9f, 0x00, 0xff, 0xe8, 0x9d, 0x00, 0xff, 0xe9, 0x9f, 0x03, 0xff,
    0xea, 0xa4, 0x13, 0xff, 0xec, 0xa9, 0x1f, 0xff, 0xed, 0xb0, 0x30, 0xff,
    0xee, 0xb7, 0x49, 0xff, 0xef, 0xb9, 0x50, 0xff, 0xf0, 0xbd, 0x5b, 0xff,
    0xef, 0xba, 0x53, 0xff, 0xee, 0xb7, 0x49, 0xff, 0xed, 0xb3, 0x38, 0xff,
    0xec, 0xaa, 0x21, 0xff, 0xeb, 0xa6, 0x19, 0xff, 0xe9, 0xa1, 0x08, 0xff,
    0xe8, 0x9d, 0x00, 0xff, 0xe8, 0x9e, 0x00, 0xff, 0xe8, 0x9f, 0x00, 0xff,
    0xe8, 0x9d, 0x00, 0xff, 0xea, 0xa5, 0x13, 0xff, 0xef, 0xb9, 0x4b, 0xff,
    0xf7, 0xdd, 0xaa, 0xff, 0xfd, 0xf7, 0xed, 0xff, 0xff, 0xff, 0xff, 0xff,
    0xff, 0xff, 0xff, 0xff, 0xff, 0xff, 0xff, 0xff, 0xff, 0xff, 0xff, 0xff,
    0xff, 0xff, 0xff, 0xff, 0xff, 0xff, 0xff, 0xff, 0xff, 0xff, 0xff, 0xff,
    0xff, 0xff, 0xff, 0xff, 0xff, 0xff, 0xff, 0xff, 0xff, 0xff, 0xff, 0xff,
    0xff, 0xff, 0xff, 0xff, 0xff, 0xff, 0xff, 0xff, 0xff, 0xff, 0xff, 0xff,
    0xff, 0xff, 0xff, 0xff, 0xff, 0xff, 0xff, 0xff, 0xff, 0xff, 0xff, 0xff,
    0xff, 0xff, 0xff, 0xff, 0xff, 0xff, 0xff, 0xff, 0xff, 0xff, 0xff, 0xff,
    0xff, 0xff, 0xff, 0xff, 0xff, 0xff, 0xff, 0xff, 0xff, 0xff, 0xff, 0xff,
    0xff, 0xff, 0xff, 0xff, 0xff, 0xff, 0xff, 0xff, 0xff, 0xff, 0xff, 0xff,
    0xff, 0xff, 0xff, 0xff, 0xff, 0xff, 0xff, 0xff, 0xff, 0xff, 0xff, 0xff,
    0xff, 0xff, 0xff, 0xff, 0xff, 0xff, 0xff, 0xff, 0xff, 0xff, 0xff, 0xff,
    0xff, 0xff, 0xff, 0xff, 0xff, 0xff, 0xff, 0xff, 0xff, 0xff, 0xff, 0xff,
    0xff, 0xff, 0xff, 0xff, 0xff, 0xff, 0xff, 0xff, 0xff, 0xff, 0xff, 0xff,
    0xff, 0xff, 0xff, 0xff, 0xff, 0xff, 0xff, 0xff, 0xff, 0xff, 0xff, 0xff,
    0xff, 0xff, 0xff, 0xff, 0xff, 0xff, 0xff, 0xff, 0xff, 0xff, 0xff, 0xff,
    0xff, 0xff, 0xff, 0xff, 0xff, 0xff, 0xff, 0xff, 0xff, 0xff, 0xff, 0xff,
    0xff, 0xff, 0xff, 0xff, 0xff, 0xff, 0xff, 0xff, 0xff, 0xff, 0xff, 0xff,
    0xff, 0xff, 0xff, 0xff, 0xff, 0xff, 0xff, 0xff, 0xff, 0xff, 0xff, 0xff,
    0xff, 0xff, 0xff, 0xff, 0xff, 0xff, 0xff, 0xff, 0xff, 0xff, 0xff, 0xff,
    0xff, 0xff, 0xff, 0xff, 0xff, 0xff, 0xff, 0xff, 0xff, 0xff, 0xff, 0xff,
    0xff, 0xff, 0xff, 0xff, 0xff, 0xff, 0xff, 0xff, 0xff, 0xff, 0xff, 0xff,
    0xff, 0xff, 0xff, 0xff, 0xff, 0xff, 0xff, 0xff, 0xff, 0xff, 0xff, 0xff,
    0xff, 0xff, 0xff, 0xff, 0xff, 0xff, 0xff, 0xff, 0xff, 0xff, 0xff, 0xff,
    0xff, 0xff, 0xff, 0xff, 0xff, 0xff, 0xff, 0xff, 0xff, 0xff, 0xff, 0xff,
    0xff, 0xff, 0xff, 0xff, 0xff, 0xff, 0xff, 0xff, 0xff, 0xff, 0xff, 0xff,
    0xff, 0xff, 0xff, 0xff, 0xff, 0xff, 0xff, 0xff, 0xff, 0xff, 0xff, 0xff,
    0xff, 0xff, 0xff, 0xff, 0xff, 0xff, 0xff, 0xff, 0xff, 0xff, 0xff, 0xff,
    0xff, 0xff, 0xff, 0xff, 0xff, 0xff, 0xff, 0xff, 0xff, 0xff, 0xff, 0xff,
    0xff, 0xff, 0xff, 0xff, 0xff, 0xff, 0xff, 0xff, 0xff, 0xff, 0xff, 0xff,
    0xff, 0xff, 0xff, 0xff, 0xff, 0xff, 0xff, 0xff, 0xff, 0xff, 0xff, 0xff,
    0xff, 0xff, 0xff, 0xff, 0xff, 0xff, 0xff, 0xff, 0xff, 0xff, 0xff, 0xff,
    0xff, 0xff, 0xff, 0xff, 0xff, 0xff, 0xff, 0xff, 0xff, 0xff, 0xff, 0xff,
    0xff, 0xff, 0xff, 0xff, 0xff, 0xff, 0xff, 0xff, 0xff, 0xff, 0xff, 0xff,
    0xfe, 0xfe, 0xfe, 0xff, 0xdb, 0xdb, 0xdb, 0xff, 0x9b, 0x9b, 0x9b, 0xff,
    0xa9, 0xa9, 0xa9, 0xff, 0xe9, 0xe9, 0xe9, 0xff, 0xfd, 0xfd, 0xfd, 0xff,
    0xfb, 0xfb, 0xfb, 0xff, 0xfb, 0xfb, 0xfb, 0xff, 0xfc, 0xfd, 0xfd, 0xff,
    0xfd, 0xff, 0xff, 0xff, 0xfc, 0xfc, 0xfc, 0xff, 0xea, 0xd7, 0xd7, 0xff,
    0xca, 0x9a, 0x9a, 0xff, 0xa9, 0x56, 0x56, 0xff, 0x8d, 0x26, 0x26, 0xff,
    0x92, 0x29, 0x29, 0xff, 0x90, 0x2a, 0x2a, 0xff, 0x7e, 0x00, 0x00, 0xff,
    0x7f, 0x00, 0x00, 0xff, 0x80, 0x00, 0x00, 0xff, 0x7f, 0x00, 0x00, 0xff,
    0x7f, 0x00, 0x00, 0xff, 0x80, 0x00, 0x00, 0xff, 0x7f, 0x00, 0x00, 0xff,
    0x83, 0x0d, 0x0d, 0xff, 0x91, 0x2a, 0x2a, 0xff, 0x83, 0x09, 0x09, 0xff,
    0x7f, 0x00, 0x00, 0xff, 0x80, 0x00, 0x00, 0xff, 0x80, 0x00, 0x00, 0xff,
    0x80, 0x00, 0x00, 0xff, 0x80, 0x00, 0x00, 0xff, 0x7f, 0x00, 0x00, 0xff,
    0x86, 0x10, 0x10, 0xff, 0x83, 0x0a, 0x0a, 0xff, 0x7f, 0x00, 0x00, 0xff,
    0x7f, 0x00, 0x00, 0xff, 0x80, 0x00, 0x00, 0xff, 0x80, 0x00, 0x00, 0xff,
    0x7f, 0x00, 0x00, 0xff, 0x7e, 0x02, 0x02, 0xff, 0xb5, 0x70, 0x70, 0xff,
    0xf9, 0xf8, 0xf8, 0xff, 0xfb, 0xfb, 0xfb, 0xff, 0xfa, 0xfa, 0xfa, 0xff,
    0xfb, 0xfb, 0xfb, 0xff, 0xfb, 0xfb, 0xfb, 0xff, 0xfb, 0xfb, 0xfb, 0xff,
    0xfa, 0xfa, 0xfa, 0xff, 0xfb, 0xfb, 0xfb, 0xff, 0xfc, 0xfc, 0xfc, 0xff,
    0xf1, 0xe6, 0xe6, 0xff, 0xcc, 0x9d, 0x9d, 0xff, 0xcf, 0xa4, 0xa4, 0xff,
    0xdb, 0xbd, 0xbd, 0xff, 0xf4, 0xed, 0xed, 0xff, 0xfa, 0xf9, 0xf9, 0xff,
    0xfa, 0xf8, 0xf8, 0xff, 0xee, 0xe0, 0xe0, 0xff, 0xd1, 0xa7, 0xa7, 0xff,
    0xab, 0x5e, 0x5e, 0xff, 0x8f, 0x29, 0x29, 0xff, 0x8f, 0x22, 0x22, 0xff,
    0x81, 0x03, 0x03, 0xff, 0x7f, 0x00, 0x00, 0xff, 0x80, 0x00, 0x00, 0xff,
    0x80, 0x00, 0x00, 0xff, 0x7f, 0x00, 0x00, 0xff, 0x82, 0x05, 0x05, 0xff,
    0x88, 0x19, 0x19, 0xff, 0x80, 0x03, 0x03, 0xff, 0x7f, 0x00, 0x00, 0xff,
    0x80, 0x00, 0x00, 0xff, 0x80, 0x00, 0x00, 0xff, 0x7f, 0x00, 0x00, 0xff,
    0x7f, 0x00, 0x00, 0xff, 0x88, 0x19, 0x19, 0xff, 0x9b, 0x42, 0x42, 0xff,
    0xdd, 0xc1, 0xc1, 0xff, 0xfc, 0xfd, 0xfd, 0xff, 0xfc, 0xfd, 0xfd, 0xff,
    0xf8, 0xf4, 0xf4, 0xff, 0xee, 0xe1, 0xe1, 0xff, 0xee, 0xe2, 0xe2, 0xff,
    0xfc, 0xfd, 0xfd, 0xff, 0xfb, 0xfc, 0xfc, 0xff, 0xfc, 0xfd, 0xfd, 0xff,
    0xd9, 0xb8, 0xb8, 0xff, 0xc4, 0x8f, 0x8f, 0xff, 0xce, 0xa2, 0xa2, 0xff,
    0xef, 0xe2, 0xe2, 0xff, 0xfe, 0xff, 0xff, 0xff, 0xe8, 0xd6, 0xd6, 0xff,
    0x9c, 0x42, 0x42, 0xff, 0xda, 0xb9, 0xb9, 0xff, 0xfc, 0xfd, 0xfd, 0xff,
    0xef, 0xe2, 0xe2, 0xff, 0xf5, 0xf0, 0xf0, 0xff, 0xfb, 0xfb, 0xfb, 0xff,
    0xfa, 0xf9, 0xf9, 0xff, 0xe7, 0xd3, 0xd3, 0xff, 0xed, 0xde, 0xde, 0xff,
    0xf8, 0xf5, 0xf5, 0xff, 0xfb, 0xfc, 0xfc, 0xff, 0xfb, 0xfb, 0xfb, 0xff,
    0xfb, 0xfb, 0xfb, 0xff, 0xfc, 0xfc, 0xfc, 0xff, 0xfb, 0xfb, 0xfb, 0xff,
    0xd0, 0xd0, 0xd0, 0xff, 0x96, 0x96, 0x96, 0xff, 0xb3, 0xb3, 0xb3, 0xff,
    0xf4, 0xf4, 0xf4, 0xff, 0xff, 0xff, 0xff, 0xff, 0xff, 0xff, 0xff, 0xff,
    0xff, 0xff, 0xff, 0xff, 0xff, 0xff, 0xff, 0xff, 0xff, 0xff, 0xff, 0xff,
    0xff, 0xff, 0xff, 0xff, 0xff, 0xff, 0xff, 0xff, 0xff, 0xff, 0xff, 0xff,
    0xff, 0xff, 0xff, 0xff, 0xff, 0xff, 0xff, 0xff, 0xff, 0xff, 0xff, 0xff,
    0xff, 0xff, 0xff, 0xff, 0xff, 0xff, 0xff, 0xff, 0xff, 0xff, 0xff, 0xff,
    0xff, 0xff, 0xff, 0xff, 0xff, 0xff, 0xff, 0xff, 0xff, 0xff, 0xff, 0xff,
    0xff, 0xff, 0xff, 0xff, 0xff, 0xff, 0xff, 0xff, 0xff, 0xff, 0xff, 0xff,
    0xff, 0xff, 0xff, 0xff, 0xff, 0xff, 0xff, 0xff, 0xff, 0xff, 0xff, 0xff,
    0xff, 0xff, 0xff, 0xff, 0xff, 0xff, 0xff, 0xff, 0xff, 0xff, 0xff, 0xff,
    0xff, 0xff, 0xff, 0xff, 0xff, 0xff, 0xff, 0xff, 0xff, 0xff, 0xff, 0xff,
    0xff, 0xff, 0xff, 0xff, 0xff, 0xff, 0xff, 0xff, 0xff, 0xff, 0xff, 0xff,
    0xff, 0xff, 0xff, 0xff, 0xff, 0xff, 0xff, 0xff, 0xff, 0xff, 0xff, 0xff,
    0xff, 0xff, 0xff, 0xff, 0xff, 0xff, 0xff, 0xff, 0xff, 0xff, 0xff, 0xff,
    0xff, 0xff, 0xff, 0xff, 0xff, 0xff, 0xff, 0xff, 0xff, 0xff, 0xff, 0xff,
    0xfd, 0xf8, 0xed, 0xff, 0xf2, 0xc5, 0x6a, 0xff, 0xea, 0xa4, 0x13, 0xff,
    0xe8, 0x9e, 0x00, 0xff, 0xe8, 0x9e, 0x00, 0xff, 0xe8, 0x9e, 0x00, 0xff,
    0xe9, 0xa0, 0x06, 0xff, 0xec, 0xac, 0x2a, 0xff, 0xf0, 0xbe, 0x58, 0xff,
    0xf5, 0xd2, 0x8d, 0xff, 0xf8, 0xe1, 0xb7, 0xff, 0xfb, 0xef, 0xd7, 0xff,
    0xfd, 0xf6, 0xe9, 0xff, 0xfe, 0xfb, 0xf6, 0xff, 0xfe, 0xfc, 0xf8, 0xff,
    0xfe, 0xfc, 0xf9, 0xff, 0xfe, 0xfc, 0xf8, 0xff, 0xfe, 0xfb, 0xf6, 0xff,
    0xfd, 0xf9, 0xef, 0xff, 0xfb, 0xf1, 0xdc, 0xff, 0xf9, 0xe7, 0xc6, 0xff,
    0xf6, 0xd7, 0x9a, 0xff, 0xf2, 0xc5, 0x67, 0xff, 0xee, 0xb2, 0x3c, 0xff,
    0xe9, 0xa2, 0x0c, 0xff, 0xe8, 0x9e, 0x00, 0xff, 0xe8, 0x9e, 0x00, 0xff,
    0xe8, 0x9e, 0x00, 0xff, 0xe9, 0xa2, 0x0a, 0xff, 0xef, 0xb8, 0x4b, 0xff,
    0xf8, 0xe1, 0xb4, 0xff, 0xfe, 0xfe, 0xfc, 0xff, 0xff, 0xff, 0xff, 0xff,
    0xff, 0xff, 0xff, 0xff, 0xff, 0xff, 0xff, 0xff, 0xff, 0xff, 0xff, 0xff,
    0xff, 0xff, 0xff, 0xff, 0xff, 0xff, 0xff, 0xff, 0xff, 0xff, 0xff, 0xff,
    0xff, 0xff, 0xff, 0xff, 0xff, 0xff, 0xff, 0xff, 0xff, 0xff, 0xff, 0xff,
    0xff, 0xff, 0xff, 0xff, 0xff, 0xff, 0xff, 0xff, 0xff, 0xff, 0xff, 0xff,
    0xff, 0xff, 0xff, 0xff, 0xff, 0xff, 0xff, 0xff, 0xff, 0xff, 0xff, 0xff,
    0xff, 0xff, 0xff, 0xff, 0xff, 0xff, 0xff, 0xff, 0xff, 0xff, 0xff, 0xff,
    0xff, 0xff, 0xff, 0xff, 0xff, 0xff, 0xff, 0xff, 0xff, 0xff, 0xff, 0xff,
    0xff, 0xff, 0xff, 0xff, 0xff, 0xff, 0xff, 0xff, 0xff, 0xff, 0xff, 0xff,
    0xff, 0xff, 0xff, 0xff, 0xff, 0xff, 0xff, 0xff, 0xff, 0xff, 0xff, 0xff,
    0xff, 0xff, 0xff, 0xff, 0xff, 0xff, 0xff, 0xff, 0xff, 0xff, 0xff, 0xff,
    0xff, 0xff, 0xff, 0xff, 0xff, 0xff, 0xff, 0xff, 0xff, 0xff, 0xff, 0xff,
    0xff, 0xff, 0xff, 0xff, 0xff, 0xff, 0xff, 0xff, 0xff, 0xff, 0xff, 0xff,
    0xff, 0xff, 0xff, 0xff, 0xff, 0xff, 0xff, 0xff, 0xff, 0xff, 0xff, 0xff,
    0xff, 0xff, 0xff, 0xff, 0xff, 0xff, 0xff, 0xff, 0xff, 0xff, 0xff, 0xff,
    0xff, 0xff, 0xff, 0xff, 0xff, 0xff, 0xff, 0xff, 0xff, 0xff, 0xff, 0xff,
    0xff, 0xff, 0xff, 0xff, 0xff, 0xff, 0xff, 0xff, 0xff, 0xff, 0xff, 0xff,
    0xff, 0xff, 0xff, 0xff, 0xff, 0xff, 0xff, 0xff, 0xff, 0xff, 0xff, 0xff,
    0xff, 0xff, 0xff, 0xff, 0xff, 0xff, 0xff, 0xff, 0xff, 0xff, 0xff, 0xff,
    0xff, 0xff, 0xff, 0xff, 0xff, 0xff, 0xff, 0xff, 0xff, 0xff, 0xff, 0xff,
    0xff, 0xff, 0xff, 0xff, 0xff, 0xff, 0xff, 0xff, 0xff, 0xff, 0xff, 0xff,
    0xff, 0xff, 0xff, 0xff, 0xff, 0xff, 0xff, 0xff, 0xff, 0xff, 0xff, 0xff,
    0xff, 0xff, 0xff, 0xff, 0xff, 0xff, 0xff, 0xff, 0xff, 0xff, 0xff, 0xff,
    0xff, 0xff, 0xff, 0xff, 0xff, 0xff, 0xff, 0xff, 0xff, 0xff, 0xff, 0xff,
    0xff, 0xff, 0xff, 0xff, 0xff, 0xff, 0xff, 0xff, 0xff, 0xff, 0xff, 0xff,
    0xff, 0xff, 0xff, 0xff, 0xff, 0xff, 0xff, 0xff, 0xff, 0xff, 0xff, 0xff,
    0xff, 0xff, 0xff, 0xff, 0xff, 0xff, 0xff, 0xff, 0xff, 0xff, 0xff, 0xff,
    0xff, 0xff, 0xff, 0xff, 0xff, 0xff, 0xff, 0xff, 0xff, 0xff, 0xff, 0xff,
    0xff, 0xff, 0xff, 0xff, 0xff, 0xff, 0xff, 0xff, 0xff, 0xff, 0xff, 0xff,
    0xff, 0xff, 0xff, 0xff, 0xff, 0xff, 0xff, 0xff, 0xff, 0xff, 0xff, 0xff,
    0xff, 0xff, 0xff, 0xff, 0xff, 0xff, 0xff, 0xff, 0xff, 0xff, 0xff, 0xff,
    0xff, 0xff, 0xff, 0xff, 0xff, 0xff, 0xff, 0xff, 0xff, 0xff, 0xff, 0xff,
    0xfb, 0xfb, 0xfb, 0xff, 0xbd, 0xbd, 0xbd, 0xff, 0x8a, 0x8a, 0x8a, 0xff,
    0xce, 0xce, 0xce, 0xff, 0xfb, 0xfc, 0xfc, 0xff, 0xfe, 0xff, 0xff, 0xff,
    0xfb, 0xfc, 0xfc, 0xff, 0xfb, 0xfc, 0xfc, 0xff, 0xfb, 0xfb, 0xfb, 0xff,
    0xec, 0xdc, 0xdc, 0xff, 0xd2, 0xa9, 0xa9, 0xff, 0xbb, 0x7f, 0x7f, 0xff,
    0xa9, 0x58, 0x58, 0xff, 0xba, 0x79, 0x79, 0xff, 0xad, 0x61, 0x61, 0xff,
    0x82, 0x0d, 0x0d, 0xff, 0x8e, 0x25, 0x25, 0xff, 0x84, 0x0c, 0x0c, 0xff,
    0x7f, 0x00, 0x00, 0xff, 0x80, 0x00, 0x00, 0xff, 0x7f, 0x00, 0x00, 0xff,
    0x80, 0x00, 0x00, 0xff, 0x80, 0x00, 0x00, 0xff, 0x7f, 0x00, 0x00, 0xff,
    0x90, 0x23, 0x23, 0xff, 0x8f, 0x25, 0x25, 0xff, 0x7e, 0x00, 0x00, 0xff,
    0x7f, 0x00, 0x00, 0xff, 0x80, 0x00, 0x00, 0xff, 0x80, 0x00, 0x00, 0xff,
    0x80, 0x00, 0x00, 0xff, 0x80, 0x00, 0x00, 0xff, 0x7f, 0x00, 0x00, 0xff,
    0x88, 0x16, 0x16, 0xff, 0xa1, 0x4a, 0x4a, 0xff, 0x83, 0x0b, 0x0b, 0xff,
    0x7f, 0x00, 0x00, 0xff, 0x80, 0x00, 0x00, 0xff, 0x80, 0x00, 0x00, 0xff,
    0x80, 0x00, 0x00, 0xff, 0x7f, 0x00, 0x00, 0xff, 0x8a, 0x17, 0x17, 0xff,
    0xe5, 0xcd, 0xcd, 0xff, 0xfc, 0xfd, 0xfd, 0xff, 0xfa, 0xfa, 0xfa, 0xff,
    0xfb, 0xfb, 0xfb, 0xff, 0xfb, 0xfb, 0xfb, 0xff, 0xfb, 0xfb, 0xfb, 0xff,
    0xfb, 0xfb, 0xfb, 0xff, 0xfb, 0xfb, 0xfb, 0xff, 0xfa, 0xfa, 0xfa, 0xff,
    0xfb, 0xfb, 0xfb, 0xff, 0xf8, 0xf6, 0xf6, 0xff, 0xdb, 0xba, 0xba, 0xff,
    0xe6, 0xd1, 0xd1, 0xff, 0xd8, 0xb5, 0xb5, 0xff, 0xdf, 0xc3, 0xc3, 0xff,
    0xfa, 0xf8, 0xf8, 0xff, 0xdf, 0xc3, 0xc3, 0xff, 0xa2, 0x4a, 0x4a, 0xff,
    0x9b, 0x42, 0x42, 0xff, 0x9e, 0x47, 0x47, 0xff, 0x8b, 0x1d, 0x1d, 0xff,
    0x7e, 0x00, 0x00, 0xff, 0x7f, 0x00, 0x00, 0xff, 0x80, 0x00, 0x00, 0xff,
    0x80, 0x00, 0x00, 0xff, 0x80, 0x00, 0x00, 0xff, 0x80, 0x00, 0x00, 0xff,
    0x7f, 0x00, 0x00, 0xff, 0x89, 0x18, 0x18, 0xff, 0x8a, 0x1e, 0x1e, 0xff,
    0x7f, 0x00, 0x00, 0xff, 0x80, 0x00, 0x00, 0xff, 0x80, 0x00, 0x00, 0xff,
    0x7f, 0x00, 0x00, 0xff, 0x7e, 0x02, 0x02, 0xff, 0xa6, 0x56, 0x56, 0xff,
    0xc8, 0x96, 0x96, 0xff, 0xdc, 0xbd, 0xbd, 0xff, 0xfb, 0xfb, 0xfb, 0xff,
    0xdc, 0xbc, 0xbc, 0xff, 0xb3, 0x6c, 0x6c, 0xff, 0xc8, 0x95, 0x95, 0xff,
    0xcd, 0xa1, 0xa1, 0xff, 0xd4, 0xad, 0xad, 0xff, 0xf0, 0xe6, 0xe6, 0xff,
    0xfe, 0xff, 0xff, 0xff, 0xdf, 0xc1, 0xc1, 0xff, 0xa4, 0x51, 0x51, 0xff,
    0x94, 0x36, 0x36, 0xff, 0xab, 0x5b, 0x5b, 0xff, 0xc8, 0x96, 0x96, 0xff,
    0xed, 0xde, 0xde, 0xff, 0xc4, 0x8d, 0x8d, 0xff, 0xab, 0x5d, 0x5d, 0xff,
    0xd7, 0xaf, 0xaf, 0xff, 0xec, 0xdd, 0xdd, 0xff, 0xf4, 0xec, 0xec, 0xff,
    0xfb, 0xfa, 0xfa, 0xff, 0xfa, 0xfb, 0xfb, 0xff, 0xf9, 0xf7, 0xf7, 0xff,
    0xfa, 0xfa, 0xfa, 0xff, 0xf7, 0xf3, 0xf3, 0xff, 0xf4, 0xed, 0xed, 0xff,
    0xfb, 0xfb, 0xfb, 0xff, 0xfb, 0xfb, 0xfb, 0xff, 0xfa, 0xfa, 0xfa, 0xff,
    0xfb, 0xfb, 0xfb, 0xff, 0xfe, 0xfe, 0xfe, 0xff, 0xee, 0xee, 0xee, 0xff,
    0xa6, 0xa6, 0xa6, 0xff, 0x99, 0x99, 0x99, 0xff, 0xe4, 0xe4, 0xe4, 0xff,
    0xff, 0xff, 0xff, 0xff, 0xff, 0xff, 0xff, 0xff, 0xff, 0xff, 0xff, 0xff,
    0xff, 0xff, 0xff, 0xff, 0xff, 0xff, 0xff, 0xff, 0xff, 0xff, 0xff, 0xff,
    0xff, 0xff, 0xff, 0xff, 0xff, 0xff, 0xff, 0xff, 0xff, 0xff, 0xff, 0xff,
    0xff, 0xff, 0xff, 0xff, 0xff, 0xff, 0xff, 0xff, 0xff, 0xff, 0xff, 0xff,
    0xff, 0xff, 0xff, 0xff, 0xff, 0xff, 0xff, 0xff, 0xff, 0xff, 0xff, 0xff,
    0xff, 0xff, 0xff, 0xff, 0xff, 0xff, 0xff, 0xff, 0xff, 0xff, 0xff, 0xff,
    0xff, 0xff, 0xff, 0xff, 0xff, 0xff, 0xff, 0xff, 0xff, 0xff, 0xff, 0xff,
    0xff, 0xff, 0xff, 0xff, 0xff, 0xff, 0xff, 0xff, 0xff, 0xff, 0xff, 0xff,
    0xff, 0xff, 0xff, 0xff, 0xff, 0xff, 0xff, 0xff, 0xff, 0xff, 0xff, 0xff,
    0xff, 0xff, 0xff, 0xff, 0xff, 0xff, 0xff, 0xff, 0xff, 0xff, 0xff, 0xff,
    0xff, 0xff, 0xff, 0xff, 0xff, 0xff, 0xff, 0xff, 0xff, 0xff, 0xff, 0xff,
    0xff, 0xff, 0xff, 0xff, 0xff, 0xff, 0xff, 0xff, 0xff, 0xff, 0xff, 0xff,
    0xff, 0xff, 0xff, 0xff, 0xff, 0xff, 0xff, 0xff, 0xff, 0xff, 0xff, 0xff,
    0xff, 0xff, 0xff, 0xff, 0xfd, 0xfa, 0xf3, 0xff, 0xf2, 0xc6, 0x6f, 0xff,
    0xe9, 0x9f, 0x04, 0xff, 0xe8, 0x9e, 0x00, 0xff, 0xea, 0xa4, 0x12, 0xff,
    0xef, 0xb8, 0x48, 0xff, 0xf6, 0xda, 0xa2, 0xff, 0xfb, 0xef, 0xd9, 0xff,
    0xfd, 0xfa, 0xf3, 0xff, 0xff, 0xff, 0xff, 0xff, 0xff, 0xff, 0xff, 0xff,
    0xff, 0xff, 0xff, 0xff, 0xff, 0xff, 0xff, 0xff, 0xff, 0xff, 0xff, 0xff,
    0xff, 0xff, 0xff, 0xff, 0xff, 0xff, 0xff, 0xff, 0xff, 0xff, 0xff, 0xff,
    0xff, 0xff, 0xff, 0xff, 0xff, 0xff, 0xff, 0xff, 0xff, 0xff, 0xff, 0xff,
    0xff, 0xff, 0xff, 0xff, 0xff, 0xff, 0xff, 0xff, 0xfe, 0xfd, 0xfb, 0xff,
    0xfc, 0xf3, 0xe4, 0xff, 0xf8, 0xe1, 0xb5, 0xff, 0xf1, 0xc2, 0x61, 0xff,
    0xeb, 0xa9, 0x1e, 0xff, 0xe8, 0x9e, 0x00, 0xff, 0xe8, 0x9f, 0x00, 0xff,
    0xe9, 0x9e, 0x01, 0xff, 0xf4, 0xcb, 0x7d, 0xff, 0xfe, 0xfd, 0xfc, 0xff,
    0xff, 0xff, 0xff, 0xff, 0xff, 0xff, 0xff, 0xff, 0xff, 0xff, 0xff, 0xff,
    0xff, 0xff, 0xff, 0xff, 0xff, 0xff, 0xff, 0xff, 0xff, 0xff, 0xff, 0xff,
    0xff, 0xff, 0xff, 0xff, 0xff, 0xff, 0xff, 0xff, 0xff, 0xff, 0xff, 0xff,
    0xff, 0xff, 0xff, 0xff, 0xff, 0xff, 0xff, 0xff, 0xff, 0xff, 0xff, 0xff,
    0xff, 0xff, 0xff, 0xff, 0xff, 0xff, 0xff, 0xff, 0xff, 0xff, 0xff, 0xff,
    0xff, 0xff, 0xff, 0xff, 0xff, 0xff, 0xff, 0xff, 0xff, 0xff, 0xff, 0xff,
    0xff, 0xff, 0xff, 0xff, 0xff, 0xff, 0xff, 0xff, 0xff, 0xff, 0xff, 0xff,
    0xff, 0xff, 0xff, 0xff, 0xff, 0xff, 0xff, 0xff, 0xff, 0xff, 0xff, 0xff,
    0xff, 0xff, 0xff, 0xff, 0xff, 0xff, 0xff, 0xff, 0xff, 0xff, 0xff, 0xff,
    0xff, 0xff, 0xff, 0xff, 0xff, 0xff, 0xff, 0xff, 0xff, 0xff, 0xff, 0xff,
    0xff, 0xff, 0xff, 0xff, 0xff, 0xff, 0xff, 0xff, 0xff, 0xff, 0xff, 0xff,
    0xff, 0xff, 0xff, 0xff, 0xff, 0xff, 0xff, 0xff, 0xff, 0xff, 0xff, 0xff,
    0xff, 0xff, 0xff, 0xff, 0xff, 0xff, 0xff, 0xff, 0xff, 0xff, 0xff, 0xff,
    0xff, 0xff, 0xff, 0xff, 0xff, 0xff, 0xff, 0xff, 0xff, 0xff, 0xff, 0xff,
    0xff, 0xff, 0xff, 0xff, 0xff, 0xff, 0xff, 0xff, 0xff, 0xff, 0xff, 0xff,
    0xff, 0xff, 0xff, 0xff, 0xff, 0xff, 0xff, 0xff, 0xff, 0xff, 0xff, 0xff,
    0xff, 0xff, 0xff, 0xff, 0xff, 0xff, 0xff, 0xff, 0xff, 0xff, 0xff, 0xff,
    0xff, 0xff, 0xff, 0xff, 0xff, 0xff, 0xff, 0xff, 0xff, 0xff, 0xff, 0xff,
    0xff, 0xff, 0xff, 0xff, 0xff, 0xff, 0xff, 0xff, 0xff, 0xff, 0xff, 0xff,
    0xff, 0xff, 0xff, 0xff, 0xff, 0xff, 0xff, 0xff, 0xff, 0xff, 0xff, 0xff,
    0xff, 0xff, 0xff, 0xff, 0xff, 0xff, 0xff, 0xff, 0xff, 0xff, 0xff, 0xff,
    0xff, 0xff, 0xff, 0xff, 0xff, 0xff, 0xff, 0xff, 0xff, 0xff, 0xff, 0xff,
    0xff, 0xff, 0xff, 0xff, 0xff, 0xff, 0xff, 0xff, 0xff, 0xff, 0xff, 0xff,
    0xff, 0xff, 0xff, 0xff, 0xff, 0xff, 0xff, 0xff, 0xff, 0xff, 0xff, 0xff,
    0xff, 0xff, 0xff, 0xff, 0xff, 0xff, 0xff, 0xff, 0xff, 0xff, 0xff, 0xff,
    0xff, 0xff, 0xff, 0xff, 0xff, 0xff, 0xff, 0xff, 0xff, 0xff, 0xff, 0xff,
    0xff, 0xff, 0xff, 0xff, 0xff, 0xff, 0xff, 0xff, 0xff, 0xff, 0xff, 0xff,
    0xff, 0xff, 0xff, 0xff, 0xff, 0xff, 0xff, 0xff, 0xff, 0xff, 0xff, 0xff,
    0xff, 0xff, 0xff, 0xff, 0xff, 0xff, 0xff, 0xff, 0xff, 0xff, 0xff, 0xff,
    0xff, 0xff, 0xff, 0xff, 0xff, 0xff, 0xff, 0xff, 0xff, 0xff, 0xff, 0xff,
    0xff, 0xff, 0xff, 0xff, 0xff, 0xff, 0xff, 0xff, 0xff, 0xff, 0xff, 0xff,
    0xf1, 0xf1, 0xf1, 0xff, 0xa5, 0xa4, 0xa4, 0xff, 0xa4, 0xa4, 0xa4, 0xff,
    0xe8, 0xe8, 0xe8, 0xff, 0xfd, 0xfc, 0xfc, 0xff, 0xf3, 0xea, 0xea, 0xff,
    0xe7, 0xd4, 0xd4, 0xff, 0xf3, 0xea, 0xea, 0xff, 0xf1, 0xe6, 0xe6, 0xff,
    0xca, 0x99, 0x99, 0xff, 0x93, 0x2f, 0x2f, 0xff, 0x82, 0x12, 0x12, 0xff,
    0x9e, 0x49, 0x49, 0xff, 0xa5, 0x55, 0x55, 0xff, 0x8c, 0x26, 0x26, 0xff,
    0x95, 0x31, 0x31, 0xff, 0x8a, 0x18, 0x18, 0xff, 0x7e, 0x00, 0x00, 0xff,
    0x7f, 0x00, 0x00, 0xff, 0x80, 0x00, 0x00, 0xff, 0x80, 0x00, 0x00, 0xff,
    0x80, 0x00, 0x00, 0xff, 0x80, 0x00, 0x00, 0xff, 0x7f, 0x00, 0x00, 0xff,
    0x7f, 0x06, 0x06, 0xff, 0x96, 0x36, 0x36, 0xff, 0x88, 0x16, 0x16, 0xff,
    0x7f, 0x00, 0x00, 0xff, 0x80, 0x00, 0x00, 0xff, 0x80, 0x00, 0x00, 0xff,
    0x80, 0x00, 0x00, 0xff, 0x80, 0x00, 0x00, 0xff, 0x80, 0x00, 0x00, 0xff,
    0x7f, 0x00, 0x00, 0xff, 0x86, 0x12, 0x12, 0xff, 0x87, 0x14, 0x14, 0xff,
    0x7f, 0x00, 0x00, 0xff, 0x80, 0x00, 0x00, 0xff, 0x80, 0x00, 0x00, 0xff,
    0x80, 0x00, 0x00, 0xff, 0x80, 0x00, 0x00, 0xff, 0x7e, 0x00, 0x00, 0xff,
    0xa5, 0x50, 0x50, 0xff, 0xf7, 0xf2, 0xf2, 0xff, 0xfb, 0xfb, 0xfb, 0xff,
    0xfa, 0xfa, 0xfa, 0xff, 0xfb, 0xfb, 0xfb, 0xff, 0xfb, 0xfb, 0xfb, 0xff,
    0xfb, 0xfb, 0xfb, 0xff, 0xfb, 0xfb, 0xfb, 0xff, 0xfb, 0xfb, 0xfb, 0xff,
    0xfb, 0xfb, 0xfb, 0xff, 0xfb, 0xfb, 0xfb, 0xff, 0xf9, 0xf8, 0xf8, 0xff,
    0xf3, 0xeb, 0xeb, 0xff, 0xf5, 0xee, 0xee, 0xff, 0xf0, 0xe4, 0xe4, 0xff,
    0xf8, 0xf4, 0xf4, 0xff, 0xde, 0xc1, 0xc1, 0xff, 0xa6, 0x52, 0x52, 0xff,
    0x7f, 0x00, 0x00, 0xff, 0x7c, 0x00, 0x00, 0xff, 0x8e, 0x23, 0x23, 0xff,
    0x88, 0x15, 0x15, 0xff, 0x7f, 0x00, 0x00, 0xff, 0x80, 0x00, 0x00, 0xff,
    0x80, 0x00, 0x00, 0xff, 0x80, 0x00, 0x00, 0xff, 0x80, 0x00, 0x00, 0xff,
    0x80, 0x00, 0x00, 0xff, 0x7e, 0x00, 0x00, 0xff, 0x8b, 0x1b, 0x1b, 0xff,
    0x94, 0x31, 0x31, 0xff, 0x7f, 0x01, 0x01, 0xff, 0x80, 0x00, 0x00, 0xff,
    0x80, 0x00, 0x00, 0xff, 0x80, 0x00, 0x00, 0xff, 0x7d, 0x00, 0x00, 0xff,
    0x99, 0x3e, 0x3e, 0xff, 0xf0, 0xe4, 0xe4, 0xff, 0xfe, 0xff, 0xff, 0xff,
    0xf4, 0xed, 0xed, 0xff, 0xa4, 0x4f, 0x4f, 0xff, 0x80, 0x07, 0x07, 0xff,
    0xaa, 0x5b, 0x5b, 0xff, 0xaf, 0x64, 0x64, 0xff, 0xb5, 0x74, 0x74, 0xff,
    0xbc, 0x82, 0x82, 0xff, 0xf0, 0xe4, 0xe4, 0xff, 0xdc, 0xbc, 0xbc, 0xff,
    0xd0, 0xa5, 0xa5, 0xff, 0xdc, 0xbd, 0xbd, 0xff, 0xdc, 0xbb, 0xbb, 0xff,
    0xce, 0xa2, 0xa2, 0xff, 0xed, 0xde, 0xde, 0xff, 0xfb, 0xfa, 0xfa, 0xff,
    0xdd, 0xbd, 0xbd, 0xff, 0xa6, 0x54, 0x54, 0xff, 0xb7, 0x76, 0x76, 0xff,
    0xf8, 0xf4, 0xf4, 0xff, 0xfb, 0xfb, 0xfb, 0xff, 0xfa, 0xfa, 0xfa, 0xff,
    0xfb, 0xfb, 0xfb, 0xff, 0xfb, 0xfb, 0xfb, 0xff, 0xf9, 0xf7, 0xf7, 0xff,
    0xf7, 0xf4, 0xf4, 0xff, 0xfb, 0xfb, 0xfb, 0xff, 0xfb, 0xfb, 0xfb, 0xff,
    0xfb, 0xfb, 0xfb, 0xff, 0xfb, 0xfb, 0xfb, 0xff, 0xfa, 0xfa, 0xfa, 0xff,
    0xfb, 0xfb, 0xfb, 0xff, 0xfa, 0xfa, 0xfa, 0xff, 0xca, 0xca, 0xca, 0xff,
    0x94, 0x93, 0x93, 0xff, 0xcc, 0xcc, 0xcc, 0xff, 0xfe, 0xfe, 0xfe, 0xff,
    0xff, 0xff, 0xff, 0xff, 0xff, 0xff, 0xff, 0xff, 0xff, 0xff, 0xff, 0xff,
    0xff, 0xff, 0xff, 0xff, 0xff, 0xff, 0xff, 0xff, 0xff, 0xff, 0xff, 0xff,
    0xff, 0xff, 0xff, 0xff, 0xff, 0xff, 0xff, 0xff, 0xff, 0xff, 0xff, 0xff,
    0xff, 0xff, 0xff, 0xff, 0xff, 0xff, 0xff, 0xff, 0xff, 0xff, 0xff, 0xff,
    0xff, 0xff, 0xff, 0xff, 0xff, 0xff, 0xff, 0xff, 0xff, 0xff, 0xff, 0xff,
    0xff, 0xff, 0xff, 0xff, 0xff, 0xff, 0xff, 0xff, 0xfe, 0xfe, 0xfe, 0xff,
    0xfd, 0xfd, 0xfd, 0xff, 0xfd, 0xfd, 0xfd, 0xff, 0xfd, 0xfd, 0xfd, 0xff,
    0xfd, 0xfd, 0xfd, 0xff, 0xfd, 0xfd, 0xfd, 0xff, 0xfd, 0xfd, 0xfd, 0xff,
    0xfd, 0xfd, 0xfd, 0xff, 0xfd, 0xfd, 0xfd, 0xff, 0xfe, 0xfe, 0xfe, 0xff,
    0xff, 0xff, 0xff, 0xff, 0xff, 0xff, 0xff, 0xff, 0xff, 0xff, 0xff, 0xff,
    0xff, 0xff, 0xff, 0xff, 0xff, 0xff, 0xff, 0xff, 0xff, 0xff, 0xff, 0xff,
    0xff, 0xff, 0xff, 0xff, 0xff, 0xff, 0xff, 0xff, 0xff, 0xff, 0xff, 0xff,
    0xff, 0xff, 0xff, 0xff, 0xff, 0xff, 0xff, 0xff, 0xff, 0xff, 0xff, 0xff,
    0xfc, 0xf4, 0xe4, 0xff, 0xf0, 0xba, 0x50, 0xff, 0xf0, 0xbb, 0x52, 0xff,
    0xf8, 0xe0, 0xb0, 0xff, 0xfe, 0xfa, 0xf3, 0xff, 0xff, 0xff, 0xff, 0xff,
    0xff, 0xff, 0xff, 0xff, 0xff, 0xff, 0xff, 0xff, 0xff, 0xff, 0xff, 0xff,
    0xff, 0xff, 0xff, 0xff, 0xff, 0xff, 0xff, 0xff, 0xff, 0xff, 0xff, 0xff,
    0xff, 0xff, 0xff, 0xff, 0xff, 0xff, 0xff, 0xff, 0xff, 0xff, 0xff, 0xff,
    0xff, 0xff, 0xff, 0xff, 0xff, 0xff, 0xff, 0xff, 0xff, 0xff, 0xff, 0xff,
    0xff, 0xff, 0xff, 0xff, 0xff, 0xff, 0xff, 0xff, 0xff, 0xff, 0xff, 0xff,
    0xff, 0xff, 0xff, 0xff, 0xff, 0xff, 0xff, 0xff, 0xff, 0xff, 0xff, 0xff,
    0xfe, 0xfc, 0xf9, 0xff, 0xfa, 0xea, 0xcb, 0xff, 0xf2, 0xc9, 0x71, 0xff,
    0xea, 0xa7, 0x17, 0xff, 0xee, 0xb4, 0x3f, 0xff, 0xfc, 0xf3, 0xe1, 0xff,
    0xfe, 0xfe, 0xfe, 0xff, 0xff, 0xff, 0xff, 0xff, 0xfe, 0xfe, 0xfe, 0xff,
    0xfd, 0xfd, 0xfd, 0xff, 0xfd, 0xfd, 0xfd, 0xff, 0xfd, 0xfd, 0xfd, 0xff,
    0xfd, 0xfd, 0xfd, 0xff, 0xfd, 0xfd, 0xfd, 0xff, 0xfd, 0xfd, 0xfd, 0xff,
    0xfd, 0xfd, 0xfd, 0xff, 0xfd, 0xfd, 0xfd, 0xff, 0xfd, 0xfd, 0xfd, 0xff,
    0xfd, 0xfd, 0xfd, 0xff, 0xfd, 0xfd, 0xfd, 0xff, 0xfd, 0xfd, 0xfd, 0xff,
    0xfd, 0xfd, 0xfd, 0xff, 0xfd, 0xfd, 0xfd, 0xff, 0xfd, 0xfd, 0xfd, 0xff,
    0xfd, 0xfd, 0xfd, 0xff, 0xfd, 0xfe, 0xfe, 0xff, 0xfe, 0xfe, 0xfe, 0xff,
    0xff, 0xff, 0xff, 0xff, 0xff, 0xff, 0xff, 0xff, 0xff, 0xff, 0xff, 0xff,
    0xff, 0xff, 0xff, 0xff, 0xff, 0xff, 0xff, 0xff, 0xff, 0xff, 0xff, 0xff,
    0xff, 0xff, 0xff, 0xff, 0xff, 0xff, 0xff, 0xff, 0xff, 0xff, 0xff, 0xff,
    0xff, 0xff, 0xff, 0xff, 0xff, 0xff, 0xff, 0xff, 0xff, 0xff, 0xff, 0xff,
    0xff, 0xff, 0xff, 0xff, 0xff, 0xff, 0xff, 0xff, 0xff, 0xff, 0xff, 0xff,
    0xff, 0xff, 0xff, 0xff, 0xff, 0xff, 0xff, 0xff, 0xff, 0xff, 0xff, 0xff,
    0xff, 0xff, 0xff, 0xff, 0xff, 0xff, 0xff, 0xff, 0xff, 0xff, 0xff, 0xff,
    0xff, 0xff, 0xff, 0xff, 0xff, 0xff, 0xff, 0xff, 0xff, 0xff, 0xff, 0xff,
    0xff, 0xff, 0xff, 0xff, 0xff, 0xff, 0xff, 0xff, 0xff, 0xff, 0xff, 0xff,
    0xff, 0xff, 0xff, 0xff, 0xff, 0xff, 0xff, 0xff, 0xff, 0xff, 0xff, 0xff,
    0xff, 0xff, 0xff, 0xff, 0xff, 0xff, 0xff, 0xff, 0xff, 0xff, 0xff, 0xff,
    0xff, 0xff, 0xff, 0xff, 0xff, 0xff, 0xff, 0xff, 0xff, 0xff, 0xff, 0xff,
    0xff, 0xff, 0xff, 0xff, 0xff, 0xff, 0xff, 0xff, 0xff, 0xff, 0xff, 0xff,
    0xff, 0xff, 0xff, 0xff, 0xff, 0xff, 0xff, 0xff, 0xff, 0xff, 0xff, 0xff,
    0xff, 0xff, 0xff, 0xff, 0xff, 0xff, 0xff, 0xff, 0xff, 0xff, 0xff, 0xff,
    0xff, 0xff, 0xff, 0xff, 0xff, 0xff, 0xff, 0xff, 0xff, 0xff, 0xff, 0xff,
    0xff, 0xff, 0xff, 0xff, 0xff, 0xff, 0xff, 0xff, 0xff, 0xff, 0xff, 0xff,
    0xff, 0xff, 0xff, 0xff, 0xff, 0xff, 0xff, 0xff, 0xff, 0xff, 0xff, 0xff,
    0xff, 0xff, 0xff, 0xff, 0xff, 0xff, 0xff, 0xff, 0xff, 0xff, 0xff, 0xff,
    0xff, 0xff, 0xff, 0xff, 0xff, 0xff, 0xff, 0xff, 0xff, 0xff, 0xff, 0xff,
    0xff, 0xff, 0xff, 0xff, 0xff, 0xff, 0xff, 0xff, 0xff, 0xff, 0xff, 0xff,
    0xff, 0xff, 0xff, 0xff, 0xff, 0xff, 0xff, 0xff, 0xff, 0xff, 0xff, 0xff,
    0xff, 0xff, 0xff, 0xff, 0xff, 0xff, 0xff, 0xff, 0xff, 0xff, 0xff, 0xff,
    0xff, 0xff, 0xff, 0xff, 0xff, 0xff, 0xff, 0xff, 0xff, 0xff, 0xff, 0xff,
    0xe4, 0xe4, 0xe4, 0xff, 0x89, 0x89, 0x89, 0xff, 0xb7, 0xb5, 0xb5, 0xff,
    0xf8, 0xf7, 0xf7, 0xff, 0xfe, 0xff, 0xff, 0xff, 0xf7, 0xf1, 0xf1, 0xff,
    0xcc, 0x9e, 0x9e, 0xff, 0xa3, 0x54, 0x54, 0xff, 0xdc, 0xbe, 0xbe, 0xff,
    0xae, 0x65, 0x65, 0xff, 0x7f, 0x0a, 0x0a, 0xff, 0x8d, 0x22, 0x22, 0xff,
    0xae, 0x67, 0x67, 0xff, 0xb2, 0x6e, 0x6e, 0xff, 0x88, 0x18, 0x18, 0xff,
    0x7f, 0x02, 0x02, 0xff, 0x92, 0x28, 0x28, 0xff, 0x82, 0x08, 0x08, 0xff,
    0x7f, 0x00, 0x00, 0xff, 0x80, 0x00, 0x00, 0xff, 0x80, 0x00, 0x00, 0xff,
    0x80, 0x00, 0x00, 0xff, 0x80, 0x00, 0x00, 0xff, 0x7f, 0x00, 0x00, 0xff,
    0x82, 0x04, 0x04, 0xff, 0x8a, 0x19, 0x19, 0xff, 0x7e, 0x02, 0x02, 0xff,
    0x7f, 0x00, 0x00, 0xff, 0x80, 0x00, 0x00, 0xff, 0x80, 0x00, 0x00, 0xff,
    0x80, 0x00, 0x00, 0xff, 0x80, 0x00, 0x00, 0xff, 0x80, 0x00, 0x00, 0xff,
    0x7f, 0x00, 0x00, 0xff, 0x8a, 0x17, 0x17, 0xff, 0x8e, 0x1f, 0x1f, 0xff,
    0x7e, 0x00, 0x00, 0xff, 0x80, 0x00, 0x00, 0xff, 0x7f, 0x00, 0x00, 0xff,
    0x80, 0x00, 0x00, 0xff, 0x80, 0x00, 0x00, 0xff, 0x80, 0x00, 0x00, 0xff,
    0x7d, 0x00, 0x00, 0xff, 0xaa, 0x5c, 0x5c, 0xff, 0xf7, 0xf3, 0xf3, 0xff,
    0xfb, 0xfb, 0xfb, 0xff, 0xfb, 0xfb, 0xfb, 0xff, 0xfb, 0xfb, 0xfb, 0xff,
    0xfb, 0xfb, 0xfb, 0xff, 0xfb, 0xfb, 0xfb, 0xff, 0xfb, 0xfb, 0xfb, 0xff,
    0xfb, 0xfb, 0xfb, 0xff, 0xfb, 0xfb, 0xfb, 0xff, 0xfa, 0xfa, 0xfa, 0xff,
    0xfb, 0xfb, 0xfb, 0xff, 0xfb, 0xfc, 0xfc, 0xff, 0xfb, 0xfb, 0xfb, 0xff,
    0xfc, 0xfd, 0xfd, 0xff, 0xf2, 0xe9, 0xe9, 0xff, 0xa2, 0x4a, 0x4a, 0xff,
    0x7d, 0x00, 0x00, 0xff, 0x80, 0x00, 0x00, 0xff, 0x7f, 0x00, 0x00, 0xff,
    0x86, 0x11, 0x11, 0xff, 0x84, 0x0b, 0x0b, 0xff, 0x7f, 0x00, 0x00, 0xff,
    0x80, 0x00, 0x00, 0xff, 0x80, 0x00, 0x00, 0xff, 0x80, 0x00, 0x00, 0xff,
    0x80, 0x00, 0x00, 0xff, 0x80, 0x00, 0x00, 0xff, 0x7f, 0x00, 0x00, 0xff,
    0x80, 0x00, 0x00, 0xff, 0x81, 0x03, 0x03, 0xff, 0x80, 0x01, 0x01, 0xff,
    0x7f, 0x00, 0x00, 0xff, 0x80, 0x00, 0x00, 0xff, 0x80, 0x00, 0x00, 0xff,
    0x7f, 0x00, 0x00, 0xff, 0x85, 0x12, 0x12, 0xff, 0xcf, 0xa4, 0xa4, 0xff,
    0xf8, 0xf2, 0xf2, 0xff, 0xf2, 0xe9, 0xe9, 0xff, 0xa7, 0x57, 0x57, 0xff,
    0x7f, 0x07, 0x07, 0xff, 0x91, 0x26, 0x26, 0xff, 0x8f, 0x26, 0x26, 0xff,
    0x9b, 0x40, 0x40, 0xff, 0xab, 0x5e, 0x5e, 0xff, 0xa4, 0x53, 0x53, 0xff,
    0xc9, 0x95, 0x95, 0xff, 0xbb, 0x79, 0x79, 0xff, 0xf1, 0xe5, 0xe5, 0xff,
    0xfe, 0xff, 0xff, 0xff, 0xfd, 0xfe, 0xfe, 0xff, 0xfc, 0xfc, 0xfc, 0xff,
    0xfb, 0xfc, 0xfc, 0xff, 0xf7, 0xf2, 0xf2, 0xff, 0xd8, 0xb4, 0xb4, 0xff,
    0x9b, 0x40, 0x40, 0xff, 0xc3, 0x8d, 0x8d, 0xff, 0xf7, 0xf3, 0xf3, 0xff,
    0xfb, 0xfb, 0xfb, 0xff, 0xfb, 0xfb, 0xfb, 0xff, 0xfa, 0xfa, 0xfa, 0xff,
    0xfb, 0xfb, 0xfb, 0xff, 0xfb, 0xfb, 0xfb, 0xff, 0xfa, 0xfa, 0xfa, 0xff,
    0xfb, 0xfb, 0xfb, 0xff, 0xfb, 0xfb, 0xfb, 0xff, 0xfb, 0xfb, 0xfb, 0xff,
    0xfb, 0xfb, 0xfb, 0xff, 0xfa, 0xfa, 0xfa, 0xff, 0xfb, 0xfb, 0xfb, 0xff,
    0xfd, 0xfd, 0xfd, 0xff, 0xe1, 0xe1, 0xe1, 0xff, 0x8c, 0x8c, 0x8c, 0xff,
    0xb3, 0xb3, 0xb3, 0xff, 0xfc, 0xfc, 0xfc, 0xff, 0xff, 0xff, 0xff, 0xff,
    0xff, 0xff, 0xff, 0xff, 0xff, 0xff, 0xff, 0xff, 0xff, 0xff, 0xff, 0xff,
    0xff, 0xff, 0xff, 0xff, 0xff, 0xff, 0xff, 0xff, 0xff, 0xff, 0xff, 0xff,
    0xff, 0xff, 0xff, 0xff, 0xff, 0xff, 0xff, 0xff, 0xff, 0xff, 0xff, 0xff,
    0xff, 0xff, 0xff, 0xff, 0xff, 0xff, 0xff, 0xff, 0xff, 0xff, 0xff, 0xff,
    0xff, 0xff, 0xff, 0xff, 0xff, 0xff, 0xff, 0xff, 0xff, 0xff, 0xff, 0xff,
    0xdb, 0xdb, 0xdb, 0xff, 0x8a, 0x8a, 0x8a, 0xff, 0x7f, 0x7f, 0x7f, 0xff,
    0x7f, 0x7f, 0x7f, 0xff, 0x7f, 0x7f, 0x7f, 0xff, 0x7f, 0x7f, 0x7f, 0xff,
    0x7f, 0x7f, 0x7f, 0xff, 0x7f, 0x7f, 0x7f, 0xff, 0x93, 0x94, 0x94, 0xff,
    0xf4, 0xf4, 0xf4, 0xff, 0xff, 0xff, 0xff, 0xff, 0xff, 0xff, 0xff, 0xff,
    0xff, 0xff, 0xff, 0xff, 0xff, 0xff, 0xff, 0xff, 0xff, 0xff, 0xff, 0xff,
    0xff, 0xff, 0xff, 0xff, 0xff, 0xff, 0xff, 0xff, 0xff, 0xff, 0xff, 0xff,
    0xff, 0xff, 0xff, 0xff, 0xff, 0xff, 0xff, 0xff, 0xff, 0xff, 0xff, 0xff,
    0xff, 0xff, 0xff, 0xff, 0xff, 0xff, 0xff, 0xff, 0xfc, 0xf5, 0xe6, 0xff,
    0xfd, 0xf8, 0xef, 0xff, 0xff, 0xff, 0xff, 0xff, 0xff, 0xff, 0xff, 0xff,
    0xff, 0xff, 0xff, 0xff, 0xff, 0xff, 0xff, 0xff, 0xff, 0xff, 0xff, 0xff,
    0xff, 0xff, 0xff, 0xff, 0xfe, 0xfc, 0xf7, 0xff, 0xfc, 0xf3, 0xe2, 0xff,
    0xfa, 0xea, 0xca, 0xff, 0xf8, 0xe4, 0xb6, 0xff, 0xf7, 0xde, 0xaa, 0xff,
    0xf6, 0xdb, 0xa2, 0xff, 0xf6, 0xdb, 0xa3, 0xff, 0xf7, 0xdf, 0xac, 0xff,
    0xf9, 0xe7, 0xbf, 0xff, 0xfb, 0xee, 0xd8, 0xff, 0xfd, 0xf8, 0xee, 0xff,
    0xff, 0xff, 0xff, 0xff, 0xff, 0xff, 0xff, 0xff, 0xff, 0xff, 0xff, 0xff,
    0xff, 0xff, 0xff, 0xff, 0xff, 0xff, 0xff, 0xff, 0xff, 0xff, 0xff, 0xff,
    0xfe, 0xfd, 0xfa, 0xff, 0xf9, 0xe9, 0xc6, 0xff, 0xfa, 0xeb, 0xcc, 0xff,
    0xff, 0xff, 0xff, 0xff, 0xff, 0xff, 0xff, 0xff, 0xff, 0xff, 0xff, 0xff,
    0xc9, 0xc7, 0xc7, 0xff, 0x82, 0x81, 0x81, 0xff, 0x7f, 0x7f, 0x7f, 0xff,
    0x7f, 0x7f, 0x7f, 0xff, 0x7f, 0x7f, 0x7f, 0xff, 0x7f, 0x7f, 0x7f, 0xff,
    0x7f, 0x7f, 0x7f, 0xff, 0x7f, 0x7f, 0x7f, 0xff, 0x7f, 0x7f, 0x7f, 0xff,
    0x7f, 0x7f, 0x7f, 0xff, 0x7f, 0x7f, 0x7f, 0xff, 0x7f, 0x7f, 0x7f, 0xff,
    0x7f, 0x7f, 0x7f, 0xff, 0x7f, 0x7f, 0x7f, 0xff, 0x7f, 0x7f, 0x7f, 0xff,
    0x7f, 0x7f, 0x7f, 0xff, 0x7f, 0x7f, 0x7f, 0xff, 0x81, 0x82, 0x82, 0xff,
    0x87, 0x88, 0x88, 0xff, 0x9a, 0x9a, 0x9a, 0xff, 0xb1, 0xb1, 0xb1, 0xff,
    0xd2, 0xd2, 0xd2, 0xff, 0xef, 0xef, 0xef, 0xff, 0xff, 0xff, 0xff, 0xff,
    0xff, 0xff, 0xff, 0xff, 0xff, 0xff, 0xff, 0xff, 0xff, 0xff, 0xff, 0xff,
    0xff, 0xff, 0xff, 0xff, 0xff, 0xff, 0xff, 0xff, 0xff, 0xff, 0xff, 0xff,
    0xff, 0xff, 0xff, 0xff, 0xff, 0xff, 0xff, 0xff, 0xff, 0xff, 0xff, 0xff,
    0xff, 0xff, 0xff, 0xff, 0xff, 0xff, 0xff, 0xff, 0xff, 0xff, 0xff, 0xff,
    0xff, 0xff, 0xff, 0xff, 0xff, 0xff, 0xff, 0xff, 0xff, 0xff, 0xff, 0xff,
    0xff, 0xff, 0xff, 0xff, 0xff, 0xff, 0xff, 0xff, 0xff, 0xff, 0xff, 0xff,
    0xff, 0xff, 0xff, 0xff, 0xff, 0xff, 0xff, 0xff, 0xff, 0xff, 0xff, 0xff,
    0xff, 0xff, 0xff, 0xff, 0xff, 0xff, 0xff, 0xff, 0xff, 0xff, 0xff, 0xff,
    0xff, 0xff, 0xff, 0xff, 0xff, 0xff, 0xff, 0xff, 0xff, 0xff, 0xff, 0xff,
    0xff, 0xff, 0xff, 0xff, 0xff, 0xff, 0xff, 0xff, 0xff, 0xff, 0xff, 0xff,
    0xff, 0xff, 0xff, 0xff, 0xff, 0xff, 0xff, 0xff, 0xff, 0xff, 0xff, 0xff,
    0xff, 0xff, 0xff, 0xff, 0xff, 0xff, 0xff, 0xff, 0xff, 0xff, 0xff, 0xff,
    0xff, 0xff, 0xff, 0xff, 0xff, 0xff, 0xff, 0xff, 0xff, 0xff, 0xff, 0xff,
    0xff, 0xff, 0xff, 0xff, 0xff, 0xff, 0xff, 0xff, 0xff, 0xff, 0xff, 0xff,
    0xff, 0xff, 0xff, 0xff, 0xff, 0xff, 0xff, 0xff, 0xff, 0xff, 0xff, 0xff,
    0xff, 0xff, 0xff, 0xff, 0xff, 0xff, 0xff, 0xff, 0xff, 0xff, 0xff, 0xff,
    0xff, 0xff, 0xff, 0xff, 0xff, 0xff, 0xff, 0xff, 0xff, 0xff, 0xff, 0xff,
    0xff, 0xff, 0xff, 0xff, 0xff, 0xff, 0xff, 0xff, 0xff, 0xff, 0xff, 0xff,
    0xff, 0xff, 0xff, 0xff, 0xff, 0xff, 0xff, 0xff, 0xff, 0xff, 0xff, 0xff,
    0xff, 0xff, 0xff, 0xff, 0xff, 0xff, 0xff, 0xff, 0xff, 0xff, 0xff, 0xff,
    0xff, 0xff, 0xff, 0xff, 0xff, 0xff, 0xff, 0xff, 0xff, 0xff, 0xff, 0xff,
    0xff, 0xff, 0xff, 0xff, 0xff, 0xff, 0xff, 0xff, 0xff, 0xff, 0xff, 0xff,
    0xdf, 0xdf, 0xdf, 0xff, 0x92, 0x92, 0x92, 0xff, 0xc0, 0xc0, 0xc0, 0xff,
    0xfb, 0xfb, 0xfb, 0xff, 0xfb, 0xfc, 0xfc, 0xff, 0xf6, 0xf1, 0xf1, 0xff,
    0xca, 0x9c, 0x9c, 0xff, 0x9c, 0x49, 0x49, 0xff, 0xb1, 0x6f, 0x6f, 0xff,
    0xce, 0xa0, 0xa0, 0xff, 0xa8, 0x56, 0x56, 0xff, 0xb5, 0x72, 0x72, 0xff,
    0xd4, 0xac, 0xac, 0xff, 0xb3, 0x6d, 0x6d, 0xff, 0x81, 0x09, 0x09, 0xff,
    0x87, 0x15, 0x15, 0xff, 0x88, 0x13, 0x13, 0xff, 0x7e, 0x00, 0x00, 0xff,
    0x7f, 0x00, 0x00, 0xff, 0x80, 0x00, 0x00, 0xff, 0x80, 0x00, 0x00, 0xff,
    0x80, 0x00, 0x00, 0xff, 0x80, 0x00, 0x00, 0xff, 0x80, 0x00, 0x00, 0xff,
    0x7e, 0x00, 0x00, 0xff, 0x92, 0x2a, 0x2a, 0xff, 0x95, 0x33, 0x33, 0xff,
    0x7f, 0x00, 0x00, 0xff, 0x80, 0x00, 0x00, 0xff, 0x80, 0x00, 0x00, 0xff,
    0x80, 0x00, 0x00, 0xff, 0x80, 0x00, 0x00, 0xff, 0x80, 0x00, 0x00, 0xff,
    0x80, 0x00, 0x00, 0xff, 0x7f, 0x00, 0x00, 0xff, 0x92, 0x29, 0x29, 0xff,
    0x8f, 0x21, 0x21, 0xff, 0x7e, 0x00, 0x00, 0xff, 0x80, 0x00, 0x00, 0xff,
    0x80, 0x00, 0x00, 0xff, 0x80, 0x00, 0x00, 0xff, 0x80, 0x00, 0x00, 0xff,
    0x80, 0x00, 0x00, 0xff, 0x7e, 0x00, 0x00, 0xff, 0x8d, 0x21, 0x21, 0xff,
    0xea, 0xd8, 0xd8, 0xff, 0xfc, 0xfd, 0xfd, 0xff, 0xfa, 0xfa, 0xfa, 0xff,
    0xfb, 0xfb, 0xfb, 0xff, 0xfb, 0xfb, 0xfb, 0xff, 0xfb, 0xfb, 0xfb, 0xff,
    0xfb, 0xfb, 0xfb, 0xff, 0xfb, 0xfb, 0xfb, 0xff, 0xfb, 0xfa, 0xfa, 0xff,
    0xfa, 0xfa, 0xfa, 0xff, 0xfa, 0xfa, 0xfa, 0xff, 0xfa, 0xfa, 0xfa, 0xff,
    0xfb, 0xfb, 0xfb, 0xff, 0xfd, 0xfe, 0xfe, 0xff, 0xea, 0xd7, 0xd7, 0xff,
    0x8e, 0x20, 0x20, 0xff, 0x7e, 0x00, 0x00, 0xff, 0x80, 0x00, 0x00, 0xff,
    0x7f, 0x00, 0x00, 0xff, 0x8a, 0x1b, 0x1b, 0xff, 0x94, 0x30, 0x30, 0xff,
    0x7e, 0x00, 0x00, 0xff, 0x80, 0x00, 0x00, 0xff, 0x80, 0x00, 0x00, 0xff,
    0x80, 0x00, 0x00, 0xff, 0x80, 0x00, 0x00, 0xff, 0x80, 0x00, 0x00, 0xff,
    0x80, 0x00, 0x00, 0xff, 0x7f, 0x00, 0x00, 0xff, 0x90, 0x28, 0x28, 0xff,
    0x92, 0x29, 0x29, 0xff, 0x7e, 0x00, 0x00, 0xff, 0x80, 0x00, 0x00, 0xff,
    0x80, 0x00, 0x00, 0xff, 0x80, 0x00, 0x00, 0xff, 0x7e, 0x00, 0x00, 0xff,
    0x8c, 0x20, 0x20, 0xff, 0xb4, 0x6e, 0x6e, 0xff, 0xc8, 0x94, 0x94, 0xff,
    0xc3, 0x8b, 0x8b, 0xff, 0xdb, 0xbb, 0xbb, 0xff, 0xdf, 0xc3, 0xc3, 0xff,
    0xe2, 0xc6, 0xc6, 0xff, 0xae, 0x5f, 0x5f, 0xff, 0x87, 0x16, 0x16, 0xff,
    0x7d, 0x00, 0x00, 0xff, 0x95, 0x2e, 0x2e, 0xff, 0x91, 0x34, 0x34, 0xff,
    0xa5, 0x57, 0x57, 0xff, 0xc3, 0x8e, 0x8e, 0xff, 0xc4, 0x8e, 0x8e, 0xff,
    0xdd, 0xc1, 0xc1, 0xff, 0xfb, 0xfb, 0xfb, 0xff, 0xf8, 0xf6, 0xf6, 0xff,
    0xf9, 0xf6, 0xf6, 0xff, 0xe9, 0xd7, 0xd7, 0xff, 0xdf, 0xc3, 0xc3, 0xff,
    0xf7, 0xf3, 0xf3, 0xff, 0xfb, 0xfb, 0xfb, 0xff, 0xfb, 0xfb, 0xfb, 0xff,
    0xfb, 0xfb, 0xfb, 0xff, 0xfb, 0xfb, 0xfb, 0xff, 0xfb, 0xfb, 0xfb, 0xff,
    0xfb, 0xfb, 0xfb, 0xff, 0xfb, 0xfb, 0xfb, 0xff, 0xfb, 0xfb, 0xfb, 0xff,
    0xfb, 0xfb, 0xfb, 0xff, 0xfb, 0xfb, 0xfb, 0xff, 0xfb, 0xfb, 0xfb, 0xff,
    0xfb, 0xfb, 0xfb, 0xff, 0xfa, 0xfa, 0xfa, 0xff, 0xfd, 0xfd, 0xfd, 0xff,
    0xe9, 0xe9, 0xe9, 0xff, 0x9d, 0x9d, 0x9d, 0xff, 0xb6, 0xb5, 0xb5, 0xff,
    0xf9, 0xf8, 0xf8, 0xff, 0xff, 0xff, 0xff, 0xff, 0xff, 0xff, 0xff, 0xff,
    0xff, 0xff, 0xff, 0xff, 0xff, 0xff, 0xff, 0xff, 0xff, 0xff, 0xff, 0xff,
    0xff, 0xff, 0xff, 0xff, 0xff, 0xff, 0xff, 0xff, 0xff, 0xff, 0xff, 0xff,
    0xff, 0xff, 0xff, 0xff, 0xff, 0xff, 0xff, 0xff, 0xff, 0xff, 0xff, 0xff,
    0xff, 0xff, 0xff, 0xff, 0xff, 0xff, 0xff, 0xff, 0xff, 0xff, 0xff, 0xff,
    0xff, 0xff, 0xff, 0xff, 0xbc, 0xbc, 0xbc, 0xff, 0x17, 0x17, 0x17, 0xff,
    0x00, 0x00, 0x00, 0xff, 0x00, 0x00, 0x00, 0xff, 0x00, 0x00, 0x00, 0xff,
    0x00, 0x00, 0x00, 0xff, 0x00, 0x00, 0x00, 0xff, 0x00, 0x00, 0x00, 0xff,
    0x34, 0x34, 0x34, 0xff, 0xeb, 0xeb, 0xeb, 0xff, 0xff, 0xff, 0xff, 0xff,
    0xff, 0xff, 0xff, 0xff, 0xff, 0xff, 0xff, 0xff, 0xff, 0xff, 0xff, 0xff,
    0xff, 0xff, 0xff, 0xff, 0xff, 0xff, 0xff, 0xff, 0xff, 0xff, 0xff, 0xff,
    0xff, 0xff, 0xff, 0xff, 0xff, 0xff, 0xff, 0xff, 0xff, 0xff, 0xff, 0xff,
    0xff, 0xff, 0xff, 0xff, 0xff, 0xff, 0xff, 0xff, 0xff, 0xff, 0xff, 0xff,
    0xff, 0xff, 0xff, 0xff, 0xff, 0xff, 0xff, 0xff, 0xff, 0xff, 0xff, 0xff,
    0xff, 0xff, 0xff, 0xff, 0xff, 0xff, 0xff, 0xff, 0xfe, 0xfc, 0xf7, 0xff,
    0xfb, 0xec, 0xd1, 0xff, 0xf5, 0xd5, 0x96, 0xff, 0xf1, 0xc1, 0x60, 0xff,
    0xee, 0xb2, 0x39, 0xff, 0xea, 0xa4, 0x13, 0xff, 0xe8, 0x9f, 0x00, 0xff,
    0xe8, 0x9e, 0x00, 0xff, 0xe8, 0x9d, 0x00, 0xff, 0xe8, 0x9e, 0x00, 0xff,
    0xe8, 0x9e, 0x00, 0xff, 0xe9, 0xa2, 0x0b, 0xff, 0xec, 0xab, 0x28, 0xff,
    0xef, 0xba, 0x4e, 0xff, 0xf3, 0xca, 0x75, 0xff, 0xf8, 0xe2, 0xb9, 0xff,
    0xfd, 0xf6, 0xe9, 0xff, 0xfe, 0xfe, 0xfe, 0xff, 0xff, 0xff, 0xff, 0xff,
    0xff, 0xff, 0xff, 0xff, 0xff, 0xff, 0xff, 0xff, 0xff, 0xff, 0xff, 0xff,
    0xff, 0xff, 0xff, 0xff, 0xff, 0xff, 0xff, 0xff, 0xff, 0xff, 0xff, 0xff,
    0xff, 0xff, 0xff, 0xff, 0x97, 0x97, 0x97, 0xff, 0x06, 0x06, 0x06, 0xff,
    0x00, 0x00, 0x00, 0xff, 0x00, 0x00, 0x00, 0xff, 0x00, 0x00, 0x00, 0xff,
    0x00, 0x00, 0x00, 0xff, 0x00, 0x00, 0x00, 0xff, 0x00, 0x00, 0x00, 0xff,
    0x00, 0x00, 0x00, 0xff, 0x00, 0x00, 0x00, 0xff, 0x00, 0x00, 0x00, 0xff,
    0x00, 0x00, 0x00, 0xff, 0x00, 0x00, 0x00, 0xff, 0x00, 0x00, 0x00, 0xff,
    0x00, 0x00, 0x00, 0xff, 0x00, 0x00, 0x00, 0xff, 0x00, 0x00, 0x00, 0xff,
    0x00, 0x00, 0x00, 0xff, 0x00, 0x00, 0x00, 0xff, 0x01, 0x01, 0x01, 0xff,
    0x07, 0x06, 0x06, 0xff, 0x22, 0x23, 0x23, 0xff, 0x4f, 0x50, 0x50, 0xff,
    0x93, 0x93, 0x93, 0xff, 0xe4, 0xe4, 0xe4, 0xff, 0xff, 0xff, 0xff, 0xff,
    0xff, 0xff, 0xff, 0xff, 0xff, 0xff, 0xff, 0xff, 0xff, 0xff, 0xff, 0xff,
    0xff, 0xff, 0xff, 0xff, 0xff, 0xff, 0xff, 0xff, 0xff, 0xff, 0xff, 0xff,
    0xff, 0xff, 0xff, 0xff, 0xff, 0xff, 0xff, 0xff, 0xff, 0xff, 0xff, 0xff,
    0xff, 0xff, 0xff, 0xff, 0xff, 0xff, 0xff, 0xff, 0xff, 0xff, 0xff, 0xff,
    0xff, 0xff, 0xff, 0xff, 0xff, 0xff, 0xff, 0xff, 0xff, 0xff, 0xff, 0xff,
    0xff, 0xff, 0xff, 0xff, 0xff, 0xff, 0xff, 0xff, 0xff, 0xff, 0xff, 0xff,
    0xff, 0xff, 0xff, 0xff, 0xff, 0xff, 0xff, 0xff, 0xff, 0xff, 0xff, 0xff,
    0xff, 0xff, 0xff, 0xff, 0xff, 0xff, 0xff, 0xff, 0xff, 0xff, 0xff, 0xff,
    0xff, 0xff, 0xff, 0xff, 0xff, 0xff, 0xff, 0xff, 0xff, 0xff, 0xff, 0xff,
    0xff, 0xff, 0xff, 0xff, 0xff, 0xff, 0xff, 0xff, 0xff, 0xff, 0xff, 0xff,
    0xff, 0xff, 0xff, 0xff, 0xff, 0xff, 0xff, 0xff, 0xff, 0xff, 0xff, 0xff,
    0xff, 0xff, 0xff, 0xff, 0xff, 0xff, 0xff, 0xff, 0xff, 0xff, 0xff, 0xff,
    0xff, 0xff, 0xff, 0xff, 0xff, 0xff, 0xff, 0xff, 0xff, 0xff, 0xff, 0xff,
    0xff, 0xff, 0xff, 0xff, 0xff, 0xff, 0xff, 0xff, 0xff, 0xff, 0xff, 0xff,
    0xff, 0xff, 0xff, 0xff, 0xff, 0xff, 0xff, 0xff, 0xff, 0xff, 0xff, 0xff,
    0xff, 0xff, 0xff, 0xff, 0xff, 0xff, 0xff, 0xff, 0xff, 0xff, 0xff, 0xff,
    0xff, 0xff, 0xff, 0xff, 0xff, 0xff, 0xff, 0xff, 0xff, 0xff, 0xff, 0xff,
    0xff, 0xff, 0xff, 0xff, 0xff, 0xff, 0xff, 0xff, 0xff, 0xff, 0xff, 0xff,
    0xff, 0xff, 0xff, 0xff, 0xff, 0xff, 0xff, 0xff, 0xff, 0xff, 0xff, 0xff,
    0xff, 0xff, 0xff, 0xff, 0xff, 0xff, 0xff, 0xff, 0xff, 0xff, 0xff, 0xff,
    0xff, 0xff, 0xff, 0xff, 0xff, 0xff, 0xff, 0xff, 0xff, 0xff, 0xff, 0xff,
    0xe2, 0xe2, 0xe2, 0xff, 0x96, 0x96, 0x96, 0xff, 0xcd, 0xcd, 0xcd, 0xff,
    0xfd, 0xfd, 0xfd, 0xff, 0xfb, 0xfb, 0xfb, 0xff, 0xfc, 0xfe, 0xfe, 0xff,
    0xd1, 0xa8, 0xa8, 0xff, 0x84, 0x0f, 0x0f, 0xff, 0x83, 0x0c, 0x0c, 0xff,
    0xaf, 0x65, 0x65, 0xff, 0xc8, 0x96, 0x96, 0xff, 0xbf, 0x85, 0x85, 0xff,
    0xa3, 0x50, 0x50, 0xff, 0x95, 0x33, 0x33, 0xff, 0x80, 0x04, 0x04, 0xff,
    0x7f, 0x00, 0x00, 0xff, 0x93, 0x30, 0x30, 0xff, 0x85, 0x0f, 0x0f, 0xff,
    0x7e, 0x00, 0x00, 0xff, 0x7f, 0x00, 0x00, 0xff, 0x7f, 0x00, 0x00, 0xff,
    0x7e, 0x00, 0x00, 0xff, 0x7f, 0x00, 0x00, 0xff, 0x7f, 0x00, 0x00, 0xff,
    0x7e, 0x00, 0x00, 0xff, 0x7f, 0x01, 0x01, 0xff, 0x86, 0x13, 0x13, 0xff,
    0x80, 0x05, 0x05, 0xff, 0x7f, 0x00, 0x00, 0xff, 0x7f, 0x00, 0x00, 0xff,
    0x7e, 0x00, 0x00, 0xff, 0x7f, 0x00, 0x00, 0xff, 0x7f, 0x00, 0x00, 0xff,
    0x7e, 0x00, 0x00, 0xff, 0x7f, 0x00, 0x00, 0xff, 0x7f, 0x01, 0x01, 0xff,
    0x7f, 0x05, 0x05, 0xff, 0x7f, 0x00, 0x00, 0xff, 0x7f, 0x00, 0x00, 0xff,
    0x7e, 0x00, 0x00, 0xff, 0x7f, 0x00, 0x00, 0xff, 0x7f, 0x00, 0x00, 0xff,
    0x7e, 0x00, 0x00, 0xff, 0x7f, 0x00, 0x00, 0xff, 0x7f, 0x00, 0x00, 0xff,
    0x81, 0x08, 0x08, 0xff, 0xb5, 0x71, 0x71, 0xff, 0xef, 0xe2, 0xe2, 0xff,
    0xfb, 0xfc, 0xfc, 0xff, 0xfb, 0xfb, 0xfb, 0xff, 0xfb, 0xfb, 0xfb, 0xff,
    0xfb, 0xfb, 0xfb, 0xff, 0xfb, 0xfb, 0xfb, 0xff, 0xfa, 0xfa, 0xfa, 0xff,
    0xfb, 0xfb, 0xfb, 0xff, 0xfb, 0xfb, 0xfb, 0xff, 0xfb, 0xfb, 0xfb, 0xff,
    0xfb, 0xfc, 0xfc, 0xff, 0xfc, 0xfd, 0xfd, 0xff, 0xe9, 0xd6, 0xd6, 0xff,
    0xab, 0x5e, 0x5e, 0xff, 0x81, 0x02, 0x02, 0xff, 0x7f, 0x00, 0x00, 0xff,
    0x7e, 0x00, 0x00, 0xff, 0x7f, 0x00, 0x00, 0xff, 0x82, 0x05, 0x05, 0xff,
    0x86, 0x14, 0x14, 0xff, 0x7e, 0x00, 0x00, 0xff, 0x7f, 0x00, 0x00, 0xff,
    0x7f, 0x00, 0x00, 0xff, 0x7f, 0x00, 0x00, 0xff, 0x7f, 0x00, 0x00, 0xff,
    0x7f, 0x00, 0x00, 0xff, 0x7f, 0x00, 0x00, 0xff, 0x7f, 0x00, 0x00, 0xff,
    0x89, 0x17, 0x17, 0xff, 0x8d, 0x22, 0x22, 0xff, 0x7e, 0x00, 0x00, 0xff,
    0x7f, 0x00, 0x00, 0xff, 0x7f, 0x00, 0x00, 0xff, 0x7f, 0x00, 0x00, 0xff,
    0x7e, 0x00, 0x00, 0xff, 0x7d, 0x02, 0x02, 0xff, 0xb7, 0x75, 0x75, 0xff,
    0xf1, 0xe7, 0xe7, 0xff, 0xf7, 0xf2, 0xf2, 0xff, 0xfd, 0xff, 0xff, 0xff,
    0xfd, 0xff, 0xff, 0xff, 0xfe, 0xff, 0xff, 0xff, 0xd5, 0xb0, 0xb0, 0xff,
    0xa1, 0x4f, 0x4f, 0xff, 0x89, 0x18, 0x18, 0xff, 0x7c, 0x00, 0x00, 0xff,
    0x94, 0x34, 0x34, 0xff, 0x89, 0x1f, 0x1f, 0xff, 0x84, 0x16, 0x16, 0xff,
    0x81, 0x0c, 0x0c, 0xff, 0x9c, 0x41, 0x41, 0xff, 0xf2, 0xe9, 0xe9, 0xff,
    0xfb, 0xfc, 0xfc, 0xff, 0xfb, 0xfb, 0xfb, 0xff, 0xfc, 0xfd, 0xfd, 0xff,
    0xfc, 0xfe, 0xfe, 0xff, 0xfb, 0xfc, 0xfc, 0xff, 0xfb, 0xfb, 0xfb, 0xff,
    0xfa, 0xfa, 0xfa, 0xff, 0xfa, 0xfa, 0xfb, 0xff, 0xfa, 0xfa, 0xfb, 0xff,
    0xfb, 0xfb, 0xfb, 0xff, 0xfb, 0xfb, 0xfb, 0xff, 0xfb, 0xfb, 0xfb, 0xff,
    0xfb, 0xfb, 0xfb, 0xff, 0xfb, 0xfb, 0xfb, 0xff, 0xfb, 0xfb, 0xfb, 0xff,
    0xfb, 0xfb, 0xfb, 0xff, 0xfb, 0xfb, 0xfb, 0xff, 0xfb, 0xfb, 0xfb, 0xff,
    0xfa, 0xfa, 0xfa, 0xff, 0xfd, 0xfd, 0xfd, 0xff, 0xf2, 0xf2, 0xf2, 0xff,
    0xa8, 0xa6, 0xa6, 0xff, 0xba, 0xb9, 0xb9, 0xff, 0xfa, 0xfa, 0xfa, 0xff,
    0xff, 0xff, 0xff, 0xff, 0xff, 0xff, 0xff, 0xff, 0xff, 0xff, 0xff, 0xff,
    0xff, 0xff, 0xff, 0xff, 0xff, 0xff, 0xff, 0xff, 0xff, 0xff, 0xff, 0xff,
    0xff, 0xff, 0xff, 0xff, 0xff, 0xff, 0xff, 0xff, 0xff, 0xff, 0xff, 0xff,
    0xff, 0xff, 0xff, 0xff, 0xff, 0xff, 0xff, 0xff, 0xff, 0xff, 0xff, 0xff,
    0xff, 0xff, 0xff, 0xff, 0xff, 0xff, 0xff, 0xff, 0xbe, 0xbe, 0xbe, 0xff,
    0x18, 0x18, 0x18, 0xff, 0x00, 0x00, 0x00, 0xff, 0x00, 0x00, 0x00, 0xff,
    0x00, 0x00, 0x00, 0xff, 0x00, 0x00, 0x00, 0xff, 0x00, 0x00, 0x00, 0xff,
    0x00, 0x00, 0x00, 0xff, 0x37, 0x37, 0x37, 0xff, 0xeb, 0xeb, 0xeb, 0xff,
    0xff, 0xff, 0xff, 0xff, 0xff, 0xff, 0xff, 0xff, 0xff, 0xff, 0xff, 0xff,
    0xff, 0xff, 0xff, 0xff, 0xff, 0xff, 0xff, 0xff, 0xff, 0xff, 0xff, 0xff,
    0xff, 0xff, 0xff, 0xff, 0xff, 0xff, 0xff, 0xff, 0xff, 0xff, 0xff, 0xff,
    0xff, 0xff, 0xff, 0xff, 0xff, 0xff, 0xff, 0xff, 0xff, 0xff, 0xff, 0xff,
    0xff, 0xff, 0xff, 0xff, 0xff, 0xff, 0xff, 0xff, 0xff, 0xff, 0xff, 0xff,
    0xfe, 0xfe, 0xfe, 0xff, 0xfd, 0xf7, 0xec, 0xff, 0xf7, 0xde, 0xab, 0xff,
    0xf0, 0xbe, 0x5c, 0xff, 0xeb, 0xa9, 0x1f, 0xff, 0xe9, 0xa0, 0x06, 0xff,
    0xe8, 0x9b, 0x00, 0xff, 0xe8, 0x9d, 0x00, 0xff, 0xea, 0xa5, 0x14, 0xff,
    0xec, 0xaa, 0x25, 0xff, 0xed, 0xaf, 0x33, 0xff, 0xee, 0xb1, 0x37, 0xff,
    0xed, 0xb0, 0x34, 0xff, 0xed, 0xaf, 0x32, 0xff, 0xeb, 0xa8, 0x1f, 0xff,
    0xe9, 0xa0, 0x08, 0xff, 0xe8, 0x9b, 0x00, 0xff, 0xe8, 0x9d, 0x00, 0xff,
    0xea, 0xa4, 0x12, 0xff, 0xed, 0xb2, 0x34, 0xff, 0xf4, 0xd0, 0x88, 0xff,
    0xfb, 0xef, 0xd8, 0xff, 0xfe, 0xfe, 0xfe, 0xff, 0xff, 0xff, 0xff, 0xff,
    0xff, 0xff, 0xff, 0xff, 0xff, 0xff, 0xff, 0xff, 0xff, 0xff, 0xff, 0xff,
    0xff, 0xff, 0xff, 0xff, 0xff, 0xff, 0xff, 0xff, 0x9a, 0x9a, 0x9a, 0xff,
    0x08, 0x08, 0x08, 0xff, 0x00, 0x00, 0x00, 0xff, 0x00, 0x00, 0x00, 0xff,
    0x00, 0x00, 0x00, 0xff, 0x00, 0x00, 0x00, 0xff, 0x00, 0x00, 0x00, 0xff,
    0x00, 0x00, 0x00, 0xff, 0x00, 0x00, 0x00, 0xff, 0x00, 0x00, 0x00, 0xff,
    0x00, 0x00, 0x00, 0xff, 0x00, 0x00, 0x00, 0xff, 0x00, 0x00, 0x00, 0xff,
    0x00, 0x00, 0x00, 0xff, 0x00, 0x00, 0x00, 0xff, 0x00, 0x00, 0x00, 0xff,
    0x00, 0x00, 0x00, 0xff, 0x00, 0x00, 0x00, 0xff, 0x00, 0x00, 0x00, 0xff,
    0x00, 0x00, 0x00, 0xff, 0x00, 0x00, 0x00, 0xff, 0x00, 0x00, 0x00, 0xff,
    0x00, 0x00, 0x00, 0xff, 0x07, 0x07, 0x07, 0xff, 0x3f, 0x3f, 0x3f, 0xff,
    0xb3, 0xb3, 0xb3, 0xff, 0xfc, 0xfc, 0xfc, 0xff, 0xff, 0xff, 0xff, 0xff,
    0xff, 0xff, 0xff, 0xff, 0xff, 0xff, 0xff, 0xff, 0xff, 0xff, 0xff, 0xff,
    0xff, 0xff, 0xff, 0xff, 0xff, 0xff, 0xff, 0xff, 0xff, 0xff, 0xff, 0xff,
    0xff, 0xff, 0xff, 0xff, 0xff, 0xff, 0xff, 0xff, 0xff, 0xff, 0xff, 0xff,
    0xff, 0xff, 0xff, 0xff, 0xff, 0xff, 0xff, 0xff, 0xff, 0xff, 0xff, 0xff,
    0xff, 0xff, 0xff, 0xff, 0xff, 0xff, 0xff, 0xff, 0xff, 0xff, 0xff, 0xff,
    0xff, 0xff, 0xff, 0xff, 0xff, 0xff, 0xff, 0xff, 0xff, 0xff, 0xff, 0xff,
    0xff, 0xff, 0xff, 0xff, 0xff, 0xff, 0xff, 0xff, 0xff, 0xff, 0xff, 0xff,
    0xff, 0xff, 0xff, 0xff, 0xff, 0xff, 0xff, 0xff, 0xff, 0xff, 0xff, 0xff,
    0xff, 0xff, 0xff, 0xff, 0xff, 0xff, 0xff, 0xff, 0xff, 0xff, 0xff, 0xff,
    0xff, 0xff, 0xff, 0xff, 0xff, 0xff, 0xff, 0xff, 0xff, 0xff, 0xff, 0xff,
    0xff, 0xff, 0xff, 0xff, 0xff, 0xff, 0xff, 0xff, 0xff, 0xff, 0xff, 0xff,
    0xff, 0xff, 0xff, 0xff, 0xff, 0xff, 0xff, 0xff, 0xff, 0xff, 0xff, 0xff,
    0xff, 0xff, 0xff, 0xff, 0xff, 0xff, 0xff, 0xff, 0xff, 0xff, 0xff, 0xff,
    0xff, 0xff, 0xff, 0xff, 0xff, 0xff, 0xff, 0xff, 0xff, 0xff, 0xff, 0xff,
    0xff, 0xff, 0xff, 0xff, 0xff, 0xff, 0xff, 0xff, 0xff, 0xff, 0xff, 0xff,
    0xff, 0xff, 0xff, 0xff, 0xff, 0xff, 0xff, 0xff, 0xff, 0xff, 0xff, 0xff,
    0xff, 0xff, 0xff, 0xff, 0xff, 0xff, 0xff, 0xff, 0xff, 0xff, 0xff, 0xff,
    0xff, 0xff, 0xff, 0xff, 0xff, 0xff, 0xff, 0xff, 0xff, 0xff, 0xff, 0xff,
    0xff, 0xff, 0xff, 0xff, 0xff, 0xff, 0xff, 0xff, 0xff, 0xff, 0xff, 0xff,
    0xff, 0xff, 0xff, 0xff, 0xff, 0xff, 0xff, 0xff, 0xff, 0xff, 0xff, 0xff,
    0xe5, 0xe5, 0xe5, 0xff, 0x8f, 0x8f, 0x8f, 0xff, 0xd0, 0xd0, 0xd0, 0xff,
    0xff, 0xff, 0xff, 0xff, 0xf9, 0xf8, 0xf8, 0xff, 0xfc, 0xfd, 0xfd, 0xff,
    0xf3, 0xea, 0xea, 0xff, 0xac, 0x5f, 0x5f, 0xff, 0x7e, 0x03, 0x03, 0xff,
    0x8b, 0x1e, 0x1e, 0xff, 0xa6, 0x58, 0x58, 0xff, 0x8d, 0x27, 0x27, 0xff,
    0x87, 0x1c, 0x1c, 0xff, 0x87, 0x16, 0x16, 0xff, 0x7f, 0x02, 0x02, 0xff,
    0x87, 0x15, 0x15, 0xff, 0x8d, 0x22, 0x22, 0xff, 0x82, 0x0a, 0x0a, 0xff,
    0x86, 0x11, 0x11, 0xff, 0x89, 0x18, 0x18, 0xff, 0x80, 0x05, 0x05, 0xff,
    0x86, 0x11, 0x11, 0xff, 0x8a, 0x1a, 0x1a, 0xff, 0x81, 0x05, 0x05, 0xff,
    0x86, 0x11, 0x11, 0xff, 0x8a, 0x1c, 0x1b, 0xff, 0x8f, 0x2a, 0x2a, 0xff,
    0x8a, 0x1d, 0x1d, 0xff, 0x89, 0x1a, 0x19, 0xff, 0x82, 0x07, 0x07, 0xff,
    0x84, 0x0b, 0x0b, 0xff, 0x8a, 0x1c, 0x1c, 0xff, 0x82, 0x07, 0x07, 0xff,
    0x85, 0x0e, 0x0e, 0xff, 0x8a, 0x1b, 0x1b, 0xff, 0x81, 0x07, 0x07, 0xff,
    0x94, 0x2e, 0x2e, 0xff, 0x96, 0x37, 0x37, 0xff, 0x81, 0x07, 0x07, 0xff,
    0x84, 0x0c, 0x0c, 0xff, 0x8b, 0x1c, 0x1c, 0xff, 0x83, 0x09, 0x08, 0xff,
    0x84, 0x0d, 0x0c, 0xff, 0x8b, 0x1d, 0x1c, 0xff, 0x83, 0x09, 0x09, 0xff,
    0x83, 0x08, 0x07, 0xff, 0x8c, 0x20, 0x1f, 0xff, 0x88, 0x19, 0x19, 0xff,
    0xcd, 0x9f, 0x9f, 0xff, 0xec, 0xde, 0xdd, 0xff, 0xfc, 0xfc, 0xfc, 0xff,
    0xfb, 0xfb, 0xfa, 0xff, 0xfb, 0xfb, 0xfa, 0xff, 0xfb, 0xfb, 0xfa, 0xff,
    0xfb, 0xfc, 0xfb, 0xff, 0xfb, 0xfb, 0xfb, 0xff, 0xfa, 0xf9, 0xf8, 0xff,
    0xf8, 0xf5, 0xf4, 0xff, 0xf8, 0xf5, 0xf5, 0xff, 0xf4, 0xec, 0xec, 0xff,
    0xaa, 0x61, 0x61, 0xff, 0x87, 0x1a, 0x1a, 0xff, 0x84, 0x0d, 0x0d, 0xff,
    0x81, 0x04, 0x04, 0xff, 0x8a, 0x1a, 0x1a, 0xff, 0x86, 0x11, 0x11, 0xff,
    0x82, 0x09, 0x08, 0xff, 0x92, 0x2b, 0x2b, 0xff, 0x85, 0x11, 0x10, 0xff,
    0x80, 0x05, 0x05, 0xff, 0x89, 0x18, 0x18, 0xff, 0x87, 0x12, 0x11, 0xff,
    0x80, 0x03, 0x02, 0xff, 0x89, 0x19, 0x19, 0xff, 0x86, 0x12, 0x12, 0xff,
    0x81, 0x06, 0x05, 0xff, 0x8a, 0x1b, 0x1a, 0xff, 0x8a, 0x1d, 0x1c, 0xff,
    0x82, 0x08, 0x08, 0xff, 0x89, 0x18, 0x18, 0xff, 0x87, 0x12, 0x11, 0xff,
    0x81, 0x01, 0x01, 0xff, 0x88, 0x17, 0x17, 0xff, 0x8b, 0x21, 0x21, 0xff,
    0xd5, 0xaf, 0xaf, 0xff, 0xfd, 0xff, 0xff, 0xff, 0xfb, 0xfb, 0xfb, 0xff,
    0xfa, 0xfa, 0xfa, 0xff, 0xfa, 0xfa, 0xfa, 0xff, 0xfb, 0xfb, 0xfb, 0xff,
    0xfb, 0xfa, 0xfa, 0xff, 0xf5, 0xee, 0xee, 0xff, 0xdd, 0xbd, 0xbd, 0xff,
    0xaa, 0x5e, 0x5e, 0xff, 0xd1, 0xa9, 0xa9, 0xff, 0xdd, 0xbf, 0xbf, 0xff,
    0xc1, 0x8a, 0x8a, 0xff, 0xbb, 0x7d, 0x7d, 0xff, 0xbd, 0x88, 0x88, 0xff,
    0xf3, 0xeb, 0xea, 0xff, 0xfc, 0xfd, 0xfc, 0xff, 0xfd, 0xfd, 0xfa, 0xff,
    0xfe, 0xfe, 0xfa, 0xff, 0xfe, 0xfe, 0xfb, 0xff, 0xfb, 0xf9, 0xf7, 0xff,
    0xfd, 0xfc, 0xf8, 0xff, 0xfe, 0xfe, 0xfb, 0xff, 0xfd, 0xfd, 0xfa, 0xff,
    0xfb, 0xfb, 0xfb, 0xff, 0xfb, 0xfb, 0xfa, 0xff, 0xfb, 0xfb, 0xfb, 0xff,
    0xfa, 0xfa, 0xfa, 0xff, 0xfb, 0xfb, 0xfb, 0xff, 0xfb, 0xfb, 0xfa, 0xff,
    0xfb, 0xfb, 0xfa, 0xff, 0xfa, 0xfa, 0xfb, 0xff, 0xfb, 0xfb, 0xfb, 0xff,
    0xfb, 0xfb, 0xfb, 0xff, 0xfb, 0xfb, 0xfb, 0xff, 0xfa, 0xfa, 0xfa, 0xff,
    0xfc, 0xfc, 0xfc, 0xff, 0xf6, 0xf6, 0xf6, 0xff, 0xa2, 0xa3, 0xa3, 0xff,
    0xb8, 0xb8, 0xb8, 0xff, 0xfb, 0xfb, 0xfb, 0xff, 0xff, 0xff, 0xff, 0xff,
    0xff, 0xff, 0xff, 0xff, 0xff, 0xff, 0xff, 0xff, 0xff, 0xff, 0xff, 0xff,
    0xff, 0xff, 0xff, 0xff, 0xff, 0xff, 0xff, 0xff, 0xff, 0xff, 0xff, 0xff,
    0xff, 0xff, 0xff, 0xff, 0xff, 0xff, 0xff, 0xff, 0xff, 0xff, 0xff, 0xff,
    0xff, 0xff, 0xff, 0xff, 0xff, 0xff, 0xff, 0xff, 0xff, 0xff, 0xff, 0xff,
    0xbe, 0xbe, 0xbe, 0xff, 0x18, 0x18, 0x18, 0xff, 0x00, 0x00, 0x00, 0xff,
    0x00, 0x00, 0x00, 0xff, 0x00, 0x00, 0x00, 0xff, 0x00, 0x00, 0x00, 0xff,
    0x00, 0x00, 0x00, 0xff, 0x00, 0x00, 0x00, 0xff, 0x37, 0x37, 0x37, 0xff,
    0xeb, 0xeb, 0xeb, 0xff, 0xff, 0xff, 0xff, 0xff, 0xff, 0xff, 0xff, 0xff,
    0xff, 0xff, 0xff, 0xff, 0xff, 0xff, 0xff, 0xff, 0xff, 0xff, 0xff, 0xff,
    0xff, 0xff, 0xff, 0xff, 0xff, 0xff, 0xff, 0xff, 0xff, 0xff, 0xff, 0xff,
    0xff, 0xff, 0xff, 0xff, 0xff, 0xff, 0xff, 0xff, 0xff, 0xff, 0xff, 0xff,
    0xff, 0xff, 0xff, 0xff, 0xff, 0xff, 0xff, 0xff, 0xff, 0xff, 0xff, 0xff,
    0xff, 0xff, 0xff, 0xff, 0xfe, 0xfd, 0xfb, 0xff, 0xf5, 0xd4, 0x93, 0xff,
    0xea, 0xa1, 0x0b, 0xff, 0xe8, 0x9c, 0x00, 0xff, 0xe9, 0xa0, 0x03, 0xff,
    0xeb, 0xaa, 0x22, 0xff, 0xf1, 0xc2, 0x65, 0xff, 0xf6, 0xd7, 0x96, 0xff,
    0xf9, 0xe3, 0xbb, 0xff, 0xfa, 0xec, 0xd0, 0xff, 0xfc, 0xf3, 0xe2, 0xff,
    0xfc, 0xf5, 0xe7, 0xff, 0xfc, 0xf3, 0xe4, 0xff, 0xfc, 0xf2, 0xe0, 0xff,
    0xfa, 0xe8, 0xc8, 0xff, 0xf7, 0xdd, 0xab, 0xff, 0xf4, 0xce, 0x81, 0xff,
    0xef, 0xb7, 0x45, 0xff, 0xea, 0xa3, 0x0c, 0xff, 0xe9, 0x9e, 0x00, 0xff,
    0xe8, 0x9e, 0x00, 0xff, 0xed, 0xae, 0x2e, 0xff, 0xf7, 0xdd, 0xa9, 0xff,
    0xfe, 0xfe, 0xfc, 0xff, 0xff, 0xff, 0xff, 0xff, 0xff, 0xff, 0xff, 0xff,
    0xff, 0xff, 0xff, 0xff, 0xff, 0xff, 0xff, 0xff, 0xff, 0xff, 0xff, 0xff,
    0x9a, 0x9a, 0x9a, 0xff, 0x07, 0x07, 0x07, 0xff, 0x00, 0x00, 0x00, 0xff,
    0x00, 0x00, 0x00, 0xff, 0x00, 0x00, 0x00, 0xff, 0x00, 0x00, 0x00, 0xff,
    0x00, 0x00, 0x00, 0xff, 0x00, 0x00, 0x00, 0xff, 0x00, 0x00, 0x00, 0xff,
    0x00, 0x00, 0x00, 0xff, 0x00, 0x00, 0x00, 0xff, 0x00, 0x00, 0x00, 0xff,
    0x00, 0x00, 0x00, 0xff, 0x00, 0x00, 0x00, 0xff, 0x00, 0x00, 0x00, 0xff,
    0x00, 0x00, 0x00, 0xff, 0x00, 0x00, 0x00, 0xff, 0x00, 0x00, 0x00, 0xff,
    0x00, 0x00, 0x00, 0xff, 0x00, 0x00, 0x00, 0xff, 0x00, 0x00, 0x00, 0xff,
    0x00, 0x00, 0x00, 0xff, 0x00, 0x00, 0x00, 0xff, 0x00, 0x00, 0x00, 0xff,
    0x00, 0x00, 0x00, 0xff, 0x1a, 0x1a, 0x1a, 0xff, 0xa3, 0xa3, 0xa3, 0xff,
    0xfd, 0xfd, 0xfd, 0xff, 0xff, 0xff, 0xff, 0xff, 0xff, 0xff, 0xff, 0xff,
    0xff, 0xff, 0xff, 0xff, 0xff, 0xff, 0xff, 0xff, 0xff, 0xff, 0xff, 0xff,
    0xff, 0xff, 0xff, 0xff, 0xff, 0xff, 0xff, 0xff, 0xff, 0xff, 0xff, 0xff,
    0xff, 0xff, 0xff, 0xff, 0xff, 0xff, 0xff, 0xff, 0xff, 0xff, 0xff, 0xff,
    0xff, 0xff, 0xff, 0xff, 0xff, 0xff, 0xff, 0xff, 0xff, 0xff, 0xff, 0xff,
    0xff, 0xff, 0xff, 0xff, 0xff, 0xff, 0xff, 0xff, 0xff, 0xff, 0xff, 0xff,
    0xff, 0xff, 0xff, 0xff, 0xff, 0xff, 0xff, 0xff, 0xff, 0xff, 0xff, 0xff,
    0xff, 0xff, 0xff, 0xff, 0xff, 0xff, 0xff, 0xff, 0xff, 0xff, 0xff, 0xff,
    0xff, 0xff, 0xff, 0xff, 0xff, 0xff, 0xff, 0xff, 0xff, 0xff, 0xff, 0xff,
    0xff, 0xff, 0xff, 0xff, 0xff, 0xff, 0xff, 0xff, 0xff, 0xff, 0xff, 0xff,
    0xff, 0xff, 0xff, 0xff, 0xff, 0xff, 0xff, 0xff, 0xff, 0xff, 0xff, 0xff,
    0xff, 0xff, 0xff, 0xff, 0xff, 0xff, 0xff, 0xff, 0xff, 0xff, 0xff, 0xff,
    0xff, 0xff, 0xff, 0xff, 0xff, 0xff, 0xff, 0xff, 0xff, 0xff, 0xff, 0xff,
    0xff, 0xff, 0xff, 0xff, 0xff, 0xff, 0xff, 0xff, 0xff, 0xff, 0xff, 0xff,
    0xff, 0xff, 0xff, 0xff, 0xff, 0xff, 0xff, 0xff, 0xff, 0xff, 0xff, 0xff,
    0xff, 0xff, 0xff, 0xff, 0xff, 0xff, 0xff, 0xff, 0xff, 0xff, 0xff, 0xff,
    0xff, 0xff, 0xff, 0xff, 0xff, 0xff, 0xff, 0xff, 0xff, 0xff, 0xff, 0xff,
    0xff, 0xff, 0xff, 0xff, 0xff, 0xff, 0xff, 0xff, 0xff, 0xff, 0xff, 0xff,
    0xff, 0xff, 0xff, 0xff, 0xff, 0xff, 0xff, 0xff, 0xff, 0xff, 0xff, 0xff,
    0xff, 0xff, 0xff, 0xff, 0xff, 0xff, 0xff, 0xff, 0xff, 0xff, 0xff, 0xff,
    0xf2, 0xf2, 0xf2, 0xff, 0x99, 0x99, 0x99, 0xff, 0xc5, 0xc5, 0xc5, 0xff,
    0xfd, 0xfd, 0xfd, 0xff, 0xfa, 0xfa, 0xfa, 0xff, 0xfa, 0xf9, 0xf9, 0xff,
    0xf4, 0xee, 0xee, 0xff, 0xba, 0x7b, 0x7b, 0xff, 0x8e, 0x20, 0x20, 0xff,
    0x81, 0x04, 0x04, 0xff, 0x8d, 0x1b, 0x1b, 0xff, 0x91, 0x23, 0x23, 0xff,
    0x81, 0x04, 0x04, 0xff, 0x89, 0x14, 0x14, 0xff, 0x90, 0x20, 0x20, 0xff,
    0x81, 0x06, 0x06, 0xff, 0x9c, 0x3f, 0x3f, 0xff, 0xa2, 0x49, 0x49, 0xff,
    0x80, 0x04, 0x04, 0xff, 0x8b, 0x17, 0x17, 0xff, 0x8f, 0x1f, 0x1f, 0xff,
    0x82, 0x06, 0x06, 0xff, 0x8a, 0x16, 0x16, 0xff, 0x91, 0x22, 0x22, 0xff,
    0x82, 0x07, 0x07, 0xff, 0x8a, 0x17, 0x17, 0xff, 0x91, 0x26, 0x2c, 0xff,
    0x97, 0x38, 0x42, 0xff, 0x89, 0x19, 0x23, 0xff, 0x8f, 0x22, 0x29, 0xff,
    0x84, 0x0a, 0x09, 0xff, 0x86, 0x0e, 0x0e, 0xff, 0x92, 0x25, 0x25, 0xff,
    0x83, 0x09, 0x09, 0xff, 0x88, 0x12, 0x12, 0xff, 0x91, 0x23, 0x23, 0xff,
    0x85, 0x0b, 0x0b, 0xff, 0x95, 0x2f, 0x2f, 0xff, 0x95, 0x2e, 0x2e, 0xff,
    0x82, 0x09, 0x09, 0xff, 0x86, 0x10, 0x10, 0xff, 0x92, 0x24, 0x24, 0xff,
    0x84, 0x0b, 0x12, 0xff, 0x87, 0x11, 0x1b, 0xff, 0x90, 0x25, 0x2f, 0xff,
    0x84, 0x0d, 0x16, 0xff, 0x84, 0x0a, 0x14, 0xff, 0xa7, 0x57, 0x60, 0xff,
    0x8d, 0x2c, 0x35, 0xff, 0xaa, 0x63, 0x6a, 0xff, 0xd4, 0xb4, 0xbb, 0xff,
    0xf5, 0xf3, 0xf9, 0xff, 0xf7, 0xf7, 0xfb, 0xff, 0xf7, 0xf7, 0xfb, 0xff,
    0xf7, 0xf7, 0xfb, 0xff, 0xef, 0xe6, 0xec, 0xff, 0xbd, 0x80, 0x8a, 0xff,
    0xb4, 0x6f, 0x76, 0xff, 0xb6, 0x6e, 0x70, 0xff, 0xa7, 0x53, 0x4e, 0xff,
    0xca, 0x96, 0x92, 0xff, 0xa7, 0x56, 0x55, 0xff, 0x8e, 0x22, 0x22, 0xff,
    0x88, 0x11, 0x11, 0xff, 0x83, 0x05, 0x05, 0xff, 0x90, 0x22, 0x22, 0xff,
    0x8a, 0x16, 0x16, 0xff, 0x85, 0x10, 0x13, 0xff, 0xa8, 0x58, 0x61, 0xff,
    0x89, 0x17, 0x21, 0xff, 0x81, 0x07, 0x11, 0xff, 0x8d, 0x20, 0x2a, 0xff,
    0x8a, 0x17, 0x21, 0xff, 0x80, 0x03, 0x0d, 0xff, 0x8e, 0x21, 0x2b, 0xff,
    0x8a, 0x18, 0x21, 0xff, 0x81, 0x07, 0x11, 0xff, 0x8d, 0x21, 0x2b, 0xff,
    0xa0, 0x4c, 0x55, 0xff, 0x88, 0x1c, 0x25, 0xff, 0x8d, 0x20, 0x29, 0xff,
    0x8a, 0x17, 0x21, 0xff, 0x81, 0x02, 0x0b, 0xff, 0x8d, 0x1e, 0x24, 0xff,
    0x98, 0x2f, 0x2f, 0xff, 0xdb, 0xb5, 0xb0, 0xff, 0xff, 0xff, 0xfd, 0xff,
    0xfb, 0xfb, 0xfa, 0xff, 0xfa, 0xfa, 0xfb, 0xff, 0xfa, 0xfa, 0xfb, 0xff,
    0xfa, 0xfa, 0xfa, 0xff, 0xfb, 0xfb, 0xfb, 0xff, 0xfb, 0xfc, 0xfc, 0xff,
    0xfc, 0xfd, 0xfd, 0xff, 0xf7, 0xf3, 0xf3, 0xff, 0xf8, 0xf6, 0xf6, 0xff,
    0xfd, 0xfe, 0xfe, 0xff, 0xfc, 0xfd, 0xfd, 0xff, 0xfc, 0xfb, 0xfb, 0xff,
    0xfe, 0xfe, 0xfc, 0xff, 0xf7, 0xf2, 0xf2, 0xff, 0xeb, 0xe5, 0xf0, 0xff,
    0xd6, 0xd6, 0xf9, 0xff, 0xb0, 0xb0, 0xfc, 0xff, 0x99, 0x98, 0xfb, 0xff,
    0x7d, 0x5f, 0xd6, 0xff, 0x8f, 0x7f, 0xe8, 0xff, 0xb0, 0xb1, 0xfd, 0xff,
    0xd0, 0xd0, 0xfb, 0xff, 0xed, 0xed, 0xf9, 0xff, 0xfb, 0xfb, 0xfb, 0xff,
    0xfe, 0xfe, 0xfb, 0xff, 0xfc, 0xfd, 0xfb, 0xff, 0xfb, 0xfb, 0xfa, 0xff,
    0xf7, 0xf7, 0xfb, 0xff, 0xf9, 0xf9, 0xfb, 0xff, 0xfb, 0xfb, 0xfb, 0xff,
    0xfb, 0xfb, 0xfb, 0xff, 0xfb, 0xfb, 0xfb, 0xff, 0xfb, 0xfb, 0xfb, 0xff,
    0xfb, 0xfb, 0xfb, 0xff, 0xfa, 0xfa, 0xfa, 0xff, 0xfc, 0xfc, 0xfc, 0xff,
    0xf1, 0xf1, 0xf1, 0xff, 0x96, 0x96, 0x96, 0xff, 0xc6, 0xc6, 0xc6, 0xff,
    0xfe, 0xfe, 0xfe, 0xff, 0xff, 0xff, 0xff, 0xff, 0xff, 0xff, 0xff, 0xff,
    0xff, 0xff, 0xff, 0xff, 0xff, 0xff, 0xff, 0xff, 0xff, 0xff, 0xff, 0xff,
    0xff, 0xff, 0xff, 0xff, 0xff, 0xff, 0xff, 0xff, 0xff, 0xff, 0xff, 0xff,
    0xff, 0xff, 0xff, 0xff, 0xff, 0xff, 0xff, 0xff, 0xff, 0xff, 0xff, 0xff,
    0xff, 0xff, 0xff, 0xff, 0xbe, 0xbe, 0xbe, 0xff, 0x18, 0x18, 0x18, 0xff,
    0x00, 0x00, 0x00, 0xff, 0x00, 0x00, 0x00, 0xff, 0x00, 0x00, 0x00, 0xff,
    0x00, 0x00, 0x00, 0xff, 0x00, 0x00, 0x00, 0xff, 0x00, 0x00, 0x00, 0xff,
    0x37, 0x37, 0x37, 0xff, 0xeb, 0xeb, 0xeb, 0xff, 0xff, 0xff, 0xff, 0xff,
    0xff, 0xff, 0xff, 0xff, 0xff, 0xff, 0xff, 0xff, 0xff, 0xff, 0xff, 0xff,
    0xff, 0xff, 0xff, 0xff, 0xff, 0xff, 0xff, 0xff, 0xff, 0xff, 0xff, 0xff,
    0xff, 0xff, 0xff, 0xff, 0xff, 0xff, 0xff, 0xff, 0xff, 0xff, 0xff, 0xff,
    0xff, 0xff, 0xff, 0xff, 0xff, 0xff, 0xff, 0xff, 0xff, 0xff, 0xff, 0xff,
    0xff, 0xff, 0xff, 0xff, 0xff, 0xff, 0xff, 0xff, 0xfe, 0xfe, 0xfe, 0xff,
    0xfb, 0xec, 0xd1, 0xff, 0xee, 0xb2, 0x3c, 0xff, 0xee, 0xb4, 0x3c, 0xff,
    0xf5, 0xd4, 0x92, 0xff, 0xfb, 0xf0, 0xd9, 0xff, 0xfe, 0xfb, 0xf6, 0xff,
    0xff, 0xff, 0xff, 0xff, 0xff, 0xff, 0xff, 0xff, 0xff, 0xff, 0xff, 0xff,
    0xff, 0xff, 0xff, 0xff, 0xff, 0xff, 0xff, 0xff, 0xff, 0xff, 0xff, 0xff,
    0xff, 0xff, 0xff, 0xff, 0xff, 0xff, 0xff, 0xff, 0xff, 0xff, 0xff, 0xff,
    0xfe, 0xfe, 0xfe, 0xff, 0xfd, 0xf7, 0xec, 0xff, 0xf9, 0xe7, 0xc3, 0xff,
    0xf3, 0xc9, 0x78, 0xff, 0xeb, 0xa9, 0x20, 0xff, 0xea, 0xa4, 0x11, 0xff,
    0xf7, 0xe0, 0xad, 0xff, 0xfe, 0xfe, 0xfe, 0xff, 0xff, 0xff, 0xff, 0xff,
    0xff, 0xff, 0xff, 0xff, 0xff, 0xff, 0xff, 0xff, 0xff, 0xff, 0xff, 0xff,
    0xff, 0xff, 0xff, 0xff, 0x9a, 0x9a, 0x9a, 0xff, 0x07, 0x07, 0x07, 0xff,
    0x00, 0x00, 0x00, 0xff, 0x00, 0x00, 0x00, 0xff, 0x00, 0x00, 0x00, 0xff,
    0x00, 0x00, 0x00, 0xff, 0x00, 0x00, 0x00, 0xff, 0x00, 0x00, 0x00, 0xff,
    0x00, 0x00, 0x00, 0xff, 0x00, 0x00, 0x00, 0xff, 0x00, 0x00, 0x00, 0xff,
    0x00, 0x00, 0x00, 0xff, 0x00, 0x00, 0x00, 0xff, 0x00, 0x00, 0x00, 0xff,
    0x00, 0x00, 0x00, 0xff, 0x00, 0x00, 0x00, 0xff, 0x00, 0x00, 0x00, 0xff,
    0x00, 0x00, 0x00, 0xff, 0x00, 0x00, 0x00, 0xff, 0x00, 0x00, 0x00, 0xff,
    0x00, 0x00, 0x00, 0xff, 0x00, 0x00, 0x00, 0xff, 0x00, 0x00, 0x00, 0xff,
    0x00, 0x00, 0x00, 0xff, 0x00, 0x00, 0x00, 0xff, 0x00, 0x00, 0x00, 0xff,
    0x26, 0x26, 0x26, 0xff, 0xcb, 0xcb, 0xcb, 0xff, 0xff, 0xff, 0xff, 0xff,
    0xff, 0xff, 0xff, 0xff, 0xff, 0xff, 0xff, 0xff, 0xff, 0xff, 0xff, 0xff,
    0xff, 0xff, 0xff, 0xff, 0xff, 0xff, 0xff, 0xff, 0xff, 0xff, 0xff, 0xff,
    0xff, 0xff, 0xff, 0xff, 0xff, 0xff, 0xff, 0xff, 0xff, 0xff, 0xff, 0xff,
    0xff, 0xff, 0xff, 0xff, 0xff, 0xff, 0xff, 0xff, 0xff, 0xff, 0xff, 0xff,
    0xff, 0xff, 0xff, 0xff, 0xff, 0xff, 0xff, 0xff, 0xff, 0xff, 0xff, 0xff,
    0xff, 0xff, 0xff, 0xff, 0xff, 0xff, 0xff, 0xff, 0xff, 0xff, 0xff, 0xff,
    0xff, 0xff, 0xff, 0xff, 0xff, 0xff, 0xff, 0xff, 0xff, 0xff, 0xff, 0xff,
    0xff, 0xff, 0xff, 0xff, 0xff, 0xff, 0xff, 0xff, 0xff, 0xff, 0xff, 0xff,
    0xff, 0xff, 0xff, 0xff, 0xff, 0xff, 0xff, 0xff, 0xff, 0xff, 0xff, 0xff,
    0xff, 0xff, 0xff, 0xff, 0xff, 0xff, 0xff, 0xff, 0xff, 0xff, 0xff, 0xff,
    0xff, 0xff, 0xff, 0xff, 0xff, 0xff, 0xff, 0xff, 0xff, 0xff, 0xff, 0xff,
    0xff, 0xff, 0xff, 0xff, 0xff, 0xff, 0xff, 0xff, 0xff, 0xff, 0xff, 0xff,
    0xff, 0xff, 0xff, 0xff, 0xff, 0xff, 0xff, 0xff, 0xff, 0xff, 0xff, 0xff,
    0xff, 0xff, 0xff, 0xff, 0xff, 0xff, 0xff, 0xff, 0xff, 0xff, 0xff, 0xff,
    0xff, 0xff, 0xff, 0xff, 0xff, 0xff, 0xff, 0xff, 0xff, 0xff, 0xff, 0xff,
    0xff, 0xff, 0xff, 0xff, 0xff, 0xff, 0xff, 0xff, 0xff, 0xff, 0xff, 0xff,
    0xff, 0xff, 0xff, 0xff, 0xff, 0xff, 0xff, 0xff, 0xff, 0xff, 0xff, 0xff,
    0xff, 0xff, 0xff, 0xff, 0xff, 0xff, 0xff, 0xff, 0xff, 0xff, 0xff, 0xff,
    0xff, 0xff, 0xff, 0xff, 0xff, 0xff, 0xff, 0xff, 0xff, 0xff, 0xff, 0xff,
    0xf9, 0xf9, 0xf9, 0xff, 0xa8, 0xa8, 0xa8, 0xff, 0xb8, 0xb8, 0xb8, 0xff,
    0xfc, 0xfc, 0xfc, 0xff, 0xfb, 0xfc, 0xfc, 0xff, 0xfd, 0xfe, 0xfe, 0xff,
    0xef, 0xe1, 0xe1, 0xff, 0xad, 0x63, 0x63, 0xff, 0x80, 0x07, 0x07, 0xff,
    0x7f, 0x00, 0x00, 0xff, 0x80, 0x00, 0x00, 0xff, 0x7f, 0x00, 0x00, 0xff,
    0x7f, 0x00, 0x00, 0xff, 0x7f, 0x00, 0x00, 0xff, 0x7f, 0x00, 0x00, 0xff,
    0x7f, 0x00, 0x00, 0xff, 0x7e, 0x01, 0x01, 0xff, 0x8d, 0x20, 0x20, 0xff,
    0x85, 0x0b, 0x0b, 0xff, 0x7f, 0x00, 0x00, 0xff, 0x7f, 0x00, 0x00, 0xff,
    0x7f, 0x00, 0x00, 0xff, 0x7f, 0x00, 0x00, 0xff, 0x7f, 0x00, 0x00, 0xff,
    0x7f, 0x00, 0x00, 0xff, 0x80, 0x00, 0x00, 0xff, 0x77, 0x00, 0x12, 0xff,
    0x46, 0x00, 0x89, 0xff, 0x3a, 0x06, 0xb1, 0xff, 0x37, 0x00, 0xaa, 0xff,
    0x47, 0x00, 0x80, 0xff, 0x7b, 0x00, 0x0a, 0xff, 0x80, 0x00, 0x00, 0xff,
    0x7f, 0x00, 0x00, 0xff, 0x7f, 0x00, 0x00, 0xff, 0x7f, 0x00, 0x00, 0xff,
    0x7f, 0x00, 0x00, 0xff, 0x83, 0x08, 0x08, 0xff, 0x86, 0x13, 0x13, 0xff,
    0x7e, 0x00, 0x00, 0xff, 0x7f, 0x00, 0x00, 0xff, 0x80, 0x00, 0x00, 0xff,
    0x78, 0x00, 0x0f, 0xff, 0x42, 0x00, 0x8d, 0xff, 0x36, 0x00, 0xab, 0xff,
    0x36, 0x00, 0xa8, 0xff, 0x37, 0x00, 0xa9, 0xff, 0x38, 0x00, 0xa9, 0xff,
    0x42, 0x16, 0xb9, 0xff, 0x3a, 0x07, 0xaf, 0xff, 0x4d, 0x31, 0xcb, 0xff,
    0x55, 0x40, 0xd8, 0xff, 0x64, 0x5e, 0xf3, 0xff, 0x6a, 0x6b, 0xfe, 0xff,
    0x69, 0x69, 0xfd, 0xff, 0x69, 0x6a, 0xfd, 0xff, 0x58, 0x46, 0xe1, 0xff,
    0x39, 0x03, 0xac, 0xff, 0x3e, 0x06, 0xa0, 0xff, 0x45, 0x08, 0x87, 0xff,
    0x4b, 0x00, 0x4c, 0xff, 0x84, 0x44, 0x7d, 0xff, 0xa4, 0x5f, 0x6d, 0xff,
    0x7d, 0x00, 0x00, 0xff, 0x7f, 0x00, 0x00, 0xff, 0x7f, 0x00, 0x00, 0xff,
    0x7f, 0x00, 0x00, 0xff, 0x7d, 0x00, 0x04, 0xff, 0x54, 0x02, 0x68, 0xff,
    0x40, 0x13, 0xb8, 0xff, 0x37, 0x00, 0xa9, 0xff, 0x38, 0x00, 0xa9, 0xff,
    0x37, 0x00, 0xa7, 0xff, 0x37, 0x00, 0xa8, 0xff, 0x38, 0x00, 0xa9, 0xff,
    0x37, 0x00, 0xa7, 0xff, 0x37, 0x00, 0xa8, 0xff, 0x37, 0x00, 0xa9, 0xff,
    0x36, 0x00, 0xa9, 0xff, 0x40, 0x14, 0xba, 0xff, 0x3a, 0x08, 0xb1, 0xff,
    0x36, 0x00, 0xa9, 0xff, 0x37, 0x00, 0xa8, 0xff, 0x38, 0x00, 0xa8, 0xff,
    0x3a, 0x00, 0x90, 0xff, 0x62, 0x37, 0xa9, 0xff, 0xb0, 0xab, 0xf2, 0xff,
    0xdc, 0xdc, 0xfc, 0xff, 0xf9, 0xf9, 0xfb, 0xff, 0xfd, 0xfd, 0xfa, 0xff,
    0xfb, 0xfb, 0xfa, 0xff, 0xfa, 0xfa, 0xfb, 0xff, 0xfb, 0xfb, 0xfb, 0xff,
    0xfb, 0xfb, 0xfb, 0xff, 0xfa, 0xfa, 0xfa, 0xff, 0xfb, 0xfb, 0xfb, 0xff,
    0xfb, 0xfb, 0xfb, 0xff, 0xfa, 0xfa, 0xfa, 0xff, 0xfb, 0xfb, 0xfa, 0xff,
    0xfb, 0xfb, 0xfb, 0xff, 0xda, 0xda, 0xfc, 0xff, 0x82, 0x79, 0xeb, 0xff,
    0x3d, 0x33, 0xea, 0xff, 0x17, 0x17, 0xfd, 0xff, 0x0e, 0x0e, 0xfe, 0xff,
    0x1a, 0x1a, 0xfd, 0xff, 0x26, 0x20, 0xf6, 0xff, 0x22, 0x1f, 0xf9, 0xff,
    0x0f, 0x0f, 0xfc, 0xff, 0x16, 0x16, 0xfd, 0xff, 0x46, 0x46, 0xfd, 0xff,
    0x85, 0x85, 0xfc, 0xff, 0xc9, 0xc8, 0xf8, 0xff, 0xe6, 0xe2, 0xf1, 0xff,
    0x9d, 0x9c, 0xfa, 0xff, 0x69, 0x69, 0xfd, 0xff, 0xa6, 0xa6, 0xfc, 0xff,
    0xfa, 0xfa, 0xfb, 0xff, 0xfb, 0xfb, 0xfa, 0xff, 0xfb, 0xfb, 0xfb, 0xff,
    0xfb, 0xfb, 0xfb, 0xff, 0xfa, 0xfa, 0xfa, 0xff, 0xfb, 0xfb, 0xfb, 0xff,
    0xfa, 0xfb, 0xfb, 0xff, 0xfc, 0xfc, 0xfc, 0xff, 0xe8, 0xe8, 0xe8, 0xff,
    0x8e, 0x8f, 0x8f, 0xff, 0xdb, 0xdb, 0xdb, 0xff, 0xff, 0xff, 0xff, 0xff,
    0xff, 0xff, 0xff, 0xff, 0xff, 0xff, 0xff, 0xff, 0xff, 0xff, 0xff, 0xff,
    0xff, 0xff, 0xff, 0xff, 0xff, 0xff, 0xff, 0xff, 0xff, 0xff, 0xff, 0xff,
    0xff, 0xff, 0xff, 0xff, 0xff, 0xff, 0xff, 0xff, 0xff, 0xff, 0xff, 0xff,
    0xff, 0xff, 0xff, 0xff, 0xff, 0xff, 0xff, 0xff, 0xbe, 0xbe, 0xbe, 0xff,
    0x18, 0x18, 0x18, 0xff, 0x00, 0x00, 0x00, 0xff, 0x00, 0x00, 0x00, 0xff,
    0x00, 0x00, 0x00, 0xff, 0x00, 0x00, 0x00, 0xff, 0x00, 0x00, 0x00, 0xff,
    0x00, 0x00, 0x00, 0xff, 0x37, 0x37, 0x37, 0xff, 0xeb, 0xeb, 0xeb, 0xff,
    0xff, 0xff, 0xff, 0xff, 0xff, 0xff, 0xff, 0xff, 0xff, 0xff, 0xff, 0xff,
    0xff, 0xff, 0xff, 0xff, 0xff, 0xff, 0xff, 0xff, 0xff, 0xff, 0xff, 0xff,
    0xff, 0xff, 0xff, 0xff, 0xff, 0xff, 0xff, 0xff, 0xff, 0xff, 0xff, 0xff,
    0xff, 0xff, 0xff, 0xff, 0xff, 0xff, 0xff, 0xff, 0xff, 0xff, 0xff, 0xff,
    0xff, 0xff, 0xff, 0xff, 0xff, 0xff, 0xff, 0xff, 0xff, 0xff, 0xff, 0xff,
    0xff, 0xff, 0xff, 0xff, 0xfe, 0xfe, 0xfe, 0xff, 0xfb, 0xed, 0xd5, 0xff,
    0xfc, 0xf5, 0xe8, 0xff, 0xff, 0xff, 0xff, 0xff, 0xff, 0xff, 0xff, 0xff,
    0xff, 0xff, 0xff, 0xff, 0xff, 0xff, 0xff, 0xff, 0xff, 0xff, 0xff, 0xff,
    0xff, 0xff, 0xff, 0xff, 0xff, 0xff, 0xff, 0xff, 0xff, 0xff, 0xff, 0xff,
    0xff, 0xff, 0xff, 0xff, 0xff, 0xff, 0xff, 0xff, 0xff, 0xff, 0xff, 0xff,
    0xff, 0xff, 0xff, 0xff, 0xff, 0xff, 0xff, 0xff, 0xff, 0xff, 0xff, 0xff,
    0xff, 0xff, 0xff, 0xff, 0xfe, 0xfd, 0xfc, 0xff, 0xfa, 0xe8, 0xc7, 0xff,
    0xf7, 0xde, 0xad, 0xff, 0xfe, 0xfc, 0xf8, 0xff, 0xff, 0xff, 0xff, 0xff,
    0xff, 0xff, 0xff, 0xff, 0xff, 0xff, 0xff, 0xff, 0xff, 0xff, 0xff, 0xff,
    0xff, 0xff, 0xff, 0xff, 0xff, 0xff, 0xff, 0xff, 0x9a, 0x9a, 0x9a, 0xff,
    0x07, 0x07, 0x07, 0xff, 0x00, 0x00, 0x00, 0xff, 0x00, 0x00, 0x00, 0xff,
    0x00, 0x00, 0x00, 0xff, 0x00, 0x00, 0x00, 0xff, 0x00, 0x00, 0x00, 0xff,
    0x00, 0x00, 0x00, 0xff, 0x07, 0x07, 0x07, 0xff, 0x17, 0x17, 0x17, 0xff,
    0x18, 0x18, 0x18, 0xff, 0x17, 0x17, 0x17, 0xff, 0x17, 0x17, 0x17, 0xff,
    0x17, 0x17, 0x17, 0xff, 0x17, 0x17, 0x17, 0xff, 0x18, 0x18, 0x18, 0xff,
    0x17, 0x17, 0x17, 0xff, 0x14, 0x14, 0x14, 0xff, 0x05, 0x05, 0x05, 0xff,
    0x00, 0x00, 0x00, 0xff, 0x00, 0x00, 0x00, 0xff, 0x00, 0x00, 0x00, 0xff,
    0x00, 0x00, 0x00, 0xff, 0x00, 0x00, 0x00, 0xff, 0x00, 0x00, 0x00, 0xff,
    0x00, 0x00, 0x00, 0xff, 0x00, 0x00, 0x00, 0xff, 0x5d, 0x5e, 0x5e, 0xff,
    0xf9, 0xf9, 0xf9, 0xff, 0xff, 0xff, 0xff, 0xff, 0xff, 0xff, 0xff, 0xff,
    0xff, 0xff, 0xff, 0xff, 0xff, 0xff, 0xff, 0xff, 0xff, 0xff, 0xff, 0xff,
    0xff, 0xff, 0xff, 0xff, 0xff, 0xff, 0xff, 0xff, 0xff, 0xff, 0xff, 0xff,
    0xff, 0xff, 0xff, 0xff, 0xff, 0xff, 0xff, 0xff, 0xff, 0xff, 0xff, 0xff,
    0xff, 0xff, 0xff, 0xff, 0xff, 0xff, 0xff, 0xff, 0xff, 0xff, 0xff, 0xff,
    0xff, 0xff, 0xff, 0xff, 0xff, 0xff, 0xff, 0xff, 0xff, 0xff, 0xff, 0xff,
    0xff, 0xff, 0xff, 0xff, 0xff, 0xff, 0xff, 0xff, 0xff, 0xff, 0xff, 0xff,
    0xff, 0xff, 0xff, 0xff, 0xff, 0xff, 0xff, 0xff, 0xff, 0xff, 0xff, 0xff,
    0xff, 0xff, 0xff, 0xff, 0xff, 0xff, 0xff, 0xff, 0xff, 0xff, 0xff, 0xff,
    0xff, 0xff, 0xff, 0xff, 0xff, 0xff, 0xff, 0xff, 0xff, 0xff, 0xff, 0xff,
    0xff, 0xff, 0xff, 0xff, 0xff, 0xff, 0xff, 0xff, 0xff, 0xff, 0xff, 0xff,
    0xff, 0xff, 0xff, 0xff, 0xff, 0xff, 0xff, 0xff, 0xff, 0xff, 0xff, 0xff,
    0xff, 0xff, 0xff, 0xff, 0xff, 0xff, 0xff, 0xff, 0xff, 0xff, 0xff, 0xff,
    0xff, 0xff, 0xff, 0xff, 0xff, 0xff, 0xff, 0xff, 0xff, 0xff, 0xff, 0xff,
    0xff, 0xff, 0xff, 0xff, 0xff, 0xff, 0xff, 0xff, 0xff, 0xff, 0xff, 0xff,
    0xff, 0xff, 0xff, 0xff, 0xff, 0xff, 0xff, 0xff, 0xff, 0xff, 0xff, 0xff,
    0xff, 0xff, 0xff, 0xff, 0xff, 0xff, 0xff, 0xff, 0xff, 0xff, 0xff, 0xff,
    0xff, 0xff, 0xff, 0xff, 0xff, 0xff, 0xff, 0xff, 0xff, 0xff, 0xff, 0xff,
    0xff, 0xff, 0xff, 0xff, 0xff, 0xff, 0xff, 0xff, 0xff, 0xff, 0xff, 0xff,
    0xff, 0xff, 0xff, 0xff, 0xc9, 0xc9, 0xc9, 0xff, 0xa1, 0xa3, 0xa3, 0xff,
    0xf6, 0xf7, 0xf7, 0xff, 0xfd, 0xfe, 0xfe, 0xff, 0xf5, 0xee, 0xee, 0xff,
    0xd6, 0xb3, 0xb3, 0xff, 0xc0, 0x86, 0x86, 0xff, 0x8f, 0x23, 0x23, 0xff,
    0x7e, 0x00, 0x00, 0xff, 0x80, 0x00, 0x00, 0xff, 0x7f, 0x00, 0x00, 0xff,
    0x7f, 0x00, 0x00, 0xff, 0x7f, 0x00, 0x00, 0xff, 0x80, 0x00, 0x00, 0xff,
    0x7f, 0x00, 0x00, 0xff, 0x7f, 0x02, 0x02, 0xff, 0x92, 0x2c, 0x2c, 0xff,
    0x85, 0x0f, 0x0f, 0xff, 0x7f, 0x00, 0x00, 0xff, 0x80, 0x00, 0x00, 0xff,
    0x7f, 0x00, 0x00, 0xff, 0x7f, 0x00, 0x00, 0xff, 0x7f, 0x00, 0x00, 0xff,
    0x7f, 0x00, 0x00, 0xff, 0x7f, 0x00, 0x00, 0xff, 0x81, 0x00, 0x02, 0xff,
    0x4c, 0x00, 0x72, 0xff, 0x05, 0x00, 0xf7, 0xff, 0x00, 0x00, 0xff, 0xff,
    0x00, 0x00, 0xff, 0xff, 0x15, 0x00, 0xda, 0xff, 0x6f, 0x00, 0x2f, 0xff,
    0x81, 0x00, 0x00, 0xff, 0x7f, 0x00, 0x00, 0xff, 0x7f, 0x00, 0x00, 0xff,
    0x80, 0x00, 0x00, 0xff, 0x7e, 0x00, 0x00, 0xff, 0x8e, 0x26, 0x26, 0xff,
    0x91, 0x2b, 0x2b, 0xff, 0x7e, 0x00, 0x00, 0xff, 0x80, 0x00, 0x00, 0xff,
    0x80, 0x00, 0x00, 0xff, 0x78, 0x00, 0x10, 0xff, 0x43, 0x02, 0x81, 0xff,
    0x24, 0x03, 0xc7, 0xff, 0x06, 0x00, 0xf2, 0xff, 0x00, 0x00, 0xff, 0xff,
    0x00, 0x00, 0xff, 0xff, 0x00, 0x00, 0xff, 0xff, 0x00, 0x00, 0xff, 0xff,
    0x00, 0x00, 0xff, 0xff, 0x00, 0x00, 0xfd, 0xff, 0x0d, 0x05, 0xe7, 0xff,
    0x3a, 0x33, 0xf0, 0xff, 0x42, 0x43, 0xfe, 0xff, 0x2d, 0x2c, 0xfc, 0xff,
    0x08, 0x02, 0xf2, 0xff, 0x00, 0x00, 0xfe, 0xff, 0x00, 0x00, 0xff, 0xff,
    0x00, 0x00, 0xff, 0xff, 0x00, 0x00, 0xfa, 0xff, 0x10, 0x05, 0xe9, 0xff,
    0x33, 0x13, 0xc3, 0xff, 0x5e, 0x00, 0x50, 0xff, 0x80, 0x00, 0x04, 0xff,
    0x80, 0x00, 0x00, 0xff, 0x80, 0x00, 0x00, 0xff, 0x7e, 0x00, 0x05, 0xff,
    0x55, 0x01, 0x5a, 0xff, 0x32, 0x0d, 0xbe, 0xff, 0x10, 0x02, 0xea, 0xff,
    0x00, 0x00, 0xff, 0xff, 0x00, 0x00, 0xff, 0xff, 0x00, 0x00, 0xff, 0xff,
    0x00, 0x00, 0xff, 0xff, 0x00, 0x00, 0xff, 0xff, 0x00, 0x00, 0xff, 0xff,
    0x0c, 0x00, 0xee, 0xff, 0x1e, 0x00, 0xcb, 0xff, 0x20, 0x05, 0xd2, 0xff,
    0x1a, 0x05, 0xd8, 0xff, 0x09, 0x00, 0xe4, 0xff, 0x01, 0x00, 0xfd, 0xff,
    0x00, 0x00, 0xff, 0xff, 0x00, 0x00, 0xff, 0xff, 0x00, 0x00, 0xff, 0xff,
    0x0e, 0x0e, 0xfe, 0xff, 0x32, 0x32, 0xfd, 0xff, 0x6c, 0x6c, 0xfc, 0xff,
    0xd5, 0xd5, 0xf8, 0xff, 0xfd, 0xfd, 0xfa, 0xff, 0xfb, 0xfb, 0xfb, 0xff,
    0xfa, 0xfa, 0xfb, 0xff, 0xfb, 0xfb, 0xfb, 0xff, 0xfb, 0xfb, 0xfb, 0xff,
    0xfa, 0xfa, 0xfa, 0xff, 0xfa, 0xfa, 0xfa, 0xff, 0xfc, 0xfc, 0xfa, 0xff,
    0xf4, 0xf4, 0xfb, 0xff, 0x97, 0x97, 0xfc, 0xff, 0x31, 0x31, 0xfd, 0xff,
    0x00, 0x00, 0xfc, 0xff, 0x00, 0x00, 0xfe, 0xff, 0x13, 0x06, 0xeb, 0xff,
    0x71, 0x68, 0xec, 0xff, 0xb8, 0xb8, 0xfa, 0xff, 0xcc, 0xcd, 0xfc, 0xff,
    0xc4, 0xc5, 0xfb, 0xff, 0x91, 0x88, 0xe6, 0xff, 0x3a, 0x33, 0xef, 0xff,
    0x03, 0x03, 0xfe, 0xff, 0x00, 0x00, 0xfe, 0xff, 0x22, 0x20, 0xf8, 0xff,
    0x3d, 0x39, 0xe8, 0xff, 0x10, 0x10, 0xfc, 0xff, 0x04, 0x04, 0xfe, 0xff,
    0x8d, 0x8d, 0xfe, 0xff, 0xfe, 0xfe, 0xfb, 0xff, 0xfb, 0xfb, 0xfa, 0xff,
    0xfb, 0xfb, 0xfb, 0xff, 0xfa, 0xfa, 0xfa, 0xff, 0xfb, 0xfb, 0xfb, 0xff,
    0xfc, 0xfd, 0xfd, 0xff, 0xfc, 0xfc, 0xfc, 0xff, 0xfb, 0xfb, 0xfb, 0xff,
    0xfd, 0xfd, 0xfd, 0xff, 0xd2, 0xd3, 0xd3, 0xff, 0x9c, 0x9c, 0x9c, 0xff,
    0xef, 0xef, 0xef, 0xff, 0xff, 0xff, 0xff, 0xff, 0xff, 0xff, 0xff, 0xff,
    0xff, 0xff, 0xff, 0xff, 0xff, 0xff, 0xff, 0xff, 0xff, 0xff, 0xff, 0xff,
    0xff, 0xff, 0xff, 0xff, 0xff, 0xff, 0xff, 0xff, 0xff, 0xff, 0xff, 0xff,
    0xff, 0xff, 0xff, 0xff, 0xff, 0xff, 0xff, 0xff, 0xff, 0xff, 0xff, 0xff,
    0xbe, 0xbe, 0xbe, 0xff, 0x18, 0x18, 0x18, 0xff, 0x00, 0x00, 0x00, 0xff,
    0x00, 0x00, 0x00, 0xff, 0x00, 0x00, 0x00, 0xff, 0x00, 0x00, 0x00, 0xff,
    0x00, 0x00, 0x00, 0xff, 0x00, 0x00, 0x00, 0xff, 0x37, 0x37, 0x37, 0xff,
    0xeb, 0xeb, 0xeb, 0xff, 0xff, 0xff, 0xff, 0xff, 0xff, 0xff, 0xff, 0xff,
    0xff, 0xff, 0xff, 0xff, 0xff, 0xff, 0xff, 0xff, 0xff, 0xff, 0xff, 0xff,
    0xff, 0xff, 0xff, 0xff, 0xff, 0xff, 0xff, 0xff, 0xff, 0xff, 0xff, 0xff,
    0xff, 0xff, 0xff, 0xff, 0xff, 0xff, 0xff, 0xff, 0xff, 0xff, 0xff, 0xff,
    0xff, 0xff, 0xff, 0xff, 0xff, 0xff, 0xff, 0xff, 0xff, 0xff, 0xff, 0xff,
    0xff, 0xff, 0xff, 0xff, 0xff, 0xff, 0xff, 0xff, 0xff, 0xff, 0xff, 0xff,
    0xff, 0xff, 0xff, 0xff, 0xff, 0xff, 0xff, 0xff, 0xff, 0xff, 0xff, 0xff,
    0xff, 0xff, 0xff, 0xff, 0xff, 0xff, 0xff, 0xff, 0xff, 0xff, 0xff, 0xff,
    0xff, 0xff, 0xff, 0xff, 0xff, 0xff, 0xff, 0xff, 0xff, 0xff, 0xff, 0xff,
    0xff, 0xff, 0xff, 0xff, 0xff, 0xff, 0xff, 0xff, 0xff, 0xff, 0xff, 0xff,
    0xff, 0xff, 0xff, 0xff, 0xff, 0xff, 0xff, 0xff, 0xff, 0xff, 0xff, 0xff,
    0xff, 0xff, 0xff, 0xff, 0xff, 0xff, 0xff, 0xff, 0xff, 0xff, 0xff, 0xff,
    0xff, 0xff, 0xff, 0xff, 0xff, 0xff, 0xff, 0xff, 0xff, 0xff, 0xff, 0xff,
    0xff, 0xff, 0xff, 0xff, 0xff, 0xff, 0xff, 0xff, 0xff, 0xff, 0xff, 0xff,
    0xff, 0xff, 0xff, 0xff, 0xff, 0xff, 0xff, 0xff, 0xff, 0xff, 0xff, 0xff,
    0x9a, 0x9a, 0x9a, 0xff, 0x07, 0x07, 0x07, 0xff, 0x00, 0x00, 0x00, 0xff,
    0x00, 0x00, 0x00, 0xff, 0x00, 0x00, 0x00, 0xff, 0x00, 0x00, 0x00, 0xff,
    0x00, 0x00, 0x00, 0xff, 0x00, 0x00, 0x00, 0xff, 0x47, 0x47, 0x47, 0xff,
    0xd6, 0xd6, 0xd6, 0xff, 0xdc, 0xdc, 0xdc, 0xff, 0xdc, 0xdc, 0xdc, 0xff,
    0xdc, 0xdc, 0xdc, 0xff, 0xdc, 0xdc, 0xdc, 0xff, 0xdc, 0xdc, 0xdc, 0xff,
    0xdc, 0xdc, 0xdc, 0xff, 0xdb, 0xdb, 0xdb, 0xff, 0xcf, 0xcf, 0xcf, 0xff,
    0x89, 0x89, 0x89, 0xff, 0x23, 0x23, 0x23, 0xff, 0x00, 0x00, 0x00, 0xff,
    0x00, 0x00, 0x00, 0xff, 0x00, 0x00, 0x00, 0xff, 0x00, 0x00, 0x00, 0xff,
    0x00, 0x00, 0x00, 0xff, 0x00, 0x00, 0x00, 0xff, 0x00, 0x00, 0x00, 0xff,
    0x26, 0x26, 0x26, 0xff, 0xd4, 0xd4, 0xd4, 0xff, 0xff, 0xff, 0xff, 0xff,
    0xff, 0xff, 0xff, 0xff, 0xff, 0xff, 0xff, 0xff, 0xff, 0xff, 0xff, 0xff,
    0xff, 0xff, 0xff, 0xff, 0xff, 0xff, 0xff, 0xff, 0xff, 0xff, 0xff, 0xff,
    0xff, 0xff, 0xff, 0xff, 0xff, 0xff, 0xff, 0xff, 0xff, 0xff, 0xff, 0xff,
    0xff, 0xff, 0xff, 0xff, 0xff, 0xff, 0xff, 0xff, 0xff, 0xff, 0xff, 0xff,
    0xff, 0xff, 0xff, 0xff, 0xff, 0xff, 0xff, 0xff, 0xff, 0xff, 0xff, 0xff,
    0xff, 0xff, 0xff, 0xff, 0xff, 0xff, 0xff, 0xff, 0xff, 0xff, 0xff, 0xff,
    0xff, 0xff, 0xff, 0xff, 0xff, 0xff, 0xff, 0xff, 0xff, 0xff, 0xff, 0xff,
    0xff, 0xff, 0xff, 0xff, 0xff, 0xff, 0xff, 0xff, 0xff, 0xff, 0xff, 0xff,
    0xff, 0xff, 0xff, 0xff, 0xff, 0xff, 0xff, 0xff, 0xff, 0xff, 0xff, 0xff,
    0xff, 0xff, 0xff, 0xff, 0xff, 0xff, 0xff, 0xff, 0xff, 0xff, 0xff, 0xff,
    0xff, 0xff, 0xff, 0xff, 0xff, 0xff, 0xff, 0xff, 0xff, 0xff, 0xff, 0xff,
    0xff, 0xff, 0xff, 0xff, 0xff, 0xff, 0xff, 0xff, 0xff, 0xff, 0xff, 0xff,
    0xff, 0xff, 0xff, 0xff, 0xff, 0xff, 0xff, 0xff, 0xff, 0xff, 0xff, 0xff,
    0xff, 0xff, 0xff, 0xff, 0xff, 0xff, 0xff, 0xff, 0xff, 0xff, 0xff, 0xff,
    0xff, 0xff, 0xff, 0xff, 0xff, 0xff, 0xff, 0xff, 0xff, 0xff, 0xff, 0xff,
    0xff, 0xff, 0xff, 0xff, 0xff, 0xff, 0xff, 0xff, 0xff, 0xff, 0xff, 0xff,
    0xff, 0xff, 0xff, 0xff, 0xff, 0xff, 0xff, 0xff, 0xff, 0xff, 0xff, 0xff,
    0xff, 0xff, 0xff, 0xff, 0xff, 0xff, 0xff, 0xff, 0xff, 0xff, 0xff, 0xff,
    0xff, 0xff, 0xff, 0xff, 0xee, 0xef, 0xef, 0xff, 0x9c, 0x99, 0x99, 0xff,
    0xdb, 0xcc, 0xcc, 0xff, 0xe4, 0xcb, 0xcb, 0xff, 0xc2, 0x8b, 0x8b, 0xff,
    0xa7, 0x55, 0x55, 0xff, 0xa2, 0x4a, 0x4a, 0xff, 0x9c, 0x41, 0x41, 0xff,
    0x80, 0x04, 0x04, 0xff, 0x7f, 0x00, 0x00, 0xff, 0x80, 0x00, 0x00, 0xff,
    0x80, 0x00, 0x00, 0xff, 0x80, 0x00, 0x00, 0xff, 0x80, 0x00, 0x00, 0xff,
    0x80, 0x00, 0x00, 0xff, 0x7f, 0x00, 0x00, 0xff, 0x83, 0x0d, 0x0d, 0xff,
    0x99, 0x3d, 0x3d, 0xff, 0x83, 0x0c, 0x0c, 0xff, 0x7f, 0x00, 0x00, 0xff,
    0x80, 0x00, 0x00, 0xff, 0x80, 0x00, 0x00, 0xff, 0x80, 0x00, 0x00, 0xff,
    0x80, 0x00, 0x00, 0xff, 0x7f, 0x00, 0x00, 0xff, 0x81, 0x00, 0x00, 0xff,
    0x6b, 0x00, 0x31, 0xff, 0x14, 0x00, 0xdb, 0xff, 0x00, 0x00, 0xff, 0xff,
    0x00, 0x00, 0xfd, 0xff, 0x00, 0x00, 0xff, 0xff, 0x0c, 0x00, 0xea, 0xff,
    0x61, 0x00, 0x46, 0xff, 0x82, 0x00, 0x00, 0xff, 0x7f, 0x00, 0x00, 0xff,
    0x80, 0x00, 0x00, 0xff, 0x7f, 0x00, 0x00, 0xff, 0x7f, 0x00, 0x00, 0xff,
    0x8b, 0x1c, 0x1c, 0xff, 0x82, 0x06, 0x06, 0xff, 0x7f, 0x00, 0x00, 0xff,
    0x80, 0x00, 0x00, 0xff, 0x80, 0x00, 0x00, 0xff, 0x7f, 0x00, 0x00, 0xff,
    0x80, 0x00, 0x04, 0xff, 0x7b, 0x00, 0x11, 0xff, 0x4e, 0x00, 0x6a, 0xff,
    0x0a, 0x00, 0xef, 0xff, 0x00, 0x00, 0xfe, 0xff, 0x00, 0x00, 0xfe, 0xff,
    0x00, 0x00, 0xfe, 0xff, 0x00, 0x00, 0xfd, 0xff, 0x00, 0x00, 0xfc, 0xff,
    0x4f, 0x0c, 0x7f, 0xff, 0xc7, 0x9a, 0xa8, 0xff, 0xf1, 0xf1, 0xff, 0xff,
    0xde, 0xda, 0xf4, 0xff, 0x75, 0x35, 0x7f, 0xff, 0x2a, 0x00, 0xac, 0xff,
    0x02, 0x00, 0xfa, 0xff, 0x00, 0x00, 0xfe, 0xff, 0x00, 0x00, 0xfe, 0xff,
    0x00, 0x00, 0xff, 0xff, 0x00, 0x00, 0xff, 0xff, 0x0e, 0x00, 0xe7, 0xff,
    0x56, 0x00, 0x5f, 0xff, 0x7e, 0x00, 0x04, 0xff, 0x7f, 0x00, 0x00, 0xff,
    0x7f, 0x00, 0x00, 0xff, 0x82, 0x06, 0x08, 0xff, 0x9f, 0x4f, 0x5a, 0xff,
    0x6e, 0x18, 0x58, 0xff, 0x16, 0x00, 0xd4, 0xff, 0x00, 0x00, 0xfe, 0xff,
    0x00, 0x00, 0xfe, 0xff, 0x00, 0x00, 0xfe, 0xff, 0x00, 0x00, 0xfe, 0xff,
    0x00, 0x00, 0xff, 0xff, 0x30, 0x00, 0xa0, 0xff, 0x78, 0x00, 0x17, 0xff,
    0x88, 0x23, 0x33, 0xff, 0x89, 0x32, 0x43, 0xff, 0x68, 0x00, 0x30, 0xff,
    0x45, 0x00, 0x86, 0xff, 0x0c, 0x00, 0xe4, 0xff, 0x00, 0x00, 0xfe, 0xff,
    0x00, 0x00, 0xfe, 0xff, 0x00, 0x00, 0xfe, 0xff, 0x00, 0x00, 0xfe, 0xff,
    0x00, 0x00, 0xfd, 0xff, 0x3a, 0x3a, 0xfd, 0xff, 0xcf, 0xcf, 0xfb, 0xff,
    0xfd, 0xfd, 0xfa, 0xff, 0xfa, 0xfa, 0xfb, 0xff, 0xfb, 0xfb, 0xfb, 0xff,
    0xfb, 0xfb, 0xfb, 0xff, 0xfa, 0xfa, 0xfb, 0xff, 0xfc, 0xfc, 0xfa, 0xff,
    0xf0, 0xf0, 0xfb, 0xff, 0x7e, 0x7e, 0xfc, 0xff, 0x0c, 0x0c, 0xfd, 0xff,
    0x00, 0x00, 0xfe, 0xff, 0x00, 0x00, 0xfe, 0xff, 0x2e, 0x2f, 0xfe, 0xff,
    0xa4, 0x89, 0xc7, 0xff, 0xc0, 0x82, 0x84, 0xff, 0xfd, 0xf9, 0xf4, 0xff,
    0xff, 0xff, 0xfc, 0xff, 0xff, 0xff, 0xfa, 0xff, 0xfe, 0xfc, 0xf7, 0xff,
    0xe0, 0xdf, 0xf9, 0xff, 0x69, 0x69, 0xfc, 0xff, 0x04, 0x04, 0xfe, 0xff,
    0x00, 0x00, 0xfd, 0xff, 0x00, 0x00, 0xfc, 0xff, 0x00, 0x00, 0xfe, 0xff,
    0x13, 0x13, 0xfb, 0xff, 0xaf, 0xa7, 0xe9, 0xff, 0xfc, 0xf9, 0xf6, 0xff,
    0xfb, 0xfb, 0xfb, 0xff, 0xfa, 0xfa, 0xfa, 0xff, 0xfb, 0xfb, 0xfb, 0xff,
    0xf9, 0xf5, 0xf5, 0xff, 0xe4, 0xcb, 0xcb, 0xff, 0xde, 0xc0, 0xc0, 0xff,
    0xfb, 0xf9, 0xf9, 0xff, 0xfb, 0xfc, 0xfc, 0xff, 0xfd, 0xfd, 0xfd, 0xff,
    0xb6, 0xb6, 0xb6, 0xff, 0xbd, 0xbd, 0xbd, 0xff, 0xfd, 0xfd, 0xfd, 0xff,
    0xff, 0xff, 0xff, 0xff, 0xff, 0xff, 0xff, 0xff, 0xff, 0xff, 0xff, 0xff,
    0xff, 0xff, 0xff, 0xff, 0xff, 0xff, 0xff, 0xff, 0xff, 0xff, 0xff, 0xff,
    0xff, 0xff, 0xff, 0xff, 0xff, 0xff, 0xff, 0xff, 0xff, 0xff, 0xff, 0xff,
    0xff, 0xff, 0xff, 0xff, 0xbe, 0xbe, 0xbe, 0xff, 0x18, 0x18, 0x18, 0xff,
    0x00, 0x00, 0x00, 0xff, 0x00, 0x00, 0x00, 0xff, 0x00, 0x00, 0x00, 0xff,
    0x00, 0x00, 0x00, 0xff, 0x00, 0x00, 0x00, 0xff, 0x00, 0x00, 0x00, 0xff,
    0x37, 0x37, 0x37, 0xff, 0xeb, 0xeb, 0xeb, 0xff, 0xff, 0xff, 0xff, 0xff,
    0xff, 0xff, 0xff, 0xff, 0xff, 0xff, 0xff, 0xff, 0xff, 0xff, 0xff, 0xff,
    0xff, 0xff, 0xff, 0xff, 0xff, 0xff, 0xff, 0xff, 0xff, 0xff, 0xff, 0xff,
    0xff, 0xff, 0xff, 0xff, 0xff, 0xff, 0xff, 0xff, 0xff, 0xff, 0xff, 0xff,
    0xff, 0xff, 0xff, 0xff, 0xff, 0xff, 0xff, 0xff, 0xff, 0xff, 0xff, 0xff,
    0xff, 0xff, 0xff, 0xff, 0xff, 0xff, 0xff, 0xff, 0xff, 0xff, 0xff, 0xff,
    0xff, 0xff, 0xff, 0xff, 0xff, 0xff, 0xff, 0xff, 0xff, 0xff, 0xff, 0xff,
    0xff, 0xff, 0xff, 0xff, 0xff, 0xff, 0xff, 0xff, 0xf9, 0xf9, 0xf9, 0xff,
    0xe6, 0xe6, 0xe6, 0xff, 0xc9, 0xc9, 0xc9, 0xff, 0xb2, 0xb2, 0xb2, 0xff,
    0x97, 0x97, 0x97, 0xff, 0x89, 0x89, 0x89, 0xff, 0x8a, 0x8a, 0x8a, 0xff,
    0x97, 0x97, 0x97, 0xff, 0xb5, 0xb5, 0xb5, 0xff, 0xcd, 0xcd, 0xcd, 0xff,
    0xe9, 0xe9, 0xe9, 0xff, 0xfb, 0xfb, 0xfb, 0xff, 0xff, 0xff, 0xff, 0xff,
    0xff, 0xff, 0xff, 0xff, 0xff, 0xff, 0xff, 0xff, 0xff, 0xff, 0xff, 0xff,
    0xff, 0xff, 0xff, 0xff, 0xff, 0xff, 0xff, 0xff, 0xff, 0xff, 0xff, 0xff,
    0xff, 0xff, 0xff, 0xff, 0xff, 0xff, 0xff, 0xff, 0xff, 0xff, 0xff, 0xff,
    0xff, 0xff, 0xff, 0xff, 0x9a, 0x9a, 0x9a, 0xff, 0x07, 0x07, 0x07, 0xff,
    0x00, 0x00, 0x00, 0xff, 0x00, 0x00, 0x00, 0xff, 0x00, 0x00, 0x00, 0xff,
    0x00, 0x00, 0x00, 0xff, 0x00, 0x00, 0x00, 0xff, 0x00, 0x00, 0x00, 0xff,
    0x53, 0x53, 0x53, 0xff, 0xf8, 0xf8, 0xf8, 0xff, 0xff, 0xff, 0xff, 0xff,
    0xff, 0xff, 0xff, 0xff, 0xff, 0xff, 0xff, 0xff, 0xff, 0xff, 0xff, 0xff,
    0xff, 0xff, 0xff, 0xff, 0xff, 0xff, 0xff, 0xff, 0xff, 0xff, 0xff, 0xff,
    0xff, 0xff, 0xff, 0xff, 0xfe, 0xfe, 0xfe, 0xff, 0xb2, 0xb2, 0xb2, 0xff,
    0x12, 0x12, 0x12, 0xff, 0x00, 0x00, 0x00, 0xff, 0x00, 0x00, 0x00, 0xff,
    0x00, 0x00, 0x00, 0xff, 0x00, 0x00, 0x00, 0xff, 0x00, 0x00, 0x00, 0xff,
    0x00, 0x00, 0x00, 0xff, 0x07, 0x07, 0x07, 0xff, 0xa0, 0xa0, 0xa0, 0xff,
    0xff, 0xff, 0xff, 0xff, 0xff, 0xff, 0xff, 0xff, 0xff, 0xff, 0xff, 0xff,
    0xff, 0xff, 0xff, 0xff, 0xff, 0xff, 0xff, 0xff, 0xff, 0xff, 0xff, 0xff,
    0xff, 0xff, 0xff, 0xff, 0xff, 0xff, 0xff, 0xff, 0xf6, 0xf6, 0xf6, 0xff,
    0xde, 0xde, 0xde, 0xff, 0xc4, 0xc4, 0xc4, 0xff, 0xab, 0xab, 0xab, 0xff,
    0x93, 0x93, 0x93, 0xff, 0x8c, 0x8c, 0x8c, 0xff, 0x8b, 0x8b, 0x8b, 0xff,
    0x93, 0x93, 0x93, 0xff, 0xa7, 0xa4, 0xa4, 0xff, 0xbb, 0xba, 0xba, 0xff,
    0xcf, 0xcf, 0xcf, 0xff, 0xe9, 0xe9, 0xe9, 0xff, 0xf9, 0xf9, 0xf9, 0xff,
    0xff, 0xff, 0xff, 0xff, 0xff, 0xff, 0xff, 0xff, 0xff, 0xff, 0xff, 0xff,
    0xff, 0xff, 0xff, 0xff, 0xff, 0xff, 0xff, 0xff, 0xff, 0xff, 0xff, 0xff,
    0xff, 0xff, 0xff, 0xff, 0xff, 0xff, 0xff, 0xff, 0xff, 0xff, 0xff, 0xff,
    0xff, 0xff, 0xff, 0xff, 0xff, 0xff, 0xff, 0xff, 0xff, 0xff, 0xff, 0xff,
    0xff, 0xff, 0xff, 0xff, 0xff, 0xff, 0xff, 0xff, 0xff, 0xff, 0xff, 0xff,
    0xff, 0xff, 0xff, 0xff, 0xff, 0xff, 0xff, 0xff, 0xff, 0xff, 0xff, 0xff,
    0xff, 0xff, 0xff, 0xff, 0xff, 0xff, 0xff, 0xff, 0xff, 0xff, 0xff, 0xff,
    0xff, 0xff, 0xff, 0xff, 0xff, 0xff, 0xff, 0xff, 0xff, 0xff, 0xff, 0xff,
    0xff, 0xff, 0xff, 0xff, 0xff, 0xff, 0xff, 0xff, 0xff, 0xff, 0xff, 0xff,
    0xff, 0xff, 0xff, 0xff, 0xff, 0xff, 0xff, 0xff, 0xff, 0xff, 0xff, 0xff,
    0xff, 0xff, 0xff, 0xff, 0xff, 0xff, 0xff, 0xff, 0xff, 0xff, 0xff, 0xff,
    0xff, 0xff, 0xff, 0xff, 0xfd, 0xfd, 0xfd, 0xff, 0xa3, 0x9e, 0x9f, 0xff,
    0x82, 0x47, 0x47, 0xff, 0xbc, 0x7c, 0x7c, 0xff, 0x93, 0x31, 0x31, 0xff,
    0x7c, 0x00, 0x00, 0xff, 0x83, 0x0f, 0x0f, 0xff, 0x9e, 0x43, 0x43, 0xff,
    0x82, 0x08, 0x08, 0xff, 0x7f, 0x00, 0x00, 0xff, 0x80, 0x00, 0x00, 0xff,
    0x80, 0x00, 0x00, 0xff, 0x80, 0x00, 0x00, 0xff, 0x80, 0x00, 0x00, 0xff,
    0x80, 0x00, 0x00, 0xff, 0x80, 0x00, 0x00, 0xff, 0x7f, 0x00, 0x00, 0xff,
    0x81, 0x08, 0x08, 0xff, 0x81, 0x08, 0x08, 0xff, 0x7f, 0x00, 0x00, 0xff,
    0x80, 0x00, 0x00, 0xff, 0x80, 0x00, 0x00, 0xff, 0x80, 0x00, 0x00, 0xff,
    0x80, 0x00, 0x00, 0xff, 0x7f, 0x00, 0x00, 0xff, 0x80, 0x00, 0x00, 0xff,
    0x7b, 0x00, 0x14, 0xff, 0x32, 0x00, 0xa8, 0xff, 0x01, 0x00, 0xfc, 0xff,
    0x00, 0x00, 0xfe, 0xff, 0x00, 0x00, 0xfe, 0xff, 0x00, 0x00, 0xfe, 0xff,
    0x06, 0x00, 0xf6, 0xff, 0x53, 0x00, 0x5a, 0xff, 0x81, 0x00, 0x00, 0xff,
    0x7f, 0x00, 0x00, 0xff, 0x82, 0x06, 0x06, 0xff, 0x8c, 0x1e, 0x1e, 0xff,
    0x85, 0x0f, 0x0f, 0xff, 0x89, 0x1b, 0x1b, 0xff, 0x80, 0x01, 0x01, 0xff,
    0x80, 0x00, 0x00, 0xff, 0x80, 0x00, 0x00, 0xff, 0x80, 0x00, 0x00, 0xff,
    0x80, 0x00, 0x00, 0xff, 0x80, 0x00, 0x00, 0xff, 0x82, 0x00, 0x00, 0xff,
    0x73, 0x00, 0x2c, 0xff, 0x1b, 0x00, 0xd7, 0xff, 0x00, 0x00, 0xff, 0xff,
    0x00, 0x00, 0xfe, 0xff, 0x00, 0x00, 0xfe, 0xff, 0x00, 0x00, 0xfe, 0xff,
    0x0b, 0x00, 0xed, 0xff, 0x63, 0x04, 0x40, 0xff, 0xc4, 0x87, 0x83, 0xff,
    0xfe, 0xff, 0xfe, 0xff, 0xfe, 0xfe, 0xfd, 0xff, 0xc5, 0x8f, 0x8c, 0xff,
    0x7b, 0x16, 0x35, 0xff, 0x28, 0x0d, 0xcd, 0xff, 0x00, 0x00, 0xfe, 0xff,
    0x00, 0x00, 0xfe, 0xff, 0x00, 0x00, 0xfd, 0xff, 0x00, 0x00, 0xfe, 0xff,
    0x00, 0x00, 0xff, 0xff, 0x1e, 0x0c, 0xdb, 0xff, 0x97, 0x54, 0x77, 0xff,
    0x98, 0x33, 0x31, 0xff, 0x81, 0x08, 0x08, 0xff, 0x80, 0x02, 0x02, 0xff,
    0x8a, 0x19, 0x18, 0xff, 0x80, 0x08, 0x10, 0xff, 0x32, 0x05, 0xaf, 0xff,
    0x00, 0x00, 0xff, 0xff, 0x00, 0x00, 0xfe, 0xff, 0x00, 0x00, 0xfe, 0xff,
    0x00, 0x00, 0xfe, 0xff, 0x03, 0x00, 0xfa, 0xff, 0x46, 0x00, 0x71, 0xff,
    0x81, 0x00, 0x00, 0xff, 0x83, 0x07, 0x06, 0xff, 0x8a, 0x1a, 0x19, 0xff,
    0x82, 0x00, 0x00, 0xff, 0x80, 0x00, 0x04, 0xff, 0x52, 0x00, 0x63, 0xff,
    0x08, 0x00, 0xee, 0xff, 0x00, 0x00, 0xfe, 0xff, 0x00, 0x00, 0xfe, 0xff,
    0x00, 0x00, 0xfe, 0xff, 0x00, 0x00, 0xfe, 0xff, 0x01, 0x01, 0xfe, 0xff,
    0x68, 0x68, 0xfd, 0xff, 0xf4, 0xf4, 0xfb, 0xff, 0xfb, 0xfb, 0xfa, 0xff,
    0xfb, 0xfb, 0xfb, 0xff, 0xfa, 0xfa, 0xfb, 0xff, 0xfb, 0xfb, 0xfa, 0xff,
    0xf7, 0xf7, 0xfb, 0xff, 0x86, 0x86, 0xfc, 0xff, 0x0c, 0x0c, 0xfd, 0xff,
    0x00, 0x00, 0xfe, 0xff, 0x00, 0x00, 0xfe, 0xff, 0x06, 0x06, 0xfd, 0xff,
    0x9d, 0x9d, 0xfc, 0xff, 0xfc, 0xfa, 0xf8, 0xff, 0xbd, 0x7d, 0x7d, 0xff,
    0xbf, 0x87, 0x87, 0xff, 0xf7, 0xf2, 0xf2, 0xff, 0xfb, 0xfc, 0xfc, 0xff,
    0xfb, 0xfb, 0xfb, 0xff, 0xfd, 0xfd, 0xfa, 0xff, 0xe4, 0xe5, 0xfb, 0xff,
    0x43, 0x43, 0xfe, 0xff, 0x00, 0x00, 0xfe, 0xff, 0x00, 0x00, 0xfe, 0xff,
    0x00, 0x00, 0xfe, 0xff, 0x16, 0x07, 0xd8, 0xff, 0x89, 0x30, 0x44, 0xff,
    0xe1, 0xc5, 0xc5, 0xff, 0xfc, 0xfe, 0xfe, 0xff, 0xfa, 0xfa, 0xfa, 0xff,
    0xfd, 0xfe, 0xfe, 0xff, 0xe3, 0xcc, 0xcc, 0xff, 0x9c, 0x41, 0x41, 0xff,
    0x9c, 0x3e, 0x3e, 0xff, 0xce, 0x9d, 0x9d, 0xff, 0xfa, 0xf8, 0xf8, 0xff,
    0xfc, 0xfc, 0xfc, 0xff, 0xf1, 0xf1, 0xf1, 0xff, 0x98, 0x95, 0x95, 0xff,
    0xe3, 0xe3, 0xe3, 0xff, 0xff, 0xff, 0xff, 0xff, 0xff, 0xff, 0xff, 0xff,
    0xff, 0xff, 0xff, 0xff, 0xff, 0xff, 0xff, 0xff, 0xff, 0xff, 0xff, 0xff,
    0xff, 0xff, 0xff, 0xff, 0xff, 0xff, 0xff, 0xff, 0xff, 0xff, 0xff, 0xff,
    0xff, 0xff, 0xff, 0xff, 0xff, 0xff, 0xff, 0xff, 0xbe, 0xbe, 0xbe, 0xff,
    0x18, 0x18, 0x18, 0xff, 0x00, 0x00, 0x00, 0xff, 0x00, 0x00, 0x00, 0xff,
    0x00, 0x00, 0x00, 0xff, 0x00, 0x00, 0x00, 0xff, 0x00, 0x00, 0x00, 0xff,
    0x00, 0x00, 0x00, 0xff, 0x37, 0x37, 0x37, 0xff, 0xeb, 0xeb, 0xeb, 0xff,
    0xff, 0xff, 0xff, 0xff, 0xff, 0xff, 0xff, 0xff, 0xff, 0xff, 0xff, 0xff,
    0xff, 0xff, 0xff, 0xff, 0xff, 0xff, 0xff, 0xff, 0xff, 0xff, 0xff, 0xff,
    0xff, 0xff, 0xff, 0xff, 0xff, 0xff, 0xff, 0xff, 0xff, 0xff, 0xff, 0xff,
    0xff, 0xff, 0xff, 0xff, 0xff, 0xff, 0xff, 0xff, 0xff, 0xff, 0xff, 0xff,
    0xff, 0xff, 0xff, 0xff, 0xff, 0xff, 0xff, 0xff, 0xff, 0xff, 0xff, 0xff,
    0xff, 0xff, 0xff, 0xff, 0xff, 0xff, 0xff, 0xff, 0xff, 0xff, 0xff, 0xff,
    0xff, 0xff, 0xff, 0xff, 0xf6, 0xf6, 0xf6, 0xff, 0xbc, 0xbc, 0xbc, 0xff,
    0x70, 0x70, 0x70, 0xff, 0x37, 0x37, 0x37, 0xff, 0x0f, 0x0f, 0x0f, 0xff,
    0x09, 0x09, 0x09, 0xff, 0x05, 0x05, 0x05, 0xff, 0x03, 0x03, 0x03, 0xff,
    0x03, 0x03, 0x03, 0xff, 0x05, 0x05, 0x05, 0xff, 0x09, 0x09, 0x09, 0xff,
    0x12, 0x12, 0x12, 0xff, 0x3f, 0x3f, 0x3f, 0xff, 0x7a, 0x79, 0x79, 0xff,
    0xc6, 0xc6, 0xc6, 0xff, 0xfb, 0xfb, 0xfb, 0xff, 0xff, 0xff, 0xff, 0xff,
    0xff, 0xff, 0xff, 0xff, 0xff, 0xff, 0xff, 0xff, 0xff, 0xff, 0xff, 0xff,
    0xff, 0xff, 0xff, 0xff, 0xff, 0xff, 0xff, 0xff, 0xff, 0xff, 0xff, 0xff,
    0xff, 0xff, 0xff, 0xff, 0xff, 0xff, 0xff, 0xff, 0x9a, 0x9a, 0x9a, 0xff,
    0x07, 0x07, 0x07, 0xff, 0x00, 0x00, 0x00, 0xff, 0x00, 0x00, 0x00, 0xff,
    0x00, 0x00, 0x00, 0xff, 0x00, 0x00, 0x00, 0xff, 0x00, 0x00, 0x00, 0xff,
    0x00, 0x00, 0x00, 0xff, 0x53, 0x53, 0x53, 0xff, 0xf7, 0xf7, 0xf7, 0xff,
    0xff, 0xff, 0xff, 0xff, 0xff, 0xff, 0xff, 0xff, 0xff, 0xff, 0xff, 0xff,
    0xff, 0xff, 0xff, 0xff, 0xff, 0xff, 0xff, 0xff, 0xff, 0xff, 0xff, 0xff,
    0xff, 0xff, 0xff, 0xff, 0xff, 0xff, 0xff, 0xff, 0xff, 0xff, 0xff, 0xff,
    0xf5, 0xf5, 0xf5, 0xff, 0x5a, 0x5a, 0x5a, 0xff, 0x00, 0x00, 0x00, 0xff,
    0x00, 0x00, 0x00, 0xff, 0x00, 0x00, 0x00, 0xff, 0x00, 0x00, 0x00, 0xff,
    0x00, 0x00, 0x00, 0xff, 0x00, 0x00, 0x00, 0xff, 0x00, 0x00, 0x00, 0xff,
    0x83, 0x83, 0x83, 0xff, 0xfe, 0xfe, 0xfe, 0xff, 0xff, 0xff, 0xff, 0xff,
    0xff, 0xff, 0xff, 0xff, 0xff, 0xff, 0xff, 0xff, 0xff, 0xff, 0xff, 0xff,
    0xff, 0xff, 0xff, 0xff, 0xf4, 0xf4, 0xf4, 0xff, 0xb2, 0xb2, 0xb2, 0xff,
    0x65, 0x65, 0x65, 0xff, 0x28, 0x28, 0x28, 0xff, 0x0b, 0x0b, 0x0b, 0xff,
    0x08, 0x08, 0x08, 0xff, 0x04, 0x04, 0x04, 0xff, 0x03, 0x03, 0x03, 0xff,
    0x03, 0x03, 0x03, 0xff, 0x04, 0x04, 0x04, 0xff, 0x07, 0x07, 0x07, 0xff,
    0x0a, 0x0a, 0x0a, 0xff, 0x11, 0x11, 0x11, 0xff, 0x3c, 0x3c, 0x3c, 0xff,
    0x72, 0x72, 0x72, 0xff, 0xb9, 0xba, 0xba, 0xff, 0xf6, 0xf7, 0xf7, 0xff,
    0xff, 0xff, 0xff, 0xff, 0xff, 0xff, 0xff, 0xff, 0xff, 0xff, 0xff, 0xff,
    0xff, 0xff, 0xff, 0xff, 0xff, 0xff, 0xff, 0xff, 0xff, 0xff, 0xff, 0xff,
    0xff, 0xff, 0xff, 0xff, 0xff, 0xff, 0xff, 0xff, 0xff, 0xff, 0xff, 0xff,
    0xff, 0xff, 0xff, 0xff, 0xff, 0xff, 0xff, 0xff, 0xff, 0xff, 0xff, 0xff,
    0xff, 0xff, 0xff, 0xff, 0xff, 0xff, 0xff, 0xff, 0xff, 0xff, 0xff, 0xff,
    0xff, 0xff, 0xff, 0xff, 0xff, 0xff, 0xff, 0xff, 0xff, 0xff, 0xff, 0xff,
    0xff, 0xff, 0xff, 0xff, 0xff, 0xff, 0xff, 0xff, 0xff, 0xff, 0xff, 0xff,
    0xff, 0xff, 0xff, 0xff, 0xff, 0xff, 0xff, 0xff, 0xff, 0xff, 0xff, 0xff,
    0xff, 0xff, 0xff, 0xff, 0xff, 0xff, 0xff, 0xff, 0xff, 0xff, 0xff, 0xff,
    0xff, 0xff, 0xff, 0xff, 0xff, 0xff, 0xff, 0xff, 0xff, 0xff, 0xff, 0xff,
    0xff, 0xff, 0xff, 0xff, 0xff, 0xff, 0xff, 0xff, 0xe5, 0xe7, 0xe6, 0xff,
    0x81, 0x6b, 0x6d, 0xff, 0x87, 0x24, 0x24, 0xff, 0x97, 0x34, 0x34, 0xff,
    0x7f, 0x02, 0x02, 0xff, 0x7e, 0x00, 0x00, 0xff, 0x9c, 0x42, 0x42, 0xff,
    0xaf, 0x68, 0x68, 0xff, 0x80, 0x06, 0x06, 0xff, 0x7f, 0x00, 0x00, 0xff,
    0x80, 0x00, 0x00, 0xff, 0x80, 0x00, 0x00, 0xff, 0x80, 0x00, 0x00, 0xff,
    0x80, 0x00, 0x00, 0xff, 0x80, 0x00, 0x00, 0xff, 0x7f, 0x00, 0x00, 0xff,
    0x83, 0x0a, 0x0a, 0xff, 0x9a, 0x3c, 0x3c, 0xff, 0x82, 0x08, 0x08, 0xff,
    0x7f, 0x00, 0x00, 0xff, 0x80, 0x00, 0x00, 0xff, 0x80, 0x00, 0x00, 0xff,
    0x80, 0x00, 0x00, 0xff, 0x7f, 0x00, 0x00, 0xff, 0x7f, 0x00, 0x00, 0xff,
    0x81, 0x00, 0x00, 0xff, 0x53, 0x00, 0x65, 0xff, 0x04, 0x00, 0xf5, 0xff,
    0x00, 0x00, 0xfe, 0xff, 0x00, 0x00, 0xfd, 0xff, 0x00, 0x00, 0xfe, 0xff,
    0x00, 0x00, 0xfe, 0xff, 0x00, 0x00, 0xfe, 0xff, 0x40, 0x00, 0x84, 0xff,
    0x80, 0x00, 0x03, 0xff, 0x80, 0x00, 0x00, 0xff, 0x81, 0x03, 0x03, 0xff,
    0x84, 0x0f, 0x0f, 0xff, 0x8d, 0x21, 0x21, 0xff, 0x9e, 0x46, 0x46, 0xff,
    0x80, 0x04, 0x04, 0xff, 0x80, 0x00, 0x00, 0xff, 0x80, 0x00, 0x00, 0xff,
    0x80, 0x00, 0x00, 0xff, 0x80, 0x00, 0x00, 0xff, 0x7f, 0x00, 0x00, 0xff,
    0x82, 0x00, 0x00, 0xff, 0x63, 0x00, 0x3d, 0xff, 0x0d, 0x00, 0xea, 0xff,
    0x00, 0x00, 0xfe, 0xff, 0x00, 0x00, 0xfe, 0xff, 0x00, 0x00, 0xfe, 0xff,
    0x00, 0x00, 0xff, 0xff, 0x1a, 0x00, 0xd6, 0xff, 0x71, 0x00, 0x25, 0xff,
    0x92, 0x2a, 0x28, 0xff, 0xc4, 0x8d, 0x8d, 0xff, 0xef, 0xe2, 0xe2, 0xff,
    0xf5, 0xee, 0xee, 0xff, 0xe2, 0xc6, 0xc6, 0xff, 0x82, 0x79, 0xeb, 0xff,
    0x00, 0x00, 0xfe, 0xff, 0x00, 0x00, 0xfe, 0xff, 0x00, 0x00, 0xfe, 0xff,
    0x00, 0x00, 0xfd, 0xff, 0x00, 0x00, 0xfe, 0xff, 0x03, 0x03, 0xfb, 0xff,
    0x81, 0x53, 0xa3, 0xff, 0x9c, 0x3f, 0x3d, 0xff, 0x8a, 0x1b, 0x1b, 0xff,
    0x80, 0x03, 0x03, 0xff, 0x8e, 0x23, 0x22, 0xff, 0x7b, 0x0b, 0x19, 0xff,
    0x1c, 0x00, 0xc5, 0xff, 0x00, 0x00, 0xff, 0xff, 0x00, 0x00, 0xfe, 0xff,
    0x00, 0x00, 0xfe, 0xff, 0x00, 0x00, 0xfe, 0xff, 0x0a, 0x00, 0xf1, 0xff,
    0x5e, 0x00, 0x57, 0xff, 0x82, 0x00, 0x00, 0xff, 0x80, 0x01, 0x01, 0xff,
    0x88, 0x18, 0x18, 0xff, 0x80, 0x00, 0x00, 0xff, 0x80, 0x00, 0x00, 0xff,
    0x7a, 0x00, 0x0f, 0xff, 0x24, 0x00, 0xbe, 0xff, 0x00, 0x00, 0xff, 0xff,
    0x00, 0x00, 0xfe, 0xff, 0x00, 0x00, 0xfe, 0xff, 0x00, 0x00, 0xfe, 0xff,
    0x00, 0x00, 0xfe, 0xff, 0x2c, 0x2c, 0xfd, 0xff, 0xdc, 0xdc, 0xfb, 0xff,
    0xfd, 0xfd, 0xfa, 0xff, 0xfb, 0xfb, 0xfb, 0xff, 0xfa, 0xfa, 0xfb, 0xff,
    0xfd, 0xfd, 0xfa, 0xff, 0xc1, 0xc1, 0xfb, 0xff, 0x14, 0x14, 0xfd, 0xff,
    0x00, 0x00, 0xfe, 0xff, 0x00, 0x00, 0xfe, 0xff, 0x00, 0x00, 0xfe, 0xff,
    0x36, 0x36, 0xfd, 0xff, 0xdf, 0xdf, 0xfb, 0xff, 0xfe, 0xfe, 0xfd, 0xff,
    0xef, 0xe4, 0xe4, 0xff, 0xa7, 0x56, 0x56, 0xff, 0xc2, 0x88, 0x88, 0xff,
    0xfb, 0xfa, 0xfa, 0xff, 0xfb, 0xfb, 0xfb, 0xff, 0xfc, 0xfe, 0xfe, 0xff,
    0xf7, 0xef, 0xec, 0xff, 0x8a, 0x61, 0xa7, 0xff, 0x06, 0x02, 0xf0, 0xff,
    0x00, 0x00, 0xfe, 0xff, 0x00, 0x00, 0xff, 0xff, 0x20, 0x00, 0xb4, 0xff,
    0x78, 0x00, 0x01, 0xff, 0xb0, 0x65, 0x65, 0xff, 0xf8, 0xf4, 0xf4, 0xff,
    0xfb, 0xfb, 0xfb, 0xff, 0xfa, 0xf9, 0xf9, 0xff, 0xb7, 0x78, 0x78, 0xff,
    0x7c, 0x01, 0x01, 0xff, 0x82, 0x0b, 0x0b, 0xff, 0x8b, 0x1c, 0x1c, 0xff,
    0xd3, 0xad, 0xad, 0xff, 0xf8, 0xf4, 0xf4, 0xff, 0xfd, 0xfd, 0xfd, 0xff,
    0xc3, 0xba, 0xba, 0xff, 0xab, 0xaa, 0xaa, 0xff, 0xfb, 0xfb, 0xfb, 0xff,
    0xff, 0xff, 0xff, 0xff, 0xff, 0xff, 0xff, 0xff, 0xff, 0xff, 0xff, 0xff,
    0xff, 0xff, 0xff, 0xff, 0xff, 0xff, 0xff, 0xff, 0xff, 0xff, 0xff, 0xff,
    0xff, 0xff, 0xff, 0xff, 0xff, 0xff, 0xff, 0xff, 0xff, 0xff, 0xff, 0xff,
    0xbe, 0xbe, 0xbe, 0xff, 0x18, 0x18, 0x18, 0xff, 0x00, 0x00, 0x00, 0xff,
    0x00, 0x00, 0x00, 0xff, 0x00, 0x00, 0x00, 0xff, 0x00, 0x00, 0x00, 0xff,
    0x00, 0x00, 0x00, 0xff, 0x00, 0x00, 0x00, 0xff, 0x37, 0x37, 0x37, 0xff,
    0xeb, 0xeb, 0xeb, 0xff, 0xff, 0xff, 0xff, 0xff, 0xff, 0xff, 0xff, 0xff,
    0xff, 0xff, 0xff, 0xff, 0xff, 0xff, 0xff, 0xff, 0xff, 0xff, 0xff, 0xff,
    0xff, 0xff, 0xff, 0xff, 0xff, 0xff, 0xff, 0xff, 0xff, 0xff, 0xff, 0xff,
    0xff, 0xff, 0xff, 0xff, 0xff, 0xff, 0xff, 0xff, 0xff, 0xff, 0xff, 0xff,
    0xff, 0xff, 0xff, 0xff, 0xff, 0xff, 0xff, 0xff, 0xff, 0xff, 0xff, 0xff,
    0xff, 0xff, 0xff, 0xff, 0xff, 0xff, 0xff, 0xff, 0xff, 0xff, 0xff, 0xff,
    0xfe, 0xfe, 0xfe, 0xff, 0xd4, 0xd4, 0xd4, 0xff, 0x61, 0x61, 0x61, 0xff,
    0x18, 0x18, 0x18, 0xff, 0x00, 0x00, 0x00, 0xff, 0x00, 0x00, 0x00, 0xff,
    0x00, 0x00, 0x00, 0xff, 0x00, 0x00, 0x00, 0xff, 0x00, 0x00, 0x00, 0xff,
    0x00, 0x00, 0x00, 0xff, 0x00, 0x00, 0x00, 0xff, 0x00, 0x00, 0x00, 0xff,
    0x00, 0x00, 0x00, 0xff, 0x00, 0x00, 0x00, 0xff, 0x00, 0x00, 0x00, 0xff,
    0x00, 0x00, 0x00, 0xff, 0x1e, 0x1e, 0x1e, 0xff, 0x6e, 0x6e, 0x6e, 0xff,
    0xdb, 0xdb, 0xdb, 0xff, 0xff, 0xff, 0xff, 0xff, 0xff, 0xff, 0xff, 0xff,
    0xff, 0xff, 0xff, 0xff, 0xff, 0xff, 0xff, 0xff, 0xff, 0xff, 0xff, 0xff,
    0xff, 0xff, 0xff, 0xff, 0xff, 0xff, 0xff, 0xff, 0xff, 0xff, 0xff, 0xff,
    0x9a, 0x9a, 0x9a, 0xff, 0x07, 0x07, 0x07, 0xff, 0x00, 0x00, 0x00, 0xff,
    0x00, 0x00, 0x00, 0xff, 0x00, 0x00, 0x00, 0xff, 0x00, 0x00, 0x00, 0xff,
    0x00, 0x00, 0x00, 0xff, 0x00, 0x00, 0x00, 0xff, 0x53, 0x53, 0x53, 0xff,
    0xf7, 0xf7, 0xf7, 0xff, 0xff, 0xff, 0xff, 0xff, 0xff, 0xff, 0xff, 0xff,
    0xff, 0xff, 0xff, 0xff, 0xff, 0xff, 0xff, 0xff, 0xff, 0xff, 0xff, 0xff,
    0xff, 0xff, 0xff, 0xff, 0xff, 0xff, 0xff, 0xff, 0xff, 0xff, 0xff, 0xff,
    0xff, 0xff, 0xff, 0xff, 0xfd, 0xfd, 0xfd, 0xff, 0x7e, 0x7e, 0x7e, 0xff,
    0x00, 0x00, 0x00, 0xff, 0x00, 0x00, 0x00, 0xff, 0x00, 0x00, 0x00, 0xff,
    0x00, 0x00, 0x00, 0xff, 0x00, 0x00, 0x00, 0xff, 0x00, 0x00, 0x00, 0xff,
    0x00, 0x00, 0x00, 0xff, 0x74, 0x74, 0x74, 0xff, 0xfb, 0xfb, 0xfb, 0xff,
    0xff, 0xff, 0xff, 0xff, 0xff, 0xff, 0xff, 0xff, 0xff, 0xff, 0xff, 0xff,
    0xff, 0xff, 0xff, 0xff, 0xe2, 0xe2, 0xe2, 0xff, 0x67, 0x67, 0x67, 0xff,
    0x13, 0x13, 0x13, 0xff, 0x00, 0x00, 0x00, 0xff, 0x00, 0x00, 0x00, 0xff,
    0x00, 0x00, 0x00, 0xff, 0x00, 0x00, 0x00, 0xff, 0x00, 0x00, 0x00, 0xff,
    0x00, 0x00, 0x00, 0xff, 0x00, 0x00, 0x00, 0xff, 0x00, 0x00, 0x00, 0xff,
    0x00, 0x00, 0x00, 0xff, 0x00, 0x00, 0x00, 0xff, 0x00, 0x00, 0x00, 0xff,
    0x00, 0x00, 0x00, 0xff, 0x00, 0x00, 0x00, 0xff, 0x17, 0x17, 0x17, 0xff,
    0x65, 0x65, 0x65, 0xff, 0xe1, 0xe1, 0xe1, 0xff, 0xff, 0xff, 0xff, 0xff,
    0xff, 0xff, 0xff, 0xff, 0xff, 0xff, 0xff, 0xff, 0xff, 0xff, 0xff, 0xff,
    0xff, 0xff, 0xff, 0xff, 0xff, 0xff, 0xff, 0xff, 0xff, 0xff, 0xff, 0xff,
    0xff, 0xff, 0xff, 0xff, 0xff, 0xff, 0xff, 0xff, 0xff, 0xff, 0xff, 0xff,
    0xff, 0xff, 0xff, 0xff, 0xff, 0xff, 0xff, 0xff, 0xff, 0xff, 0xff, 0xff,
    0xff, 0xff, 0xff, 0xff, 0xff, 0xff, 0xff, 0xff, 0xff, 0xff, 0xff, 0xff,
    0xff, 0xff, 0xff, 0xff, 0xff, 0xff, 0xff, 0xff, 0xff, 0xff, 0xff, 0xff,
    0xff, 0xff, 0xff, 0xff, 0xff, 0xff, 0xff, 0xff, 0xff, 0xff, 0xff, 0xff,
    0xff, 0xff, 0xff, 0xff, 0xff, 0xff, 0xff, 0xff, 0xff, 0xff, 0xff, 0xff,
    0xff, 0xff, 0xff, 0xff, 0xff, 0xff, 0xff, 0xff, 0xff, 0xff, 0xff, 0xff,
    0xff, 0xff, 0xff, 0xff, 0xff, 0xff, 0xff, 0xff, 0xfe, 0xfe, 0xfe, 0xff,
    0xb1, 0xb1, 0xb1, 0xff, 0xbd, 0xb4, 0xb4, 0xff, 0x9f, 0x43, 0x43, 0xff,
    0x7c, 0x00, 0x00, 0xff, 0x7f, 0x00, 0x00, 0xff, 0x89, 0x16, 0x16, 0xff,
    0xcc, 0x9d, 0x9d, 0xff, 0x9d, 0x46, 0x46, 0xff, 0x7e, 0x00, 0x00, 0xff,
    0x7f, 0x00, 0x00, 0xff, 0x80, 0x00, 0x00, 0xff, 0x80, 0x00, 0x00, 0xff,
    0x80, 0x00, 0x00, 0xff, 0x80, 0x00, 0x00, 0xff, 0x80, 0x00, 0x00, 0xff,
    0x7f, 0x00, 0x00, 0xff, 0x85, 0x0f, 0x0f, 0xff, 0x97, 0x35, 0x35, 0xff,
    0x7f, 0x02, 0x02, 0xff, 0x80, 0x00, 0x00, 0xff, 0x80, 0x00, 0x00, 0xff,
    0x80, 0x00, 0x00, 0xff, 0x80, 0x00, 0x00, 0xff, 0x7f, 0x00, 0x00, 0xff,
    0x81, 0x00, 0x00, 0xff, 0x6b, 0x00, 0x2f, 0xff, 0x1a, 0x00, 0xd0, 0xff,
    0x00, 0x00, 0xff, 0xff, 0x00, 0x00, 0xfd, 0xff, 0x00, 0x00, 0xfe, 0xff,
    0x00, 0x00, 0xfe, 0xff, 0x00, 0x00, 0xfd, 0xff, 0x00, 0x00, 0xff, 0xff,
    0x32, 0x00, 0xa7, 0xff, 0x7d, 0x00, 0x0c, 0xff, 0x80, 0x00, 0x00, 0xff,
    0x7f, 0x00, 0x00, 0xff, 0x7f, 0x00, 0x00, 0xff, 0x82, 0x06, 0x06, 0xff,
    0x86, 0x0f, 0x0f, 0xff, 0x80, 0x00, 0x00, 0xff, 0x80, 0x00, 0x00, 0xff,
    0x80, 0x00, 0x00, 0xff, 0x80, 0x00, 0x00, 0xff, 0x80, 0x00, 0x00, 0xff,
    0x80, 0x00, 0x00, 0xff, 0x82, 0x00, 0x00, 0xff, 0x50, 0x00, 0x55, 0xff,
    0x00, 0x00, 0xfc, 0xff, 0x00, 0x00, 0xfe, 0xff, 0x00, 0x00, 0xfe, 0xff,
    0x00, 0x00, 0xfd, 0xff, 0x00, 0x00, 0xff, 0xff, 0x2e, 0x00, 0xae, 0xff,
    0x7c, 0x00, 0x10, 0xff, 0x7e, 0x00, 0x00, 0xff, 0x81, 0x05, 0x05, 0xff,
    0x96, 0x34, 0x34, 0xff, 0xb7, 0x74, 0x74, 0xff, 0xd3, 0xa8, 0xa4, 0xff,
    0xa6, 0xa0, 0xef, 0xff, 0x06, 0x07, 0xfe, 0xff, 0x00, 0x00, 0xfd, 0xff,
    0x00, 0x00, 0xfe, 0xff, 0x00, 0x00, 0xfe, 0xff, 0x00, 0x00, 0xfd, 0xff,
    0x01, 0x00, 0xfc, 0xff, 0x53, 0x00, 0x63, 0xff, 0x7f, 0x00, 0x00, 0xff,
    0x7f, 0x00, 0x00, 0xff, 0x81, 0x07, 0x07, 0xff, 0xa5, 0x55, 0x53, 0xff,
    0x73, 0x19, 0x45, 0xff, 0x0a, 0x00, 0xe1, 0xff, 0x00, 0x00, 0xfe, 0xff,
    0x00, 0x00, 0xfe, 0xff, 0x00, 0x00, 0xfe, 0xff, 0x00, 0x00, 0xff, 0xff,
    0x10, 0x00, 0xde, 0xff, 0x70, 0x00, 0x2a, 0xff, 0x81, 0x00, 0x00, 0xff,
    0x80, 0x04, 0x04, 0xff, 0x97, 0x38, 0x38, 0xff, 0x83, 0x08, 0x08, 0xff,
    0x80, 0x00, 0x00, 0xff, 0x7f, 0x00, 0x0a, 0xff, 0x35, 0x00, 0xac, 0xff,
    0x00, 0x00, 0xff, 0xff, 0x00, 0x00, 0xfe, 0xff, 0x00, 0x00, 0xfe, 0xff,
    0x00, 0x00, 0xfe, 0xff, 0x00, 0x00, 0xfe, 0xff, 0x22, 0x22, 0xfd, 0xff,
    0xd6, 0xd6, 0xfb, 0xff, 0xfe, 0xfe, 0xfa, 0xff, 0xfa, 0xfa, 0xfb, 0xff,
    0xfb, 0xfb, 0xfa, 0xff, 0xf6, 0xf6, 0xfb, 0xff, 0x63, 0x63, 0xfd, 0xff,
    0x01, 0x01, 0xfe, 0xff, 0x00, 0x00, 0xfe, 0xff, 0x00, 0x00, 0xfe, 0xff,
    0x00, 0x00, 0xfe, 0xff, 0x4f, 0x4f, 0xfd, 0xff, 0xef, 0xef, 0xfb, 0xff,
    0xfc, 0xfc, 0xfa, 0xff, 0xfc, 0xfd, 0xfd, 0xff, 0xe3, 0xcb, 0xcb, 0xff,
    0xb0, 0x62, 0x62, 0xff, 0xef, 0xe0, 0xe0, 0xff, 0xfd, 0xfd, 0xfd, 0xff,
    0xee, 0xdf, 0xdf, 0xff, 0xb4, 0x6e, 0x6c, 0xff, 0x7b, 0x0a, 0x1d, 0xff,
    0x22, 0x00, 0xc7, 0xff, 0x00, 0x00, 0xff, 0xff, 0x00, 0x00, 0xfe, 0xff,
    0x3f, 0x00, 0x96, 0xff, 0x7f, 0x00, 0x01, 0xff, 0x86, 0x13, 0x13, 0xff,
    0xd5, 0xb0, 0xb0, 0xff, 0xfd, 0xfe, 0xfe, 0xff, 0xe5, 0xd0, 0xd0, 0xff,
    0x8f, 0x24, 0x24, 0xff, 0x7d, 0x00, 0x00, 0xff, 0x8a, 0x1a, 0x1a, 0xff,
    0x97, 0x37, 0x37, 0xff, 0x99, 0x3b, 0x3b, 0xff, 0xb0, 0x63, 0x63, 0xff,
    0xee, 0xe0, 0xe0, 0xff, 0xf3, 0xf5, 0xf5, 0xff, 0x9b, 0x9c, 0x9c, 0xff,
    0xe1, 0xe1, 0xe1, 0xff, 0xff, 0xff, 0xff, 0xff, 0xff, 0xff, 0xff, 0xff,
    0xff, 0xff, 0xff, 0xff, 0xff, 0xff, 0xff, 0xff, 0xff, 0xff, 0xff, 0xff,
    0xff, 0xff, 0xff, 0xff, 0xff, 0xff, 0xff, 0xff, 0xff, 0xff, 0xff, 0xff,
    0xff, 0xff, 0xff, 0xff, 0xbe, 0xbe, 0xbe, 0xff, 0x18, 0x18, 0x18, 0xff,
    0x00, 0x00, 0x00, 0xff, 0x00, 0x00, 0x00, 0xff, 0x00, 0x00, 0x00, 0xff,
    0x00, 0x00, 0x00, 0xff, 0x00, 0x00, 0x00, 0xff, 0x00, 0x00, 0x00, 0xff,
    0x37, 0x37, 0x37, 0xff, 0xeb, 0xeb, 0xeb, 0xff, 0xff, 0xff, 0xff, 0xff,
    0xff, 0xff, 0xff, 0xff, 0xff, 0xff, 0xff, 0xff, 0xff, 0xff, 0xff, 0xff,
    0xff, 0xff, 0xff, 0xff, 0xff, 0xff, 0xff, 0xff, 0xff, 0xff, 0xff, 0xff,
    0xff, 0xff, 0xff, 0xff, 0xff, 0xff, 0xff, 0xff, 0xff, 0xff, 0xff, 0xff,
    0xff, 0xff, 0xff, 0xff, 0xff, 0xff, 0xff, 0xff, 0xff, 0xff, 0xff, 0xff,
    0xff, 0xff, 0xff, 0xff, 0xff, 0xff, 0xff, 0xff, 0xff, 0xff, 0xff, 0xff,
    0xff, 0xff, 0xff, 0xff, 0xc7, 0xc7, 0xc7, 0xff, 0x33, 0x33, 0x33, 0xff,
    0x00, 0x00, 0x00, 0xff, 0x00, 0x00, 0x00, 0xff, 0x00, 0x00, 0x00, 0xff,
    0x00, 0x00, 0x00, 0xff, 0x00, 0x00, 0x00, 0xff, 0x00, 0x00, 0x00, 0xff,
    0x00, 0x00, 0x00, 0xff, 0x00, 0x00, 0x00, 0xff, 0x00, 0x00, 0x00, 0xff,
    0x00, 0x00, 0x00, 0xff, 0x00, 0x00, 0x00, 0xff, 0x00, 0x00, 0x00, 0xff,
    0x00, 0x00, 0x00, 0xff, 0x00, 0x00, 0x00, 0xff, 0x00, 0x00, 0x00, 0xff,
    0x00, 0x00, 0x00, 0xff, 0x3b, 0x3c, 0x3c, 0xff, 0xc5, 0xc5, 0xc5, 0xff,
    0xff, 0xff, 0xff, 0xff, 0xff, 0xff, 0xff, 0xff, 0xff, 0xff, 0xff, 0xff,
    0xff, 0xff, 0xff, 0xff, 0xff, 0xff, 0xff, 0xff, 0xff, 0xff, 0xff, 0xff,
    0xff, 0xff, 0xff, 0xff, 0x9a, 0x9a, 0x9a, 0xff, 0x07, 0x07, 0x07, 0xff,
    0x00, 0x00, 0x00, 0xff, 0x00, 0x00, 0x00, 0xff, 0x00, 0x00, 0x00, 0xff,
    0x00, 0x00, 0x00, 0xff, 0x00, 0x00, 0x00, 0xff, 0x00, 0x00, 0x00, 0xff,
    0x53, 0x53, 0x53, 0xff, 0xf7, 0xf7, 0xf7, 0xff, 0xff, 0xff, 0xff, 0xff,
    0xff, 0xff, 0xff, 0xff, 0xff, 0xff, 0xff, 0xff, 0xff, 0xff, 0xff, 0xff,
    0xff, 0xff, 0xff, 0xff, 0xff, 0xff, 0xff, 0xff, 0xff, 0xff, 0xff, 0xff,
    0xff, 0xff, 0xff, 0xff, 0xff, 0xff, 0xff, 0xff, 0xfe, 0xfe, 0xfe, 0xff,
    0x81, 0x81, 0x81, 0xff, 0x00, 0x00, 0x00, 0xff, 0x00, 0x00, 0x00, 0xff,
    0x00, 0x00, 0x00, 0xff, 0x00, 0x00, 0x00, 0xff, 0x00, 0x00, 0x00, 0xff,
    0x00, 0x00, 0x00, 0xff, 0x00, 0x00, 0x00, 0xff, 0x72, 0x72, 0x72, 0xff,
    0xfa, 0xfa, 0xfa, 0xff, 0xff, 0xff, 0xff, 0xff, 0xff, 0xff, 0xff, 0xff,
    0xff, 0xff, 0xff, 0xff, 0xee, 0xee, 0xee, 0xff, 0x60, 0x60, 0x60, 0xff,
    0x01, 0x01, 0x01, 0xff, 0x00, 0x00, 0x00, 0xff, 0x00, 0x00, 0x00, 0xff,
    0x00, 0x00, 0x00, 0xff, 0x00, 0x00, 0x00, 0xff, 0x00, 0x00, 0x00, 0xff,
    0x00, 0x00, 0x00, 0xff, 0x00, 0x00, 0x00, 0xff, 0x00, 0x00, 0x00, 0xff,
    0x00, 0x00, 0x00, 0xff, 0x00, 0x00, 0x00, 0xff, 0x00, 0x00, 0x00, 0xff,
    0x00, 0x00, 0x00, 0xff, 0x00, 0x00, 0x00, 0xff, 0x00, 0x00, 0x00, 0xff,
    0x00, 0x00, 0x00, 0xff, 0x00, 0x00, 0x00, 0xff, 0x5c, 0x5c, 0x5c, 0xff,
    0xf2, 0xf2, 0xf2, 0xff, 0xff, 0xff, 0xff, 0xff, 0xff, 0xff, 0xff, 0xff,
    0xff, 0xff, 0xff, 0xff, 0xff, 0xff, 0xff, 0xff, 0xff, 0xff, 0xff, 0xff,
    0xff, 0xff, 0xff, 0xff, 0xff, 0xff, 0xff, 0xff, 0xff, 0xff, 0xff, 0xff,
    0xff, 0xff, 0xff, 0xff, 0xff, 0xff, 0xff, 0xff, 0xff, 0xff, 0xff, 0xff,
    0xff, 0xff, 0xff, 0xff, 0xff, 0xff, 0xff, 0xff, 0xff, 0xff, 0xff, 0xff,
    0xff, 0xff, 0xff, 0xff, 0xff, 0xff, 0xff, 0xff, 0xff, 0xff, 0xff, 0xff,
    0xff, 0xff, 0xff, 0xff, 0xff, 0xff, 0xff, 0xff, 0xff, 0xff, 0xff, 0xff,
    0xff, 0xff, 0xff, 0xff, 0xff, 0xff, 0xff, 0xff, 0xff, 0xff, 0xff, 0xff,
    0xff, 0xff, 0xff, 0xff, 0xff, 0xff, 0xff, 0xff, 0xff, 0xff, 0xff, 0xff,
    0xff, 0xff, 0xff, 0xff, 0xff, 0xff, 0xff, 0xff, 0xff, 0xff, 0xff, 0xff,
    0xf1, 0xf1, 0xf1, 0xff, 0x9b, 0x99, 0x99, 0xff, 0xde, 0xcb, 0xcb, 0xff,
    0x94, 0x2d, 0x2d, 0xff, 0x7e, 0x00, 0x00, 0xff, 0x7e, 0x00, 0x00, 0xff,
    0x8c, 0x21, 0x21, 0xff, 0xbc, 0x80, 0x80, 0xff, 0xa4, 0x4f, 0x4f, 0xff,
    0x82, 0x07, 0x07, 0xff, 0x7f, 0x00, 0x00, 0xff, 0x80, 0x00, 0x00, 0xff,
    0x80, 0x00, 0x00, 0xff, 0x80, 0x00, 0x00, 0xff, 0x80, 0x00, 0x00, 0xff,
    0x7f, 0x00, 0x00, 0xff, 0x80, 0x00, 0x00, 0xff, 0x82, 0x05, 0x05, 0xff,
    0x81, 0x03, 0x03, 0xff, 0x7f, 0x00, 0x00, 0xff, 0x80, 0x00, 0x00, 0xff,
    0x80, 0x00, 0x00, 0xff, 0x80, 0x00, 0x00, 0xff, 0x7f, 0x00, 0x00, 0xff,
    0x80, 0x00, 0x00, 0xff, 0x7d, 0x00, 0x0a, 0xff, 0x32, 0x00, 0x9d, 0xff,
    0x00, 0x00, 0xfb, 0xff, 0x21, 0x16, 0xe8, 0xff, 0x0e, 0x0c, 0xf9, 0xff,
    0x00, 0x00, 0xfe, 0xff, 0x00, 0x00, 0xfe, 0xff, 0x00, 0x00, 0xfe, 0xff,
    0x00, 0x00, 0xff, 0xff, 0x20, 0x00, 0xc8, 0xff, 0x78, 0x00, 0x15, 0xff,
    0x80, 0x00, 0x00, 0xff, 0x7f, 0x00, 0x00, 0xff, 0x80, 0x00, 0x00, 0xff,
    0x88, 0x13, 0x13, 0xff, 0x83, 0x0a, 0x0a, 0xff, 0x7f, 0x00, 0x00, 0xff,
    0x80, 0x00, 0x00, 0xff, 0x80, 0x00, 0x00, 0xff, 0x80, 0x00, 0x00, 0xff,
    0x80, 0x00, 0x00, 0xff, 0x80, 0x00, 0x00, 0xff, 0x80, 0x00, 0x05, 0xff,
    0x3d, 0x04, 0x92, 0xff, 0x00, 0x00, 0xff, 0xff, 0x00, 0x00, 0xfd, 0xff,
    0x00, 0x00, 0xfe, 0xff, 0x00, 0x00, 0xfe, 0xff, 0x01, 0x00, 0xfc, 0xff,
    0x40, 0x00, 0x7e, 0xff, 0x81, 0x00, 0x00, 0xff, 0x80, 0x00, 0x00, 0xff,
    0x7f, 0x00, 0x00, 0xff, 0x7e, 0x00, 0x00, 0xff, 0x7d, 0x00, 0x00, 0xff,
    0x87, 0x10, 0x0d, 0xff, 0x70, 0x3a, 0x91, 0xff, 0x05, 0x05, 0xfd, 0xff,
    0x00, 0x00, 0xfe, 0xff, 0x00, 0x00, 0xfe, 0xff, 0x00, 0x00, 0xfe, 0xff,
    0x00, 0x00, 0xfe, 0xff, 0x01, 0x00, 0xfc, 0xff, 0x5c, 0x0c, 0x68, 0xff,
    0x80, 0x01, 0x00, 0xff, 0x7e, 0x00, 0x00, 0xff, 0x7e, 0x00, 0x00, 0xff,
    0x8f, 0x24, 0x22, 0xff, 0x5b, 0x0a, 0x6e, 0xff, 0x06, 0x00, 0xf5, 0xff,
    0x00, 0x00, 0xfe, 0xff, 0x00, 0x00, 0xfe, 0xff, 0x00, 0x00, 0xfe, 0xff,
    0x00, 0x00, 0xff, 0xff, 0x21, 0x00, 0xbc, 0xff, 0x7c, 0x00, 0x08, 0xff,
    0x80, 0x00, 0x00, 0xff, 0x7f, 0x01, 0x01, 0xff, 0x86, 0x13, 0x13, 0xff,
    0x82, 0x07, 0x07, 0xff, 0x80, 0x00, 0x00, 0xff, 0x7e, 0x00, 0x0a, 0xff,
    0x33, 0x00, 0xad, 0xff, 0x00, 0x00, 0xff, 0xff, 0x00, 0x00, 0xfe, 0xff,
    0x00, 0x00, 0xfe, 0xff, 0x00, 0x00, 0xfe, 0xff, 0x00, 0x00, 0xfe, 0xff,
    0x33, 0x33, 0xfd, 0xff, 0xdf, 0xdf, 0xfb, 0xff, 0xfd, 0xfd, 0xfa, 0xff,
    0xfa, 0xfa, 0xfb, 0xff, 0xfd, 0xfd, 0xfa, 0xff, 0xde, 0xde, 0xfb, 0xff,
    0x34, 0x34, 0xfd, 0xff, 0x00, 0x00, 0xfe, 0xff, 0x00, 0x00, 0xfe, 0xff,
    0x00, 0x00, 0xfe, 0xff, 0x00, 0x00, 0xfe, 0xff, 0x37, 0x37, 0xfd, 0xff,
    0xe0, 0xe0, 0xfb, 0xff, 0xfe, 0xfe, 0xfa, 0xff, 0xfa, 0xfa, 0xfa, 0xff,
    0xfc, 0xfd, 0xfd, 0xff, 0xf0, 0xe4, 0xe4, 0xff, 0xe6, 0xcf, 0xcf, 0xff,
    0xc7, 0x93, 0x93, 0xff, 0x99, 0x3c, 0x3c, 0xff, 0x81, 0x05, 0x05, 0xff,
    0x80, 0x00, 0x03, 0xff, 0x41, 0x00, 0x83, 0xff, 0x00, 0x00, 0xff, 0xff,
    0x00, 0x00, 0xfa, 0xff, 0x53, 0x00, 0x5d, 0xff, 0x82, 0x00, 0x00, 0xff,
    0x7d, 0x00, 0x00, 0xff, 0x98, 0x37, 0x37, 0xff, 0xec, 0xdb, 0xdb, 0xff,
    0xed, 0xdf, 0xdf, 0xff, 0x90, 0x27, 0x27, 0xff, 0x7e, 0x00, 0x00, 0xff,
    0x82, 0x07, 0x07, 0xff, 0x8b, 0x1a, 0x1a, 0xff, 0x7e, 0x01, 0x01, 0xff,
    0x7e, 0x05, 0x05, 0xff, 0xb8, 0x7b, 0x7b, 0xff, 0xe4, 0xca, 0xca, 0xff,
    0xba, 0xb3, 0xb3, 0xff, 0xc9, 0xca, 0xca, 0xff, 0xfe, 0xfe, 0xfe, 0xff,
    0xff, 0xff, 0xff, 0xff, 0xff, 0xff, 0xff, 0xff, 0xff, 0xff, 0xff, 0xff,
    0xff, 0xff, 0xff, 0xff, 0xff, 0xff, 0xff, 0xff, 0xff, 0xff, 0xff, 0xff,
    0xff, 0xff, 0xff, 0xff, 0xff, 0xff, 0xff, 0xff, 0xbe, 0xbe, 0xbe, 0xff,
    0x18, 0x18, 0x18, 0xff, 0x00, 0x00, 0x00, 0xff, 0x00, 0x00, 0x00, 0xff,
    0x00, 0x00, 0x00, 0xff, 0x00, 0x00, 0x00, 0xff, 0x00, 0x00, 0x00, 0xff,
    0x00, 0x00, 0x00, 0xff, 0x37, 0x37, 0x37, 0xff, 0xeb, 0xeb, 0xeb, 0xff,
    0xff, 0xff, 0xff, 0xff, 0xff, 0xff, 0xff, 0xff, 0xff, 0xff, 0xff, 0xff,
    0xff, 0xff, 0xff, 0xff, 0xff, 0xff, 0xff, 0xff, 0xff, 0xff, 0xff, 0xff,
    0xff, 0xff, 0xff, 0xff, 0xff, 0xff, 0xff, 0xff, 0xff, 0xff, 0xff, 0xff,
    0xff, 0xff, 0xff, 0xff, 0xff, 0xff, 0xff, 0xff, 0xff, 0xff, 0xff, 0xff,
    0xff, 0xff, 0xff, 0xff, 0xff, 0xff, 0xff, 0xff, 0xff, 0xff, 0xff, 0xff,
    0xfe, 0xfe, 0xfe, 0xff, 0xca, 0xca, 0xca, 0xff, 0x34, 0x34, 0x34, 0xff,
    0x00, 0x00, 0x00, 0xff, 0x00, 0x00, 0x00, 0xff, 0x00, 0x00, 0x00, 0xff,
    0x00, 0x00, 0x00, 0xff, 0x00, 0x00, 0x00, 0xff, 0x00, 0x00, 0x00, 0xff,
    0x00, 0x00, 0x00, 0xff, 0x00, 0x00, 0x00, 0xff, 0x00, 0x00, 0x00, 0xff,
    0x00, 0x00, 0x00, 0xff, 0x00, 0x00, 0x00, 0xff, 0x00, 0x00, 0x00, 0xff,
    0x00, 0x00, 0x00, 0xff, 0x00, 0x00, 0x00, 0xff, 0x00, 0x00, 0x00, 0xff,
    0x00, 0x00, 0x00, 0xff, 0x00, 0x00, 0x00, 0xff, 0x00, 0x00, 0x00, 0xff,
    0x31, 0x31, 0x31, 0xff, 0xc5, 0xc6, 0xc6, 0xff, 0xfe, 0xfe, 0xfe, 0xff,
    0xff, 0xff, 0xff, 0xff, 0xff, 0xff, 0xff, 0xff, 0xff, 0xff, 0xff, 0xff,
    0xff, 0xff, 0xff, 0xff, 0xff, 0xff, 0xff, 0xff, 0x9a, 0x9a, 0x9a, 0xff,
    0x07, 0x07, 0x07, 0xff, 0x00, 0x00, 0x00, 0xff, 0x00, 0x00, 0x00, 0xff,
    0x00, 0x00, 0x00, 0xff, 0x00, 0x00, 0x00, 0xff, 0x00, 0x00, 0x00, 0xff,
    0x00, 0x00, 0x00, 0xff, 0x53, 0x53, 0x53, 0xff, 0xf7, 0xf7, 0xf7, 0xff,
    0xff, 0xff, 0xff, 0xff, 0xff, 0xff, 0xff, 0xff, 0xff, 0xff, 0xff, 0xff,
    0xff, 0xff, 0xff, 0xff, 0xff, 0xff, 0xff, 0xff, 0xff, 0xff, 0xff, 0xff,
    0xff, 0xff, 0xff, 0xff, 0xff, 0xff, 0xff, 0xff, 0xff, 0xff, 0xff, 0xff,
    0xf8, 0xf8, 0xf8, 0xff, 0x66, 0x66, 0x66, 0xff, 0x00, 0x00, 0x00, 0xff,
    0x00, 0x00, 0x00, 0xff, 0x00, 0x00, 0x00, 0xff, 0x00, 0x00, 0x00, 0xff,
    0x00, 0x00, 0x00, 0xff, 0x00, 0x00, 0x00, 0xff, 0x00, 0x00, 0x00, 0xff,
    0x7d, 0x7d, 0x7d, 0xff, 0xfd, 0xfd, 0xfd, 0xff, 0xff, 0xff, 0xff, 0xff,
    0xff, 0xff, 0xff, 0xff, 0xfd, 0xfd, 0xfd, 0xff, 0x99, 0x99, 0x99, 0xff,
    0x08, 0x08, 0x08, 0xff, 0x00, 0x00, 0x00, 0xff, 0x00, 0x00, 0x00, 0xff,
    0x00, 0x00, 0x00, 0xff, 0x00, 0x00, 0x00, 0xff, 0x00, 0x00, 0x00, 0xff,
    0x05, 0x05, 0x05, 0xff, 0x2a, 0x2a, 0x2a, 0xff, 0x5c, 0x5c, 0x5c, 0xff,
    0x6e, 0x6e, 0x6e, 0xff, 0x5e, 0x5e, 0x5e, 0xff, 0x33, 0x33, 0x33, 0xff,
    0x08, 0x08, 0x08, 0xff, 0x00, 0x00, 0x00, 0xff, 0x00, 0x00, 0x00, 0xff,
    0x00, 0x00, 0x00, 0xff, 0x00, 0x00, 0x00, 0xff, 0x00, 0x00, 0x00, 0xff,
    0x0e, 0x0e, 0x0e, 0xff, 0xb3, 0xb3, 0xb3, 0xff, 0xff, 0xff, 0xff, 0xff,
    0xff, 0xff, 0xff, 0xff, 0xff, 0xff, 0xff, 0xff, 0xff, 0xff, 0xff, 0xff,
    0xff, 0xff, 0xff, 0xff, 0xff, 0xff, 0xff, 0xff, 0xff, 0xff, 0xff, 0xff,
    0xff, 0xff, 0xff, 0xff, 0xff, 0xff, 0xff, 0xff, 0xff, 0xff, 0xff, 0xff,
    0xff, 0xff, 0xff, 0xff, 0xff, 0xff, 0xff, 0xff, 0xff, 0xff, 0xff, 0xff,
    0xff, 0xff, 0xff, 0xff, 0xff, 0xff, 0xff, 0xff, 0xff, 0xff, 0xff, 0xff,
    0xff, 0xff, 0xff, 0xff, 0xff, 0xff, 0xff, 0xff, 0xff, 0xff, 0xff, 0xff,
    0xff, 0xff, 0xff, 0xff, 0xff, 0xff, 0xff, 0xff, 0xff, 0xff, 0xff, 0xff,
    0xff, 0xff, 0xff, 0xff, 0xff, 0xff, 0xff, 0xff, 0xff, 0xff, 0xff, 0xff,
    0xff, 0xff, 0xff, 0xff, 0xff, 0xff, 0xff, 0xff, 0xff, 0xff, 0xff, 0xff,
    0xff, 0xff, 0xff, 0xff, 0xcf, 0xcf, 0xcf, 0xff, 0xa7, 0x99, 0x99, 0xff,
    0xb6, 0x70, 0x70, 0xff, 0x82, 0x08, 0x08, 0xff, 0x7f, 0x00, 0x00, 0xff,
    0x83, 0x0e, 0x0e, 0xff, 0x91, 0x2d, 0x2d, 0xff, 0xa6, 0x54, 0x54, 0xff,
    0xa9, 0x5b, 0x5b, 0xff, 0x85, 0x11, 0x11, 0xff, 0x7f, 0x00, 0x00, 0xff,
    0x80, 0x00, 0x00, 0xff, 0x80, 0x00, 0x00, 0xff, 0x80, 0x00, 0x00, 0xff,
    0x80, 0x00, 0x00, 0xff, 0x7f, 0x00, 0x00, 0xff, 0x80, 0x03, 0x03, 0xff,
    0x9b, 0x40, 0x40, 0xff, 0x88, 0x18, 0x18, 0xff, 0x7f, 0x00, 0x00, 0xff,
    0x80, 0x00, 0x00, 0xff, 0x80, 0x00, 0x00, 0xff, 0x80, 0x00, 0x00, 0xff,
    0x7f, 0x00, 0x00, 0xff, 0x81, 0x00, 0x00, 0xff, 0x57, 0x00, 0x57, 0xff,
    0x08, 0x00, 0xef, 0xff, 0x15, 0x03, 0xdd, 0xff, 0x78, 0x3c, 0x88, 0xff,
    0x25, 0x1b, 0xe8, 0xff, 0x00, 0x00, 0xfe, 0xff, 0x00, 0x00, 0xfe, 0xff,
    0x00, 0x00, 0xfe, 0xff, 0x00, 0x00, 0xfe, 0xff, 0x0b, 0x00, 0xde, 0xff,
    0x6d, 0x00, 0x21, 0xff, 0x81, 0x00, 0x00, 0xff, 0x7f, 0x00, 0x00, 0xff,
    0x81, 0x06, 0x06, 0xff, 0x9a, 0x3c, 0x3c, 0xff, 0x88, 0x15, 0x15, 0xff,
    0x7f, 0x00, 0x00, 0xff, 0x80, 0x00, 0x00, 0xff, 0x80, 0x00, 0x00, 0xff,
    0x80, 0x00, 0x00, 0xff, 0x7f, 0x00, 0x00, 0xff, 0x80, 0x00, 0x00, 0xff,
    0x79, 0x00, 0x0b, 0xff, 0x24, 0x02, 0xbd, 0xff, 0x00, 0x00, 0xff, 0xff,
    0x00, 0x00, 0xfe, 0xff, 0x00, 0x00, 0xfe, 0xff, 0x00, 0x00, 0xfe, 0xff,
    0x09, 0x01, 0xf2, 0xff, 0x5c, 0x04, 0x5a, 0xff, 0x81, 0x00, 0x00, 0xff,
    0x7f, 0x00, 0x00, 0xff, 0x80, 0x00, 0x00, 0xff, 0x80, 0x00, 0x00, 0xff,
    0x80, 0x00, 0x00, 0xff, 0x80, 0x00, 0x02, 0xff, 0x41, 0x00, 0x81, 0xff,
    0x00, 0x00, 0xfe, 0xff, 0x00, 0x00, 0xfe, 0xff, 0x00, 0x00, 0xfe, 0xff,
    0x00, 0x00, 0xfe, 0xff, 0x00, 0x00, 0xfe, 0xff, 0x1a, 0x18, 0xfb, 0xff,
    0xa3, 0x7b, 0xad, 0xff, 0xc0, 0x84, 0x82, 0xff, 0xa0, 0x46, 0x46, 0xff,
    0x9b, 0x3b, 0x3a, 0xff, 0x92, 0x2b, 0x2c, 0xff, 0x41, 0x02, 0x8e, 0xff,
    0x01, 0x00, 0xfe, 0xff, 0x00, 0x00, 0xfe, 0xff, 0x00, 0x00, 0xfe, 0xff,
    0x00, 0x00, 0xfd, 0xff, 0x00, 0x00, 0xfe, 0xff, 0x40, 0x00, 0x91, 0xff,
    0x80, 0x00, 0x03, 0xff, 0x7f, 0x00, 0x00, 0xff, 0x80, 0x01, 0x01, 0xff,
    0x89, 0x18, 0x18, 0xff, 0x85, 0x0d, 0x0d, 0xff, 0x80, 0x00, 0x00, 0xff,
    0x76, 0x00, 0x13, 0xff, 0x1e, 0x00, 0xc6, 0xff, 0x00, 0x00, 0xff, 0xff,
    0x00, 0x00, 0xfe, 0xff, 0x00, 0x00, 0xfe, 0xff, 0x00, 0x00, 0xfe, 0xff,
    0x00, 0x00, 0xfe, 0xff, 0x67, 0x67, 0xfc, 0xff, 0xf6, 0xf6, 0xfb, 0xff,
    0xfb, 0xfb, 0xfa, 0xff, 0xfa, 0xfa, 0xfa, 0xff, 0xfe, 0xfe, 0xfa, 0xff,
    0xcc, 0xcc, 0xfb, 0xff, 0x20, 0x20, 0xfd, 0xff, 0x00, 0x00, 0xfe, 0xff,
    0x00, 0x00, 0xfe, 0xff, 0x00, 0x00, 0xfe, 0xff, 0x00, 0x00, 0xfe, 0xff,
    0x07, 0x07, 0xfe, 0xff, 0x85, 0x85, 0xfc, 0xff, 0xf8, 0xf8, 0xfb, 0xff,
    0xfc, 0xfc, 0xfa, 0xff, 0xfa, 0xfa, 0xfb, 0xff, 0xfc, 0xfd, 0xfd, 0xff,
    0xe8, 0xd5, 0xd5, 0xff, 0xb0, 0x66, 0x66, 0xff, 0xc8, 0x96, 0x96, 0xff,
    0xba, 0x72, 0x72, 0xff, 0x82, 0x00, 0x00, 0xff, 0x59, 0x00, 0x56, 0xff,
    0x06, 0x00, 0xf8, 0xff, 0x0d, 0x00, 0xed, 0xff, 0x68, 0x00, 0x33, 0xff,
    0x81, 0x00, 0x00, 0xff, 0x80, 0x00, 0x00, 0xff, 0x7e, 0x00, 0x00, 0xff,
    0xb6, 0x74, 0x74, 0xff, 0xf4, 0xed, 0xed, 0xff, 0x9e, 0x45, 0x45, 0xff,
    0x7d, 0x00, 0x00, 0xff, 0x7f, 0x00, 0x00, 0xff, 0x85, 0x10, 0x10, 0xff,
    0x88, 0x13, 0x13, 0xff, 0x7d, 0x00, 0x00, 0xff, 0x90, 0x28, 0x28, 0xff,
    0xa8, 0x57, 0x57, 0xff, 0x9c, 0x54, 0x54, 0xff, 0x96, 0x8b, 0x8b, 0xff,
    0xfa, 0xfa, 0xfa, 0xff, 0xff, 0xff, 0xff, 0xff, 0xff, 0xff, 0xff, 0xff,
    0xff, 0xff, 0xff, 0xff, 0xff, 0xff, 0xff, 0xff, 0xff, 0xff, 0xff, 0xff,
    0xff, 0xff, 0xff, 0xff, 0xff, 0xff, 0xff, 0xff, 0xff, 0xff, 0xff, 0xff,
    0xbe, 0xbe, 0xbe, 0xff, 0x18, 0x18, 0x18, 0xff, 0x00, 0x00, 0x00, 0xff,
    0x00, 0x00, 0x00, 0xff, 0x00, 0x00, 0x00, 0xff, 0x00, 0x00, 0x00, 0xff,
    0x00, 0x00, 0x00, 0xff, 0x00, 0x00, 0x00, 0xff, 0x37, 0x37, 0x37, 0xff,
    0xeb, 0xeb, 0xeb, 0xff, 0xff, 0xff, 0xff, 0xff, 0xff, 0xff, 0xff, 0xff,
    0xff, 0xff, 0xff, 0xff, 0xff, 0xff, 0xff, 0xff, 0xff, 0xff, 0xff, 0xff,
    0xff, 0xff, 0xff, 0xff, 0xff, 0xff, 0xff, 0xff, 0xff, 0xff, 0xff, 0xff,
    0xff, 0xff, 0xff, 0xff, 0xff, 0xff, 0xff, 0xff, 0xff, 0xff, 0xff, 0xff,
    0xff, 0xff, 0xff, 0xff, 0xff, 0xff, 0xff, 0xff, 0xff, 0xff, 0xff, 0xff,
    0xff, 0xff, 0xff, 0xff, 0xe8, 0xe8, 0xe8, 0xff, 0x45, 0x45, 0x45, 0xff,
    0x00, 0x00, 0x00, 0xff, 0x00, 0x00, 0x00, 0xff, 0x00, 0x00, 0x00, 0xff,
    0x00, 0x00, 0x00, 0xff, 0x00, 0x00, 0x00, 0xff, 0x00, 0x00, 0x00, 0xff,
    0x00, 0x00, 0x00, 0xff, 0x26, 0x26, 0x26, 0xff, 0x64, 0x64, 0x64, 0xff,
    0x7d, 0x7d, 0x7d, 0xff, 0x7c, 0x7c, 0x7c, 0xff, 0x63, 0x63, 0x63, 0xff,
    0x24, 0x24, 0x24, 0xff, 0x01, 0x01, 0x01, 0xff, 0x00, 0x00, 0x00, 0xff,
    0x00, 0x00, 0x00, 0xff, 0x00, 0x00, 0x00, 0xff, 0x00, 0x00, 0x00, 0xff,
    0x00, 0x00, 0x00, 0xff, 0x00, 0x00, 0x00, 0xff, 0x40, 0x41, 0x41, 0xff,
    0xe4, 0xe4, 0xe4, 0xff, 0xff, 0xff, 0xff, 0xff, 0xff, 0xff, 0xff, 0xff,
    0xff, 0xff, 0xff, 0xff, 0xff, 0xff, 0xff, 0xff, 0xff, 0xff, 0xff, 0xff,
    0x9a, 0x9a, 0x9a, 0xff, 0x07, 0x07, 0x07, 0xff, 0x00, 0x00, 0x00, 0xff,
    0x00, 0x00, 0x00, 0xff, 0x00, 0x00, 0x00, 0xff, 0x00, 0x00, 0x00, 0xff,
    0x00, 0x00, 0x00, 0xff, 0x00, 0x00, 0x00, 0xff, 0x53, 0x53, 0x53, 0xff,
    0xf8, 0xf8, 0xf8, 0xff, 0xff, 0xff, 0xff, 0xff, 0xff, 0xff, 0xff, 0xff,
    0xff, 0xff, 0xff, 0xff, 0xff, 0xff, 0xff, 0xff, 0xff, 0xff, 0xff, 0xff,
    0xff, 0xff, 0xff, 0xff, 0xff, 0xff, 0xff, 0xff, 0xff, 0xff, 0xff, 0xff,
    0xff, 0xff, 0xff, 0xff, 0xca, 0xca, 0xca, 0xff, 0x20, 0x20, 0x20, 0xff,
    0x00, 0x00, 0x00, 0xff, 0x00, 0x00, 0x00, 0xff, 0x00, 0x00, 0x00, 0xff,
    0x00, 0x00, 0x00, 0xff, 0x00, 0x00, 0x00, 0xff, 0x00, 0x00, 0x00, 0xff,
    0x06, 0x06, 0x06, 0xff, 0x9e, 0x9f, 0x9f, 0xff, 0xff, 0xff, 0xff, 0xff,
    0xff, 0xff, 0xff, 0xff, 0xff, 0xff, 0xff, 0xff, 0xf3, 0xf3, 0xf3, 0xff,
    0x58, 0x58, 0x58, 0xff, 0x00, 0x00, 0x00, 0xff, 0x00, 0x00, 0x00, 0xff,
    0x00, 0x00, 0x00, 0xff, 0x00, 0x00, 0x00, 0xff, 0x00, 0x00, 0x00, 0xff,
    0x00, 0x00, 0x00, 0xff, 0x58, 0x58, 0x58, 0xff, 0xde, 0xde, 0xde, 0xff,
    0xfc, 0xfc, 0xfc, 0xff, 0xfd, 0xfd, 0xfd, 0xff, 0xfc, 0xfc, 0xfc, 0xff,
    0xe5, 0xe5, 0xe5, 0xff, 0x69, 0x68, 0x68, 0xff, 0x03, 0x03, 0x03, 0xff,
    0x00, 0x00, 0x00, 0xff, 0x00, 0x00, 0x00, 0xff, 0x00, 0x00, 0x00, 0xff,
    0x00, 0x00, 0x00, 0xff, 0x00, 0x00, 0x00, 0xff, 0x6f, 0x6f, 0x6f, 0xff,
    0xfe, 0xfe, 0xfe, 0xff, 0xff, 0xff, 0xff, 0xff, 0xff, 0xff, 0xff, 0xff,
    0xff, 0xff, 0xff, 0xff, 0xff, 0xff, 0xff, 0xff, 0xff, 0xff, 0xff, 0xff,
    0xff, 0xff, 0xff, 0xff, 0xff, 0xff, 0xff, 0xff, 0xff, 0xff, 0xff, 0xff,
    0xff, 0xff, 0xff, 0xff, 0xff, 0xff, 0xff, 0xff, 0xff, 0xff, 0xff, 0xff,
    0xff, 0xff, 0xff, 0xff, 0xff, 0xff, 0xff, 0xff, 0xff, 0xff, 0xff, 0xff,
    0xff, 0xff, 0xff, 0xff, 0xff, 0xff, 0xff, 0xff, 0xff, 0xff, 0xff, 0xff,
    0xff, 0xff, 0xff, 0xff, 0xff, 0xff, 0xff, 0xff, 0xff, 0xff, 0xff, 0xff,
    0xff, 0xff, 0xff, 0xff, 0xff, 0xff, 0xff, 0xff, 0xff, 0xff, 0xff, 0xff,
    0xff, 0xff, 0xff, 0xff, 0xff, 0xff, 0xff, 0xff, 0xff, 0xff, 0xff, 0xff,
    0xff, 0xff, 0xff, 0xff, 0xfe, 0xfe, 0xfe, 0xff, 0xa9, 0xa4, 0xa4, 0xff,
    0x78, 0x29, 0x29, 0xff, 0x82, 0x03, 0x03, 0xff, 0x7f, 0x00, 0x00, 0xff,
    0x7e, 0x00, 0x00, 0xff, 0x8f, 0x29, 0x29, 0xff, 0xa6, 0x55, 0x55, 0xff,
    0xbb, 0x7c, 0x7c, 0xff, 0xb4, 0x6e, 0x6e, 0xff, 0x84, 0x0e, 0x0e, 0xff,
    0x7f, 0x00, 0x00, 0xff, 0x80, 0x00, 0x00, 0xff, 0x80, 0x00, 0x00, 0xff,
    0x80, 0x00, 0x00, 0xff, 0x80, 0x00, 0x00, 0xff, 0x7f, 0x00, 0x00, 0xff,
    0x80, 0x02, 0x02, 0xff, 0x8d, 0x21, 0x21, 0xff, 0x84, 0x0c, 0x0c, 0xff,
    0x7f, 0x00, 0x00, 0xff, 0x80, 0x00, 0x00, 0xff, 0x80, 0x00, 0x00, 0xff,
    0x7f, 0x00, 0x00, 0xff, 0x81, 0x00, 0x00, 0xff, 0x71, 0x00, 0x1f, 0xff,
    0x1c, 0x00, 0xc1, 0xff, 0x00, 0x00, 0xf9, 0xff, 0x47, 0x01, 0x72, 0xff,
    0x80, 0x11, 0x1b, 0xff, 0x1e, 0x06, 0xbf, 0xff, 0x00, 0x00, 0xff, 0xff,
    0x00, 0x00, 0xfe, 0xff, 0x00, 0x00, 0xfe, 0xff, 0x00, 0x00, 0xfe, 0xff,
    0x06, 0x00, 0xf0, 0xff, 0x63, 0x00, 0x43, 0xff, 0x81, 0x00, 0x00, 0xff,
    0x7f, 0x00, 0x00, 0xff, 0x81, 0x04, 0x04, 0xff, 0x89, 0x1a, 0x1a, 0xff,
    0x81, 0x06, 0x06, 0xff, 0x7f, 0x00, 0x00, 0xff, 0x80, 0x00, 0x00, 0xff,
    0x80, 0x00, 0x00, 0xff, 0x80, 0x00, 0x00, 0xff, 0x7f, 0x00, 0x00, 0xff,
    0x80, 0x00, 0x00, 0xff, 0x6e, 0x00, 0x25, 0xff, 0x0d, 0x00, 0xdc, 0xff,
    0x00, 0x00, 0xff, 0xff, 0x00, 0x00, 0xfe, 0xff, 0x00, 0x00, 0xfe, 0xff,
    0x00, 0x00, 0xff, 0xff, 0x0f, 0x00, 0xdf, 0xff, 0x6d, 0x00, 0x2f, 0xff,
    0x81, 0x00, 0x00, 0xff, 0x7f, 0x00, 0x00, 0xff, 0x80, 0x00, 0x00, 0xff,
    0x7f, 0x00, 0x00, 0xff, 0x80, 0x00, 0x00, 0xff, 0x7d, 0x00, 0x0b, 0xff,
    0x2c, 0x00, 0xb6, 0xff, 0x00, 0x00, 0xff, 0xff, 0x00, 0x00, 0xfd, 0xff,
    0x00, 0x00, 0xfe, 0xff, 0x00, 0x00, 0xfe, 0xff, 0x00, 0x00, 0xfe, 0xff,
    0x4a, 0x49, 0xfb, 0xff, 0xdf, 0xd4, 0xe5, 0xff, 0xfd, 0xfc, 0xfa, 0xff,
    0xf2, 0xe8, 0xe8, 0xff, 0xe7, 0xd0, 0xcf, 0xff, 0xcf, 0xaa, 0xb7, 0xff,
    0x37, 0x1a, 0xc7, 0xff, 0x00, 0x00, 0xff, 0xff, 0x00, 0x00, 0xfe, 0xff,
    0x00, 0x00, 0xfe, 0xff, 0x00, 0x00, 0xfe, 0xff, 0x00, 0x00, 0xfb, 0xff,
    0x4f, 0x00, 0x6a, 0xff, 0x82, 0x00, 0x00, 0xff, 0x80, 0x00, 0x00, 0xff,
    0x80, 0x03, 0x03, 0xff, 0xa2, 0x52, 0x52, 0xff, 0x91, 0x2b, 0x2b, 0xff,
    0x80, 0x00, 0x00, 0xff, 0x62, 0x00, 0x42, 0xff, 0x09, 0x00, 0xea, 0xff,
    0x00, 0x00, 0xfe, 0xff, 0x00, 0x00, 0xfe, 0xff, 0x00, 0x00, 0xfe, 0xff,
    0x00, 0x00, 0xfe, 0xff, 0x15, 0x16, 0xfe, 0xff, 0xb8, 0xb8, 0xfc, 0xff,
    0xfa, 0xf7, 0xf4, 0xff, 0xfc, 0xfe, 0xfe, 0xff, 0xfd, 0xff, 0xff, 0xff,
    0xff, 0xff, 0xfb, 0xff, 0xca, 0xca, 0xfb, 0xff, 0x1d, 0x1d, 0xfe, 0xff,
    0x00, 0x00, 0xfe, 0xff, 0x00, 0x00, 0xfe, 0xff, 0x00, 0x00, 0xfe, 0xff,
    0x00, 0x00, 0xfe, 0xff, 0x00, 0x00, 0xfe, 0xff, 0x10, 0x10, 0xfd, 0xff,
    0x82, 0x82, 0xfc, 0xff, 0xe0, 0xe0, 0xfb, 0xff, 0xfb, 0xfb, 0xfb, 0xff,
    0xfe, 0xfe, 0xfa, 0xff, 0xfc, 0xfc, 0xfa, 0xff, 0xf9, 0xf7, 0xf6, 0xff,
    0xfe, 0xff, 0xff, 0xff, 0xca, 0x97, 0x97, 0xff, 0x80, 0x00, 0x00, 0xff,
    0x6d, 0x00, 0x36, 0xff, 0x2b, 0x00, 0xc2, 0xff, 0x33, 0x00, 0xb2, 0xff,
    0x75, 0x00, 0x20, 0xff, 0x80, 0x00, 0x00, 0xff, 0x80, 0x00, 0x00, 0xff,
    0x7e, 0x00, 0x00, 0xff, 0x89, 0x1c, 0x1c, 0xff, 0xc7, 0x97, 0x97, 0xff,
    0xb6, 0x70, 0x70, 0xff, 0x8c, 0x1f, 0x1f, 0xff, 0x7d, 0x00, 0x00, 0xff,
    0x8e, 0x28, 0x28, 0xff, 0x98, 0x3a, 0x3a, 0xff, 0x7e, 0x00, 0x00, 0xff,
    0x80, 0x02, 0x02, 0xff, 0xb2, 0x6b, 0x6b, 0xff, 0x83, 0x16, 0x16, 0xff,
    0x6b, 0x37, 0x37, 0xff, 0xe8, 0xe9, 0xe9, 0xff, 0xff, 0xff, 0xff, 0xff,
    0xff, 0xff, 0xff, 0xff, 0xff, 0xff, 0xff, 0xff, 0xff, 0xff, 0xff, 0xff,
    0xff, 0xff, 0xff, 0xff, 0xff, 0xff, 0xff, 0xff, 0xff, 0xff, 0xff, 0xff,
    0xff, 0xff, 0xff, 0xff, 0xbe, 0xbe, 0xbe, 0xff, 0x18, 0x18, 0x18, 0xff,
    0x00, 0x00, 0x00, 0xff, 0x00, 0x00, 0x00, 0xff, 0x00, 0x00, 0x00, 0xff,
    0x00, 0x00, 0x00, 0xff, 0x00, 0x00, 0x00, 0xff, 0x00, 0x00, 0x00, 0xff,
    0x37, 0x37, 0x37, 0xff, 0xeb, 0xeb, 0xeb, 0xff, 0xff, 0xff, 0xff, 0xff,
    0xff, 0xff, 0xff, 0xff, 0xff, 0xff, 0xff, 0xff, 0xff, 0xff, 0xff, 0xff,
    0xff, 0xff, 0xff, 0xff, 0xff, 0xff, 0xff, 0xff, 0xff, 0xff, 0xff, 0xff,
    0xff, 0xff, 0xff, 0xff, 0xff, 0xff, 0xff, 0xff, 0xff, 0xff, 0xff, 0xff,
    0xff, 0xff, 0xff, 0xff, 0xff, 0xff, 0xff, 0xff, 0xff, 0xff, 0xff, 0xff,
    0xff, 0xff, 0xff, 0xff, 0xfe, 0xfe, 0xfe, 0xff, 0x8a, 0x8a, 0x8a, 0xff,
    0x05, 0x05, 0x05, 0xff, 0x00, 0x00, 0x00, 0xff, 0x00, 0x00, 0x00, 0xff,
    0x00, 0x00, 0x00, 0xff, 0x00, 0x00, 0x00, 0xff, 0x00, 0x00, 0x00, 0xff,
    0x09, 0x09, 0x09, 0xff, 0x6c, 0x6c, 0x6c, 0xff, 0xd6, 0xd6, 0xd6, 0xff,
    0xf7, 0xf7, 0xf7, 0xff, 0xff, 0xff, 0xff, 0xff, 0xff, 0xff, 0xff, 0xff,
    0xf6, 0xf6, 0xf6, 0xff, 0xd5, 0xd5, 0xd5, 0xff, 0x6d, 0x6d, 0x6d, 0xff,
    0x0a, 0x0a, 0x0a, 0xff, 0x00, 0x00, 0x00, 0xff, 0x00, 0x00, 0x00, 0xff,
    0x00, 0x00, 0x00, 0xff, 0x00, 0x00, 0x00, 0xff, 0x00, 0x00, 0x00, 0xff,
    0x04, 0x04, 0x04, 0xff, 0x87, 0x87, 0x87, 0xff, 0xfc, 0xfc, 0xfc, 0xff,
    0xff, 0xff, 0xff, 0xff, 0xff, 0xff, 0xff, 0xff, 0xff, 0xff, 0xff, 0xff,
    0xff, 0xff, 0xff, 0xff, 0x9a, 0x9a, 0x9a, 0xff, 0x07, 0x07, 0x07, 0xff,
    0x00, 0x00, 0x00, 0xff, 0x00, 0x00, 0x00, 0xff, 0x00, 0x00, 0x00, 0xff,
    0x00, 0x00, 0x00, 0xff, 0x00, 0x00, 0x00, 0xff, 0x00, 0x00, 0x00, 0xff,
    0x4e, 0x4e, 0x4e, 0xff, 0xe9, 0xe9, 0xe9, 0xff, 0xf1, 0xf1, 0xf1, 0xff,
    0xf1, 0xf1, 0xf1, 0xff, 0xf1, 0xf1, 0xf1, 0xff, 0xf1, 0xf1, 0xf1, 0xff,
    0xf1, 0xf1, 0xf1, 0xff, 0xf1, 0xf1, 0xf1, 0xff, 0xf0, 0xf0, 0xf0, 0xff,
    0xe4, 0xe3, 0xe3, 0xff, 0xb6, 0xb4, 0xb4, 0xff, 0x3d, 0x3b, 0x3b, 0xff,
    0x00, 0x00, 0x00, 0xff, 0x00, 0x00, 0x00, 0xff, 0x00, 0x00, 0x00, 0xff,
    0x00, 0x00, 0x00, 0xff, 0x00, 0x00, 0x00, 0xff, 0x00, 0x00, 0x00, 0xff,
    0x00, 0x00, 0x00, 0xff, 0x26, 0x27, 0x27, 0xff, 0xd5, 0xd5, 0xd5, 0xff,
    0xff, 0xff, 0xff, 0xff, 0xff, 0xff, 0xff, 0xff, 0xff, 0xff, 0xff, 0xff,
    0xdf, 0xdf, 0xdf, 0xff, 0x23, 0x23, 0x23, 0xff, 0x00, 0x00, 0x00, 0xff,
    0x00, 0x00, 0x00, 0xff, 0x00, 0x00, 0x00, 0xff, 0x00, 0x00, 0x00, 0xff,
    0x00, 0x00, 0x00, 0xff, 0x12, 0x12, 0x12, 0xff, 0xca, 0xca, 0xca, 0xff,
    0xff, 0xff, 0xff, 0xff, 0xff, 0xff, 0xff, 0xff, 0xff, 0xff, 0xff, 0xff,
    0xff, 0xff, 0xff, 0xff, 0xff, 0xff, 0xff, 0xff, 0xc5, 0xc5, 0xc5, 0xff,
    0x1c, 0x1c, 0x1c, 0xff, 0x00, 0x00, 0x00, 0xff, 0x00, 0x00, 0x00, 0xff,
    0x00, 0x00, 0x00, 0xff, 0x00, 0x00, 0x00, 0xff, 0x00, 0x00, 0x00, 0xff,
    0x48, 0x48, 0x48, 0xff, 0xfb, 0xfb, 0xfb, 0xff, 0xff, 0xff, 0xff, 0xff,
    0xff, 0xff, 0xff, 0xff, 0xff, 0xff, 0xff, 0xff, 0xff, 0xff, 0xff, 0xff,
    0xff, 0xff, 0xff, 0xff, 0xff, 0xff, 0xff, 0xff, 0xff, 0xff, 0xff, 0xff,
    0xff, 0xff, 0xff, 0xff, 0xff, 0xff, 0xff, 0xff, 0xff, 0xff, 0xff, 0xff,
    0xff, 0xff, 0xff, 0xff, 0xff, 0xff, 0xff, 0xff, 0xff, 0xff, 0xff, 0xff,
    0xff, 0xff, 0xff, 0xff, 0xff, 0xff, 0xff, 0xff, 0xff, 0xff, 0xff, 0xff,
    0xff, 0xff, 0xff, 0xff, 0xff, 0xff, 0xff, 0xff, 0xff, 0xff, 0xff, 0xff,
    0xff, 0xff, 0xff, 0xff, 0xff, 0xff, 0xff, 0xff, 0xff, 0xff, 0xff, 0xff,
    0xff, 0xff, 0xff, 0xff, 0xff, 0xff, 0xff, 0xff, 0xff, 0xff, 0xff, 0xff,
    0xff, 0xff, 0xff, 0xff, 0xff, 0xff, 0xff, 0xff, 0xf9, 0xfa, 0xfa, 0xff,
    0x8c, 0x76, 0x76, 0xff, 0x6a, 0x00, 0x00, 0xff, 0x81, 0x00, 0x00, 0xff,
    0x7e, 0x00, 0x00, 0xff, 0x9b, 0x3f, 0x3f, 0xff, 0xa0, 0x4b, 0x4b, 0xff,
    0x86, 0x12, 0x12, 0xff, 0xaa, 0x59, 0x59, 0xff, 0xb3, 0x6c, 0x6c, 0xff,
    0x7f, 0x04, 0x04, 0xff, 0x7f, 0x00, 0x00, 0xff, 0x80, 0x00, 0x00, 0xff,
    0x80, 0x00, 0x00, 0xff, 0x80, 0x00, 0x00, 0xff, 0x80, 0x00, 0x00, 0xff,
    0x7f, 0x00, 0x00, 0xff, 0x81, 0x06, 0x06, 0xff, 0x84, 0x0c, 0x0c, 0xff,
    0x7f, 0x00, 0x00, 0xff, 0x80, 0x00, 0x00, 0xff, 0x80, 0x00, 0x00, 0xff,
    0x7f, 0x00, 0x00, 0xff, 0x80, 0x00, 0x00, 0xff, 0x7d, 0x00, 0x05, 0xff,
    0x3d, 0x00, 0x8c, 0xff, 0x03, 0x00, 0xfb, 0xff, 0x25, 0x00, 0xb8, 0xff,
    0x79, 0x0a, 0x22, 0xff, 0x90, 0x28, 0x27, 0xff, 0x2f, 0x04, 0xac, 0xff,
    0x00, 0x00, 0xfe, 0xff, 0x00, 0x00, 0xfe, 0xff, 0x00, 0x00, 0xfe, 0xff,
    0x00, 0x00, 0xfe, 0xff, 0x03, 0x00, 0xf8, 0xff, 0x53, 0x00, 0x68, 0xff,
    0x82, 0x00, 0x00, 0xff, 0x7f, 0x00, 0x00, 0xff, 0x81, 0x04, 0x04, 0xff,
    0x8b, 0x1f, 0x1f, 0xff, 0x82, 0x08, 0x08, 0xff, 0x7f, 0x00, 0x00, 0xff,
    0x80, 0x00, 0x00, 0xff, 0x80, 0x00, 0x00, 0xff, 0x80, 0x00, 0x00, 0xff,
    0x7f, 0x00, 0x00, 0xff, 0x82, 0x00, 0x00, 0xff, 0x5b, 0x00, 0x56, 0xff,
    0x07, 0x00, 0xf2, 0xff, 0x00, 0x00, 0xfe, 0xff, 0x00, 0x00, 0xfe, 0xff,
    0x00, 0x00, 0xfe, 0xff, 0x00, 0x00, 0xff, 0xff, 0x19, 0x00, 0xc1, 0xff,
    0x78, 0x00, 0x0c, 0xff, 0x80, 0x00, 0x00, 0xff, 0x7f, 0x00, 0x00, 0xff,
    0x80, 0x00, 0x00, 0xff, 0x7f, 0x00, 0x00, 0xff, 0x81, 0x00, 0x00, 0xff,
    0x66, 0x00, 0x3d, 0xff, 0x0d, 0x00, 0xe7, 0xff, 0x00, 0x00, 0xfe, 0xff,
    0x00, 0x00, 0xfe, 0xff, 0x00, 0x00, 0xfe, 0xff, 0x00, 0x00, 0xfe, 0xff,
    0x12, 0x13, 0xfe, 0xff, 0xa9, 0xaa, 0xfc, 0xff, 0xfd, 0xfe, 0xfc, 0xff,
    0xf8, 0xf5, 0xf5, 0xff, 0xf3, 0xe9, 0xe9, 0xff, 0xf8, 0xf1, 0xee, 0xff,
    0xd8, 0xd5, 0xf6, 0xff, 0x2f, 0x2d, 0xf9, 0xff, 0x00, 0x00, 0xfe, 0xff,
    0x00, 0x00, 0xfe, 0xff, 0x00, 0x00, 0xfe, 0xff, 0x00, 0x00, 0xfe, 0xff,
    0x0e, 0x00, 0xea, 0xff, 0x66, 0x00, 0x3a, 0xff, 0x81, 0x00, 0x00, 0xff,
    0x80, 0x00, 0x00, 0xff, 0x80, 0x01, 0x01, 0xff, 0x8a, 0x1c, 0x1c, 0xff,
    0x86, 0x0e, 0x0e, 0xff, 0x7b, 0x00, 0x09, 0xff, 0x30, 0x00, 0x97, 0xff,
    0x01, 0x00, 0xfd, 0xff, 0x00, 0x00, 0xfe, 0xff, 0x00, 0x00, 0xfe, 0xff,
    0x00, 0x00, 0xfe, 0xff, 0x0d, 0x0e, 0xff, 0xff, 0x85, 0x85, 0xfd, 0xff,
    0xf6, 0xf4, 0xf9, 0xff, 0xf9, 0xf6, 0xf6, 0xff, 0xe3, 0xc9, 0xc9, 0xff,
    0xdd, 0xbd, 0xbd, 0xff, 0xfc, 0xfb, 0xf8, 0xff, 0xdc, 0xdd, 0xfd, 0xff,
    0x32, 0x32, 0xfd, 0xff, 0x00, 0x00, 0xfe, 0xff, 0x00, 0x00, 0xfe, 0xff,
    0x00, 0x00, 0xfe, 0xff, 0x00, 0x00, 0xfe, 0xff, 0x00, 0x00, 0xfe, 0xff,
    0x00, 0x00, 0xfe, 0xff, 0x06, 0x06, 0xfd, 0xff, 0x2e, 0x2e, 0xfd, 0xff,
    0x7f, 0x7f, 0xfc, 0xff, 0xc8, 0xc8, 0xfa, 0xff, 0xf0, 0xf0, 0xfb, 0xff,
    0xfd, 0xfd, 0xfa, 0xff, 0xf8, 0xf2, 0xf0, 0xff, 0xa7, 0x53, 0x53, 0xff,
    0x7d, 0x00, 0x00, 0xff, 0x7e, 0x00, 0x06, 0xff, 0x79, 0x05, 0x21, 0xff,
    0x7f, 0x0f, 0x28, 0xff, 0x7e, 0x00, 0x03, 0xff, 0x80, 0x00, 0x00, 0xff,
    0x80, 0x00, 0x00, 0xff, 0x7f, 0x00, 0x00, 0xff, 0x7f, 0x01, 0x01, 0xff,
    0x82, 0x10, 0x10, 0xff, 0xa5, 0x56, 0x56, 0xff, 0x98, 0x3a, 0x3a, 0xff,
    0x7d, 0x00, 0x00, 0xff, 0x82, 0x06, 0x06, 0xff, 0x84, 0x0d, 0x0d, 0xff,
    0x7f, 0x01, 0x01, 0xff, 0x8a, 0x1e, 0x1e, 0xff, 0x9c, 0x3f, 0x3f, 0xff,
    0xb5, 0x73, 0x73, 0xff, 0x72, 0x37, 0x37, 0xff, 0xcb, 0xc9, 0xc9, 0xff,
    0xff, 0xff, 0xff, 0xff, 0xff, 0xff, 0xff, 0xff, 0xff, 0xff, 0xff, 0xff,
    0xff, 0xff, 0xff, 0xff, 0xff, 0xff, 0xff, 0xff, 0xff, 0xff, 0xff, 0xff,
    0xff, 0xff, 0xff, 0xff, 0xff, 0xff, 0xff, 0xff, 0xbe, 0xbe, 0xbe, 0xff,
    0x18, 0x18, 0x18, 0xff, 0x00, 0x00, 0x00, 0xff, 0x00, 0x00, 0x00, 0xff,
    0x00, 0x00, 0x00, 0xff, 0x00, 0x00, 0x00, 0xff, 0x00, 0x00, 0x00, 0xff,
    0x00, 0x00, 0x00, 0xff, 0x37, 0x37, 0x37, 0xff, 0xeb, 0xeb, 0xeb, 0xff,
    0xff, 0xff, 0xff, 0xff, 0xff, 0xff, 0xff, 0xff, 0xff, 0xff, 0xff, 0xff,
    0xff, 0xff, 0xff, 0xff, 0xff, 0xff, 0xff, 0xff, 0xff, 0xff, 0xff, 0xff,
    0xff, 0xff, 0xff, 0xff, 0xff, 0xff, 0xff, 0xff, 0xff, 0xff, 0xff, 0xff,
    0xff, 0xff, 0xff, 0xff, 0xff, 0xff, 0xff, 0xff, 0xff, 0xff, 0xff, 0xff,
    0xff, 0xff, 0xff, 0xff, 0xff, 0xff, 0xff, 0xff, 0xe7, 0xe7, 0xe7, 0xff,
    0x33, 0x33, 0x33, 0xff, 0x00, 0x00, 0x00, 0xff, 0x00, 0x00, 0x00, 0xff,
    0x00, 0x00, 0x00, 0xff, 0x00, 0x00, 0x00, 0xff, 0x00, 0x00, 0x00, 0xff,
    0x01, 0x01, 0x01, 0xff, 0x64, 0x64, 0x64, 0xff, 0xf1, 0xf1, 0xf1, 0xff,
    0xff, 0xff, 0xff, 0xff, 0xff, 0xff, 0xff, 0xff, 0xff, 0xff, 0xff, 0xff,
    0xff, 0xff, 0xff, 0xff, 0xff, 0xff, 0xff, 0xff, 0xff, 0xff, 0xff, 0xff,
    0xf0, 0xf0, 0xf0, 0xff, 0x67, 0x67, 0x67, 0xff, 0x02, 0x02, 0x02, 0xff,
    0x00, 0x00, 0x00, 0xff, 0x00, 0x00, 0x00, 0xff, 0x00, 0x00, 0x00, 0xff,
    0x00, 0x00, 0x00, 0xff, 0x00, 0x00, 0x00, 0xff, 0x36, 0x36, 0x36, 0xff,
    0xe0, 0xe0, 0xe0, 0xff, 0xff, 0xff, 0xff, 0xff, 0xff, 0xff, 0xff, 0xff,
    0xff, 0xff, 0xff, 0xff, 0xff, 0xff, 0xff, 0xff, 0x9a, 0x9a, 0x9a, 0xff,
    0x07, 0x07, 0x07, 0xff, 0x00, 0x00, 0x00, 0xff, 0x00, 0x00, 0x00, 0xff,
    0x00, 0x00, 0x00, 0xff, 0x00, 0x00, 0x00, 0xff, 0x00, 0x00, 0x00, 0xff,
    0x00, 0x00, 0x00, 0xff, 0x19, 0x19, 0x19, 0xff, 0x4f, 0x4f, 0x4f, 0xff,
    0x51, 0x51, 0x51, 0xff, 0x51, 0x51, 0x51, 0xff, 0x51, 0x51, 0x51, 0xff,
    0x51, 0x51, 0x51, 0xff, 0x51, 0x51, 0x51, 0xff, 0x51, 0x51, 0x51, 0xff,
    0x50, 0x50, 0x50, 0xff, 0x3d, 0x3c, 0x3c, 0xff, 0x11, 0x11, 0x11, 0xff,
    0x00, 0x00, 0x00, 0xff, 0x00, 0x00, 0x00, 0xff, 0x00, 0x00, 0x00, 0xff,
    0x00, 0x00, 0x00, 0xff, 0x00, 0x00, 0x00, 0xff, 0x00, 0x00, 0x00, 0xff,
    0x00, 0x00, 0x00, 0xff, 0x04, 0x04, 0x04, 0xff, 0x7e, 0x7e, 0x7e, 0xff,
    0xfc, 0xfc, 0xfc, 0xff, 0xff, 0xff, 0xff, 0xff, 0xff, 0xff, 0xff, 0xff,
    0xff, 0xff, 0xff, 0xff, 0xe8, 0xe8, 0xe8, 0xff, 0x77, 0x77, 0x77, 0xff,
    0x6d, 0x6d, 0x6d, 0xff, 0x6d, 0x6d, 0x6d, 0xff, 0x6d, 0x6d, 0x6d, 0xff,
    0x6d, 0x6d, 0x6d, 0xff, 0x6d, 0x6d, 0x6d, 0xff, 0x91, 0x91, 0x91, 0xff,
    0xf3, 0xf3, 0xf3, 0xff, 0xff, 0xff, 0xff, 0xff, 0xff, 0xff, 0xff, 0xff,
    0xff, 0xff, 0xff, 0xff, 0xff, 0xff, 0xff, 0xff, 0xff, 0xff, 0xff, 0xff,
    0xd2, 0xd2, 0xd2, 0xff, 0x24, 0x24, 0x24, 0xff, 0x00, 0x00, 0x00, 0xff,
    0x00, 0x00, 0x00, 0xff, 0x00, 0x00, 0x00, 0xff, 0x00, 0x00, 0x00, 0xff,
    0x00, 0x00, 0x00, 0xff, 0x43, 0x43, 0x43, 0xff, 0xf8, 0xf8, 0xf8, 0xff,
    0xff, 0xff, 0xff, 0xff, 0xff, 0xff, 0xff, 0xff, 0xff, 0xff, 0xff, 0xff,
    0xff, 0xff, 0xff, 0xff, 0xff, 0xff, 0xff, 0xff, 0xff, 0xff, 0xff, 0xff,
    0xff, 0xff, 0xff, 0xff, 0xff, 0xff, 0xff, 0xff, 0xff, 0xff, 0xff, 0xff,
    0xff, 0xff, 0xff, 0xff, 0xff, 0xff, 0xff, 0xff, 0xff, 0xff, 0xff, 0xff,
    0xff, 0xff, 0xff, 0xff, 0xff, 0xff, 0xff, 0xff, 0xff, 0xff, 0xff, 0xff,
    0xff, 0xff, 0xff, 0xff, 0xff, 0xff, 0xff, 0xff, 0xff, 0xff, 0xff, 0xff,
    0xff, 0xff, 0xff, 0xff, 0xff, 0xff, 0xff, 0xff, 0xff, 0xff, 0xff, 0xff,
    0xff, 0xff, 0xff, 0xff, 0xff, 0xff, 0xff, 0xff, 0xff, 0xff, 0xff, 0xff,
    0xff, 0xff, 0xff, 0xff, 0xff, 0xff, 0xff, 0xff, 0xff, 0xff, 0xff, 0xff,
    0xf3, 0xf5, 0xf5, 0xff, 0x81, 0x5d, 0x5d, 0xff, 0x74, 0x00, 0x00, 0xff,
    0x7e, 0x00, 0x00, 0xff, 0x9e, 0x45, 0x45, 0xff, 0xe2, 0xc8, 0xc8, 0xff,
    0xbe, 0x82, 0x82, 0xff, 0x83, 0x0d, 0x0d, 0xff, 0x82, 0x07, 0x07, 0xff,
    0x84, 0x0d, 0x0d, 0xff, 0x7e, 0x00, 0x00, 0xff, 0x80, 0x00, 0x00, 0xff,
    0x7f, 0x00, 0x00, 0xff, 0x7f, 0x00, 0x00, 0xff, 0x7f, 0x00, 0x00, 0xff,
    0x7f, 0x00, 0x00, 0xff, 0x7e, 0x00, 0x00, 0xff, 0x8a, 0x18, 0x18, 0xff,
    0x99, 0x39, 0x39, 0xff, 0x7d, 0x00, 0x00, 0xff, 0x7f, 0x00, 0x00, 0xff,
    0x7f, 0x00, 0x00, 0xff, 0x7f, 0x00, 0x00, 0xff, 0x81, 0x00, 0x00, 0xff,
    0x61, 0x04, 0x49, 0xff, 0x0e, 0x01, 0xe9, 0xff, 0x09, 0x00, 0xeb, 0xff,
    0x5d, 0x00, 0x47, 0xff, 0x87, 0x10, 0x0e, 0xff, 0x9d, 0x43, 0x43, 0xff,
    0x45, 0x07, 0x8a, 0xff, 0x00, 0x00, 0xfc, 0xff, 0x00, 0x00, 0xfe, 0xff,
    0x00, 0x00, 0xfe, 0xff, 0x00, 0x00, 0xfe, 0xff, 0x00, 0x00, 0xfd, 0xff,
    0x3f, 0x00, 0x8a, 0xff, 0x81, 0x00, 0x00, 0xff, 0x7f, 0x00, 0x00, 0xff,
    0x83, 0x0a, 0x0a, 0xff, 0x97, 0x3c, 0x3c, 0xff, 0x83, 0x0d, 0x0d, 0xff,
    0x7f, 0x00, 0x00, 0xff, 0x7f, 0x00, 0x00, 0xff, 0x7f, 0x00, 0x00, 0xff,
    0x7f, 0x00, 0x00, 0xff, 0x7f, 0x00, 0x00, 0xff, 0x81, 0x00, 0x00, 0xff,
    0x44, 0x00, 0x7e, 0xff, 0x02, 0x00, 0xfc, 0xff, 0x00, 0x00, 0xfe, 0xff,
    0x00, 0x00, 0xfe, 0xff, 0x00, 0x00, 0xfd, 0xff, 0x00, 0x00, 0xff, 0xff,
    0x39, 0x00, 0x9b, 0xff, 0x7f, 0x00, 0x03, 0xff, 0x7f, 0x00, 0x00, 0xff,
    0x7f, 0x00, 0x00, 0xff, 0x80, 0x00, 0x00, 0xff, 0x82, 0x00, 0x00, 0xff,
    0x78, 0x00, 0x1c, 0xff, 0x2d, 0x00, 0xb1, 0xff, 0x00, 0x00, 0xfe, 0xff,
    0x00, 0x00, 0xfe, 0xff, 0x00, 0x00, 0xfd, 0xff, 0x00, 0x00, 0xff, 0xff,
    0x01, 0x01, 0xf9, 0xff, 0x6d, 0x66, 0xec, 0xff, 0xf4, 0xf3, 0xfb, 0xff,
    0xfb, 0xfb, 0xfb, 0xff, 0xfa, 0xf9, 0xf9, 0xff, 0xfa, 0xfa, 0xfa, 0xff,
    0xff, 0xff, 0xfb, 0xff, 0xbc, 0xbc, 0xf9, 0xff, 0x10, 0x10, 0xfe, 0xff,
    0x00, 0x00, 0xfd, 0xff, 0x00, 0x00, 0xfe, 0xff, 0x00, 0x00, 0xfd, 0xff,
    0x00, 0x00, 0xff, 0xff, 0x1f, 0x00, 0xc9, 0xff, 0x74, 0x00, 0x1f, 0xff,
    0x81, 0x00, 0x00, 0xff, 0x7f, 0x00, 0x00, 0xff, 0x80, 0x00, 0x00, 0xff,
    0x87, 0x13, 0x10, 0xff, 0x82, 0x0d, 0x14, 0xff, 0x4c, 0x04, 0x76, 0xff,
    0x09, 0x00, 0xef, 0xff, 0x00, 0x00, 0xfe, 0xff, 0x00, 0x00, 0xfe, 0xff,
    0x00, 0x00, 0xff, 0xff, 0x08, 0x00, 0xec, 0xff, 0x52, 0x22, 0xa0, 0xff,
    0xb3, 0x7a, 0x85, 0xff, 0xaf, 0x62, 0x61, 0xff, 0xb6, 0x73, 0x73, 0xff,
    0x98, 0x36, 0x36, 0xff, 0x8b, 0x19, 0x19, 0xff, 0xc1, 0x89, 0x88, 0xff,
    0xd8, 0xba, 0xbf, 0xff, 0x6b, 0x6b, 0xfc, 0xff, 0x00, 0x00, 0xfe, 0xff,
    0x00, 0x00, 0xfe, 0xff, 0x00, 0x00, 0xfe, 0xff, 0x00, 0x00, 0xfe, 0xff,
    0x00, 0x00, 0xfe, 0xff, 0x00, 0x00, 0xfe, 0xff, 0x00, 0x00, 0xfe, 0xff,
    0x00, 0x00, 0xfe, 0xff, 0x00, 0x00, 0xfe, 0xff, 0x1d, 0x1d, 0xfd, 0xff,
    0x51, 0x52, 0xfd, 0xff, 0x96, 0x97, 0xfc, 0xff, 0xc3, 0xa7, 0xc4, 0xff,
    0x87, 0x11, 0x15, 0xff, 0x80, 0x00, 0x00, 0xff, 0x7f, 0x00, 0x00, 0xff,
    0x87, 0x14, 0x12, 0xff, 0x9c, 0x3c, 0x3a, 0xff, 0x7e, 0x00, 0x00, 0xff,
    0x7f, 0x00, 0x00, 0xff, 0x7f, 0x00, 0x00, 0xff, 0x7f, 0x00, 0x00, 0xff,
    0x7f, 0x00, 0x00, 0xff, 0x7f, 0x00, 0x00, 0xff, 0x80, 0x03, 0x03, 0xff,
    0x80, 0x04, 0x04, 0xff, 0x7f, 0x00, 0x00, 0xff, 0x80, 0x04, 0x04, 0xff,
    0x89, 0x19, 0x19, 0xff, 0x80, 0x06, 0x06, 0xff, 0xaa, 0x5a, 0x5a, 0xff,
    0xba, 0x78, 0x78, 0xff, 0xce, 0xa0, 0xa0, 0xff, 0xa8, 0x81, 0x81, 0xff,
    0xb4, 0xb2, 0xb2, 0xff, 0xff, 0xff, 0xff, 0xff, 0xff, 0xff, 0xff, 0xff,
    0xff, 0xff, 0xff, 0xff, 0xff, 0xff, 0xff, 0xff, 0xff, 0xff, 0xff, 0xff,
    0xff, 0xff, 0xff, 0xff, 0xff, 0xff, 0xff, 0xff, 0xff, 0xff, 0xff, 0xff,
    0xbe, 0xbe, 0xbe, 0xff, 0x18, 0x18, 0x18, 0xff, 0x00, 0x00, 0x00, 0xff,
    0x00, 0x00, 0x00, 0xff, 0x00, 0x00, 0x00, 0xff, 0x00, 0x00, 0x00, 0xff,
    0x00, 0x00, 0x00, 0xff, 0x00, 0x00, 0x00, 0xff, 0x37, 0x37, 0x37, 0xff,
    0xeb, 0xeb, 0xeb, 0xff, 0xff, 0xff, 0xff, 0xff, 0xff, 0xff, 0xff, 0xff,
    0xff, 0xff, 0xff, 0xff, 0xff, 0xff, 0xff, 0xff, 0xff, 0xff, 0xff, 0xff,
    0xff, 0xff, 0xff, 0xff, 0xff, 0xff, 0xff, 0xff, 0xff, 0xff, 0xff, 0xff,
    0xff, 0xff, 0xff, 0xff, 0xff, 0xff, 0xff, 0xff, 0xff, 0xff, 0xff, 0xff,
    0xff, 0xff, 0xff, 0xff, 0xff, 0xff, 0xff, 0xff, 0xff, 0xff, 0xff, 0xff,
    0xad, 0xad, 0xad, 0xff, 0x0f, 0x0f, 0x0f, 0xff, 0x00, 0x00, 0x00, 0xff,
    0x00, 0x00, 0x00, 0xff, 0x00, 0x00, 0x00, 0xff, 0x00, 0x00, 0x00, 0xff,
    0x00, 0x00, 0x00, 0xff, 0x2a, 0x2b, 0x2b, 0xff, 0xd7, 0xd7, 0xd7, 0xff,
    0xff, 0xff, 0xff, 0xff, 0xff, 0xff, 0xff, 0xff, 0xff, 0xff, 0xff, 0xff,
    0xff, 0xff, 0xff, 0xff, 0xff, 0xff, 0xff, 0xff, 0xff, 0xff, 0xff, 0xff,
    0xff, 0xff, 0xff, 0xff, 0xff, 0xff, 0xff, 0xff, 0xdc, 0xdc, 0xdc, 0xff,
    0x2c, 0x2c, 0x2c, 0xff, 0x00, 0x00, 0x00, 0xff, 0x00, 0x00, 0x00, 0xff,
    0x00, 0x00, 0x00, 0xff, 0x00, 0x00, 0x00, 0xff, 0x00, 0x00, 0x00, 0xff,
    0x04, 0x04, 0x04, 0xff, 0xa9, 0xa9, 0xa9, 0xff, 0xff, 0xff, 0xff, 0xff,
    0xff, 0xff, 0xff, 0xff, 0xff, 0xff, 0xff, 0xff, 0xff, 0xff, 0xff, 0xff,
    0x9a, 0x9a, 0x9a, 0xff, 0x07, 0x07, 0x07, 0xff, 0x00, 0x00, 0x00, 0xff,
    0x00, 0x00, 0x00, 0xff, 0x00, 0x00, 0x00, 0xff, 0x00, 0x00, 0x00, 0xff,
    0x00, 0x00, 0x00, 0xff, 0x00, 0x00, 0x00, 0xff, 0x00, 0x00, 0x00, 0xff,
    0x00, 0x00, 0x00, 0xff, 0x00, 0x00, 0x00, 0xff, 0x00, 0x00, 0x00, 0xff,
    0x00, 0x00, 0x00, 0xff, 0x00, 0x00, 0x00, 0xff, 0x00, 0x00, 0x00, 0xff,
    0x00, 0x00, 0x00, 0xff, 0x00, 0x00, 0x00, 0xff, 0x00, 0x00, 0x00, 0xff,
    0x00, 0x00, 0x00, 0xff, 0x00, 0x00, 0x00, 0xff, 0x00, 0x00, 0x00, 0xff,
    0x00, 0x00, 0x00, 0xff, 0x00, 0x00, 0x00, 0xff, 0x00, 0x00, 0x00, 0xff,
    0x00, 0x00, 0x00, 0xff, 0x01, 0x01, 0x01, 0xff, 0x54, 0x54, 0x54, 0xff,
    0xe8, 0xe8, 0xe8, 0xff, 0xff, 0xff, 0xff, 0xff, 0xff, 0xff, 0xff, 0xff,
    0xff, 0xff, 0xff, 0xff, 0xff, 0xff, 0xff, 0xff, 0xfe, 0xfe, 0xfe, 0xff,
    0xf9, 0xf9, 0xf9, 0xff, 0xf9, 0xf9, 0xf9, 0xff, 0xf9, 0xf9, 0xf9, 0xff,
    0xf9, 0xf9, 0xf9, 0xff, 0xf9, 0xf9, 0xf9, 0xff, 0xf9, 0xf9, 0xf9, 0xff,
    0xfc, 0xfc, 0xfc, 0xff, 0xff, 0xff, 0xff, 0xff, 0xff, 0xff, 0xff, 0xff,
    0xff, 0xff, 0xff, 0xff, 0xf9, 0xf9, 0xf9, 0xff, 0xef, 0xef, 0xef, 0xff,
    0xe2, 0xe2, 0xe2, 0xff, 0xb0, 0xb0, 0xb0, 0xff, 0x1d, 0x1d, 0x1d, 0xff,
    0x00, 0x00, 0x00, 0xff, 0x00, 0x00, 0x00, 0xff, 0x00, 0x00, 0x00, 0xff,
    0x00, 0x00, 0x00, 0xff, 0x00, 0x00, 0x00, 0xff, 0x43, 0x43, 0x43, 0xff,
    0xf9, 0xf9, 0xf9, 0xff, 0xff, 0xff, 0xff, 0xff, 0xff, 0xff, 0xff, 0xff,
    0xff, 0xff, 0xff, 0xff, 0xff, 0xff, 0xff, 0xff, 0xff, 0xff, 0xff, 0xff,
    0xff, 0xff, 0xff, 0xff, 0xff, 0xff, 0xff, 0xff, 0xff, 0xff, 0xff, 0xff,
    0xff, 0xff, 0xff, 0xff, 0xff, 0xff, 0xff, 0xff, 0xff, 0xff, 0xff, 0xff,
    0xff, 0xff, 0xff, 0xff, 0xff, 0xff, 0xff, 0xff, 0xff, 0xff, 0xff, 0xff,
    0xff, 0xff, 0xff, 0xff, 0xff, 0xff, 0xff, 0xff, 0xff, 0xff, 0xff, 0xff,
    0xff, 0xff, 0xff, 0xff, 0xff, 0xff, 0xff, 0xff, 0xff, 0xff, 0xff, 0xff,
    0xff, 0xff, 0xff, 0xff, 0xff, 0xff, 0xff, 0xff, 0xff, 0xff, 0xff, 0xff,
    0xff, 0xff, 0xff, 0xff, 0xff, 0xff, 0xff, 0xff, 0xff, 0xff, 0xff, 0xff,
    0xff, 0xff, 0xff, 0xff, 0xe5, 0xe8, 0xe8, 0xff, 0x59, 0x2e, 0x2e, 0xff,
    0x84, 0x11, 0x11, 0xff, 0xb4, 0x6c, 0x6c, 0xff, 0xed, 0xdf, 0xdf, 0xff,
    0xf6, 0xf1, 0xf1, 0xff, 0xad, 0x5f, 0x5f, 0xff, 0x9f, 0x47, 0x47, 0xff,
    0x87, 0x17, 0x17, 0xff, 0x89, 0x17, 0x17, 0xff, 0x8c, 0x1c, 0x1c, 0xff,
    0x7f, 0x02, 0x02, 0xff, 0x81, 0x04, 0x04, 0xff, 0x84, 0x0d, 0x0d, 0xff,
    0x81, 0x06, 0x06, 0xff, 0x81, 0x04, 0x04, 0xff, 0x83, 0x0d, 0x0d, 0xff,
    0x87, 0x11, 0x11, 0xff, 0x8c, 0x21, 0x21, 0xff, 0x83, 0x0d, 0x0d, 0xff,
    0x82, 0x06, 0x06, 0xff, 0x81, 0x03, 0x03, 0xff, 0x84, 0x0e, 0x0c, 0xff,
    0x78, 0x07, 0x25, 0xff, 0x24, 0x01, 0xc2, 0xff, 0x02, 0x00, 0xfc, 0xff,
    0x40, 0x02, 0x91, 0xff, 0x80, 0x03, 0x0a, 0xff, 0x84, 0x0e, 0x0d, 0xff,
    0x85, 0x0c, 0x0b, 0xff, 0x59, 0x00, 0x5c, 0xff, 0x02, 0x00, 0xfa, 0xff,
    0x00, 0x00, 0xfe, 0xff, 0x00, 0x00, 0xfe, 0xff, 0x00, 0x00, 0xfe, 0xff,
    0x00, 0x00, 0xff, 0xff, 0x28, 0x01, 0xa9, 0xff, 0x81, 0x0b, 0x0a, 0xff,
    0x83, 0x08, 0x08, 0xff, 0x81, 0x02, 0x02, 0xff, 0x88, 0x15, 0x15, 0xff,
    0x83, 0x0a, 0x0a, 0xff, 0x80, 0x02, 0x02, 0xff, 0x83, 0x0c, 0x0c, 0xff,
    0x82, 0x09, 0x09, 0xff, 0x80, 0x03, 0x03, 0xff, 0x84, 0x0c, 0x0c, 0xff,
    0x7f, 0x09, 0x17, 0xff, 0x2d, 0x00, 0xa8, 0xff, 0x00, 0x00, 0xff, 0xff,
    0x00, 0x00, 0xfe, 0xff, 0x00, 0x00, 0xfe, 0xff, 0x00, 0x00, 0xfe, 0xff,
    0x00, 0x00, 0xfa, 0xff, 0x4d, 0x01, 0x68, 0xff, 0x85, 0x0a, 0x09, 0xff,
    0x84, 0x0b, 0x0a, 0xff, 0x82, 0x00, 0x00, 0xff, 0x82, 0x06, 0x08, 0xff,
    0x6e, 0x00, 0x2d, 0xff, 0x33, 0x00, 0xa9, 0xff, 0x03, 0x00, 0xfb, 0xff,
    0x00, 0x00, 0xfe, 0xff, 0x00, 0x00, 0xfe, 0xff, 0x00, 0x00, 0xff, 0xff,
    0x0e, 0x07, 0xeb, 0xff, 0x51, 0x30, 0xa9, 0xff, 0xe0, 0xd5, 0xe1, 0xff,
    0xfd, 0xfd, 0xfc, 0xff, 0xfa, 0xfa, 0xfa, 0xff, 0xfb, 0xfb, 0xfb, 0xff,
    0xfb, 0xfb, 0xfb, 0xff, 0xfd, 0xfd, 0xfa, 0xff, 0x94, 0x94, 0xfb, 0xff,
    0x01, 0x01, 0xfd, 0xff, 0x00, 0x00, 0xfe, 0xff, 0x00, 0x00, 0xfe, 0xff,
    0x00, 0x00, 0xfe, 0xff, 0x00, 0x00, 0xfe, 0xff, 0x36, 0x06, 0xa9, 0xff,
    0x83, 0x0d, 0x16, 0xff, 0x83, 0x02, 0x00, 0xff, 0x84, 0x07, 0x03, 0xff,
    0x7f, 0x06, 0x0f, 0xff, 0x79, 0x26, 0x54, 0xff, 0x46, 0x1b, 0xa8, 0xff,
    0x08, 0x01, 0xf0, 0xff, 0x00, 0x00, 0xff, 0xff, 0x01, 0x02, 0xff, 0xff,
    0x11, 0x0d, 0xf4, 0xff, 0x2c, 0x07, 0xb7, 0xff, 0x5d, 0x06, 0x54, 0xff,
    0x82, 0x10, 0x19, 0xff, 0x81, 0x08, 0x07, 0xff, 0x7e, 0x01, 0x01, 0xff,
    0x84, 0x10, 0x10, 0xff, 0x84, 0x0b, 0x0b, 0xff, 0x81, 0x06, 0x06, 0xff,
    0x84, 0x14, 0x14, 0xff, 0xb1, 0x62, 0x60, 0xff, 0xca, 0xc8, 0xf7, 0xff,
    0x26, 0x26, 0xfd, 0xff, 0x00, 0x00, 0xfe, 0xff, 0x00, 0x00, 0xfe, 0xff,
    0x00, 0x00, 0xfe, 0xff, 0x00, 0x00, 0xfe, 0xff, 0x00, 0x00, 0xfe, 0xff,
    0x00, 0x00, 0xfe, 0xff, 0x00, 0x00, 0xfe, 0xff, 0x00, 0x00, 0xfe, 0xff,
    0x00, 0x00, 0xfe, 0xff, 0x00, 0x00, 0xfe, 0xff, 0x08, 0x08, 0xfe, 0xff,
    0x1a, 0x12, 0xeb, 0xff, 0x3a, 0x01, 0x96, 0xff, 0x6a, 0x01, 0x35, 0xff,
    0x84, 0x0b, 0x0b, 0xff, 0x85, 0x10, 0x10, 0xff, 0x8e, 0x21, 0x21, 0xff,
    0x83, 0x0d, 0x0d, 0xff, 0x82, 0x06, 0x06, 0xff, 0x81, 0x02, 0x02, 0xff,
    0x84, 0x0d, 0x0d, 0xff, 0x82, 0x08, 0x08, 0xff, 0x81, 0x03, 0x03, 0xff,
    0x84, 0x0d, 0x0d, 0xff, 0x82, 0x07, 0x07, 0xff, 0x80, 0x01, 0x01, 0xff,
    0x86, 0x15, 0x15, 0xff, 0x98, 0x3d, 0x3d, 0xff, 0x81, 0x0b, 0x0b, 0xff,
    0x87, 0x19, 0x19, 0xff, 0xc5, 0x92, 0x92, 0xff, 0xdc, 0xba, 0xba, 0xff,
    0x9f, 0x80, 0x80, 0xff, 0x8c, 0x8c, 0x8c, 0xff, 0xff, 0xff, 0xff, 0xff,
    0xff, 0xff, 0xff, 0xff, 0xff, 0xff, 0xff, 0xff, 0xff, 0xff, 0xff, 0xff,
    0xff, 0xff, 0xff, 0xff, 0xff, 0xff, 0xff, 0xff, 0xff, 0xff, 0xff, 0xff,
    0xff, 0xff, 0xff, 0xff, 0xbe, 0xbe, 0xbe, 0xff, 0x18, 0x18, 0x18, 0xff,
    0x00, 0x00, 0x00, 0xff, 0x00, 0x00, 0x00, 0xff, 0x00, 0x00, 0x00, 0xff,
    0x00, 0x00, 0x00, 0xff, 0x00, 0x00, 0x00, 0xff, 0x00, 0x00, 0x00, 0xff,
    0x37, 0x37, 0x37, 0xff, 0xeb, 0xeb, 0xeb, 0xff, 0xff, 0xff, 0xff, 0xff,
    0xff, 0xff, 0xff, 0xff, 0xff, 0xff, 0xff, 0xff, 0xff, 0xff, 0xff, 0xff,
    0xff, 0xff, 0xff, 0xff, 0xff, 0xff, 0xff, 0xff, 0xff, 0xff, 0xff, 0xff,
    0xff, 0xff, 0xff, 0xff, 0xff, 0xff, 0xff, 0xff, 0xff, 0xff, 0xff, 0xff,
    0xff, 0xff, 0xff, 0xff, 0xff, 0xff, 0xff, 0xff, 0xff, 0xff, 0xff, 0xff,
    0xfe, 0xfe, 0xfe, 0xff, 0x81, 0x81, 0x81, 0xff, 0x00, 0x00, 0x00, 0xff,
    0x00, 0x00, 0x00, 0xff, 0x00, 0x00, 0x00, 0xff, 0x00, 0x00, 0x00, 0xff,
    0x00, 0x00, 0x00, 0xff, 0x00, 0x00, 0x00, 0xff, 0x68, 0x67, 0x67, 0xff,
    0xfd, 0xfd, 0xfd, 0xff, 0xff, 0xff, 0xff, 0xff, 0xff, 0xff, 0xff, 0xff,
    0xff, 0xff, 0xff, 0xff, 0xff, 0xff, 0xff, 0xff, 0xff, 0xff, 0xff, 0xff,
    0xff, 0xff, 0xff, 0xff, 0xff, 0xff, 0xff, 0xff, 0xff, 0xff, 0xff, 0xff,
    0xfd, 0xfd, 0xfd, 0xff, 0x72, 0x73, 0x73, 0xff, 0x00, 0x00, 0x00, 0xff,
    0x00, 0x00, 0x00, 0xff, 0x00, 0x00, 0x00, 0xff, 0x00, 0x00, 0x00, 0xff,
    0x00, 0x00, 0x00, 0xff, 0x00, 0x00, 0x00, 0xff, 0x87, 0x87, 0x87, 0xff,
    0xfe, 0xfe, 0xfe, 0xff, 0xff, 0xff, 0xff, 0xff, 0xff, 0xff, 0xff, 0xff,
    0xff, 0xff, 0xff, 0xff, 0x9a, 0x9a, 0x9a, 0xff, 0x07, 0x07, 0x07, 0xff,
    0x00, 0x00, 0x00, 0xff, 0x00, 0x00, 0x00, 0xff, 0x00, 0x00, 0x00, 0xff,
    0x00, 0x00, 0x00, 0xff, 0x00, 0x00, 0x00, 0xff, 0x00, 0x00, 0x00, 0xff,
    0x00, 0x00, 0x00, 0xff, 0x00, 0x00, 0x00, 0xff, 0x00, 0x00, 0x00, 0xff,
    0x00, 0x00, 0x00, 0xff, 0x00, 0x00, 0x00, 0xff, 0x00, 0x00, 0x00, 0xff,
    0x00, 0x00, 0x00, 0xff, 0x00, 0x00, 0x00, 0xff, 0x00, 0x00, 0x00, 0xff,
    0x00, 0x00, 0x00, 0xff, 0x00, 0x00, 0x00, 0xff, 0x00, 0x00, 0x00, 0xff,
    0x00, 0x00, 0x00, 0xff, 0x00, 0x00, 0x00, 0xff, 0x00, 0x00, 0x00, 0xff,
    0x00, 0x00, 0x00, 0xff, 0x05, 0x05, 0x05, 0xff, 0x52, 0x52, 0x52, 0xff,
    0xda, 0xda, 0xda, 0xff, 0xff, 0xff, 0xff, 0xff, 0xff, 0xff, 0xff, 0xff,
    0xff, 0xff, 0xff, 0xff, 0xff, 0xff, 0xff, 0xff, 0xff, 0xff, 0xff, 0xff,
    0xff, 0xff, 0xff, 0xff, 0xff, 0xff, 0xff, 0xff, 0xff, 0xff, 0xff, 0xff,
    0xff, 0xff, 0xff, 0xff, 0xff, 0xff, 0xff, 0xff, 0xff, 0xff, 0xff, 0xff,
    0xf9, 0xf9, 0xf9, 0xff, 0xea, 0xea, 0xea, 0xff, 0xca, 0xcb, 0xcb, 0xff,
    0x9e, 0x9f, 0x9f, 0xff, 0x79, 0x79, 0x79, 0xff, 0x56, 0x56, 0x56, 0xff,
    0x4b, 0x4b, 0x4b, 0xff, 0x39, 0x39, 0x39, 0xff, 0x25, 0x25, 0x25, 0xff,
    0x05, 0x05, 0x05, 0xff, 0x00, 0x00, 0x00, 0xff, 0x00, 0x00, 0x00, 0xff,
    0x00, 0x00, 0x00, 0xff, 0x00, 0x00, 0x00, 0xff, 0x00, 0x00, 0x00, 0xff,
    0x43, 0x43, 0x43, 0xff, 0xf9, 0xf9, 0xf9, 0xff, 0xff, 0xff, 0xff, 0xff,
    0xff, 0xff, 0xff, 0xff, 0xff, 0xff, 0xff, 0xff, 0xff, 0xff, 0xff, 0xff,
    0xff, 0xff, 0xff, 0xff, 0xff, 0xff, 0xff, 0xff, 0xff, 0xff, 0xff, 0xff,
    0xff, 0xff, 0xff, 0xff, 0xff, 0xff, 0xff, 0xff, 0xff, 0xff, 0xff, 0xff,
    0xff, 0xff, 0xff, 0xff, 0xff, 0xff, 0xff, 0xff, 0xff, 0xff, 0xff, 0xff,
    0xff, 0xff, 0xff, 0xff, 0xff, 0xff, 0xff, 0xff, 0xff, 0xff, 0xff, 0xff,
    0xff, 0xff, 0xff, 0xff, 0xff, 0xff, 0xff, 0xff, 0xff, 0xff, 0xff, 0xff,
    0xff, 0xff, 0xff, 0xff, 0xff, 0xff, 0xff, 0xff, 0xff, 0xff, 0xff, 0xff,
    0xff, 0xff, 0xff, 0xff, 0xff, 0xff, 0xff, 0xff, 0xff, 0xff, 0xff, 0xff,
    0xff, 0xff, 0xff, 0xff, 0xff, 0xff, 0xff, 0xff, 0xdf, 0xe1, 0xe1, 0xff,
    0x48, 0x21, 0x21, 0xff, 0x99, 0x38, 0x38, 0xff, 0xf3, 0xea, 0xea, 0xff,
    0xfd, 0xff, 0xff, 0xff, 0xef, 0xe4, 0xe4, 0xff, 0xb4, 0x71, 0x71, 0xff,
    0xcb, 0x9a, 0x9a, 0xff, 0x9e, 0x44, 0x44, 0xff, 0x96, 0x37, 0x37, 0xff,
    0xa8, 0x5a, 0x5a, 0xff, 0x9c, 0x43, 0x43, 0xff, 0x8c, 0x1c, 0x1c, 0xff,
    0x98, 0x3b, 0x3b, 0xff, 0x88, 0x19, 0x19, 0xff, 0x83, 0x0c, 0x0c, 0xff,
    0x97, 0x39, 0x39, 0xff, 0x89, 0x18, 0x18, 0xff, 0x87, 0x17, 0x17, 0xff,
    0x96, 0x39, 0x39, 0xff, 0x8a, 0x17, 0x17, 0xff, 0x85, 0x0d, 0x0d, 0xff,
    0x97, 0x38, 0x3b, 0xff, 0x52, 0x1d, 0x99, 0xff, 0x03, 0x00, 0xfb, 0xff,
    0x20, 0x0a, 0xd8, 0xff, 0x76, 0x10, 0x35, 0xff, 0x86, 0x0e, 0x0b, 0xff,
    0x98, 0x3b, 0x3b, 0xff, 0x97, 0x33, 0x30, 0xff, 0x62, 0x03, 0x39, 0xff,
    0x04, 0x00, 0xed, 0xff, 0x00, 0x00, 0xfe, 0xff, 0x00, 0x00, 0xfe, 0xff,
    0x00, 0x00, 0xfe, 0xff, 0x00, 0x00, 0xff, 0xff, 0x1f, 0x08, 0xcb, 0xff,
    0x88, 0x33, 0x48, 0xff, 0x91, 0x24, 0x23, 0xff, 0x82, 0x09, 0x09, 0xff,
    0xa0, 0x49, 0x49, 0xff, 0x8d, 0x25, 0x25, 0xff, 0x82, 0x0a, 0x0a, 0xff,
    0x94, 0x31, 0x31, 0xff, 0x8f, 0x26, 0x26, 0xff, 0x82, 0x0c, 0x0c, 0xff,
    0x94, 0x34, 0x31, 0xff, 0x85, 0x2c, 0x4d, 0xff, 0x1e, 0x03, 0xcd, 0xff,
    0x00, 0x00, 0xfe, 0xff, 0x00, 0x00, 0xfe, 0xff, 0x00, 0x00, 0xfe, 0xff,
    0x00, 0x00, 0xfe, 0xff, 0x07, 0x00, 0xf0, 0xff, 0x5a, 0x05, 0x50, 0xff,
    0x89, 0x2f, 0x3f, 0xff, 0x80, 0x2c, 0x48, 0xff, 0x61, 0x07, 0x56, 0xff,
    0x4a, 0x16, 0x9a, 0xff, 0x17, 0x00, 0xd7, 0xff, 0x00, 0x00, 0xfe, 0xff,
    0x00, 0x00, 0xff, 0xff, 0x00, 0x00, 0xfe, 0xff, 0x06, 0x00, 0xf2, 0xff,
    0x2b, 0x0a, 0xc4, 0xff, 0x6e, 0x2e, 0x77, 0xff, 0xcb, 0xa0, 0xa1, 0xff,
    0xfc, 0xfb, 0xfa, 0xff, 0xfb, 0xfb, 0xfb, 0xff, 0xfb, 0xfb, 0xfb, 0xff,
    0xfb, 0xfb, 0xfb, 0xff, 0xfb, 0xfb, 0xfa, 0xff, 0xf8, 0xf8, 0xfb, 0xff,
    0x69, 0x69, 0xfd, 0xff, 0x00, 0x00, 0xfe, 0xff, 0x00, 0x00, 0xfe, 0xff,
    0x00, 0x00, 0xfe, 0xff, 0x00, 0x00, 0xfe, 0xff, 0x01, 0x01, 0xfe, 0xff,
    0x33, 0x1a, 0xcb, 0xff, 0x5a, 0x26, 0x90, 0xff, 0x50, 0x03, 0x7c, 0xff,
    0x4e, 0x0f, 0x8a, 0xff, 0x3b, 0x13, 0xb2, 0xff, 0x18, 0x06, 0xde, 0xff,
    0x04, 0x04, 0xff, 0xff, 0x01, 0x00, 0xfa, 0xff, 0x18, 0x00, 0xd4, 0xff,
    0x3e, 0x0c, 0x9f, 0xff, 0x73, 0x34, 0x79, 0xff, 0x82, 0x15, 0x23, 0xff,
    0x8c, 0x1c, 0x1a, 0xff, 0x98, 0x3a, 0x3a, 0xff, 0x84, 0x0c, 0x0c, 0xff,
    0x89, 0x18, 0x18, 0xff, 0x9b, 0x41, 0x41, 0xff, 0x8d, 0x20, 0x20, 0xff,
    0x89, 0x1a, 0x1a, 0xff, 0x98, 0x39, 0x39, 0xff, 0xc4, 0x8e, 0x8e, 0xff,
    0xfc, 0xfb, 0xfc, 0xff, 0xaa, 0xaa, 0xfc, 0xff, 0x24, 0x24, 0xfd, 0xff,
    0x00, 0x00, 0xfe, 0xff, 0x00, 0x00, 0xfe, 0xff, 0x00, 0x00, 0xfe, 0xff,
    0x00, 0x00, 0xfe, 0xff, 0x00, 0x00, 0xfe, 0xff, 0x00, 0x00, 0xfe, 0xff,
    0x00, 0x00, 0xfe, 0xff, 0x00, 0x00, 0xfe, 0xff, 0x00, 0x00, 0xfe, 0xff,
    0x00, 0x00, 0xfd, 0xff, 0x00, 0x00, 0xfe, 0xff, 0x00, 0x00, 0xfe, 0xff,
    0x19, 0x03, 0xda, 0xff, 0x69, 0x2c, 0x7f, 0xff, 0x89, 0x1a, 0x1b, 0xff,
    0x88, 0x13, 0x12, 0xff, 0x97, 0x37, 0x37, 0xff, 0x8b, 0x1a, 0x1a, 0xff,
    0x85, 0x0b, 0x0b, 0xff, 0x99, 0x3b, 0x3b, 0xff, 0x8e, 0x25, 0x25, 0xff,
    0x83, 0x0a, 0x0a, 0xff, 0x96, 0x36, 0x36, 0xff, 0x8d, 0x22, 0x22, 0xff,
    0x82, 0x08, 0x08, 0xff, 0x95, 0x34, 0x34, 0xff, 0x95, 0x31, 0x31, 0xff,
    0x83, 0x0a, 0x0a, 0xff, 0x95, 0x33, 0x33, 0xff, 0xa5, 0x54, 0x54, 0xff,
    0xe8, 0xcf, 0xcf, 0xff, 0xa9, 0x94, 0x94, 0xff, 0x88, 0x87, 0x87, 0xff,
    0xff, 0xff, 0xff, 0xff, 0xff, 0xff, 0xff, 0xff, 0xff, 0xff, 0xff, 0xff,
    0xff, 0xff, 0xff, 0xff, 0xff, 0xff, 0xff, 0xff, 0xff, 0xff, 0xff, 0xff,
    0xff, 0xff, 0xff, 0xff, 0xff, 0xff, 0xff, 0xff, 0xbe, 0xbe, 0xbe, 0xff,
    0x18, 0x18, 0x18, 0xff, 0x00, 0x00, 0x00, 0xff, 0x00, 0x00, 0x00, 0xff,
    0x00, 0x00, 0x00, 0xff, 0x00, 0x00, 0x00, 0xff, 0x00, 0x00, 0x00, 0xff,
    0x00, 0x00, 0x00, 0xff, 0x37, 0x37, 0x37, 0xff, 0xeb, 0xeb, 0xeb, 0xff,
    0xff, 0xff, 0xff, 0xff, 0xff, 0xff, 0xff, 0xff, 0xff, 0xff, 0xff, 0xff,
    0xff, 0xff, 0xff, 0xff, 0xff, 0xff, 0xff, 0xff, 0xff, 0xff, 0xff, 0xff,
    0xff, 0xff, 0xff, 0xff, 0xff, 0xff, 0xff, 0xff, 0xff, 0xff, 0xff, 0xff,
    0xff, 0xff, 0xff, 0xff, 0xff, 0xff, 0xff, 0xff, 0xff, 0xff, 0xff, 0xff,
    0xff, 0xff, 0xff, 0xff, 0xf6, 0xf6, 0xf6, 0xff, 0x65, 0x65, 0x65, 0xff,
    0x00, 0x00, 0x00, 0xff, 0x00, 0x00, 0x00, 0xff, 0x00, 0x00, 0x00, 0xff,
    0x00, 0x00, 0x00, 0xff, 0x00, 0x00, 0x00, 0xff, 0x07, 0x06, 0x06, 0xff,
    0xa7, 0xa5, 0xa5, 0xff, 0xff, 0xff, 0xff, 0xff, 0xff, 0xff, 0xff, 0xff,
    0xff, 0xff, 0xff, 0xff, 0xff, 0xff, 0xff, 0xff, 0xff, 0xff, 0xff, 0xff,
    0xff, 0xff, 0xff, 0xff, 0xff, 0xff, 0xff, 0xff, 0xff, 0xff, 0xff, 0xff,
    0xff, 0xff, 0xff, 0xff, 0xfe, 0xfe, 0xfe, 0xff, 0xa2, 0xa2, 0xa2, 0xff,
    0x01, 0x01, 0x01, 0xff, 0x00, 0x00, 0x00, 0xff, 0x00, 0x00, 0x00, 0xff,
    0x00, 0x00, 0x00, 0xff, 0x00, 0x00, 0x00, 0xff, 0x00, 0x00, 0x00, 0xff,
    0x62, 0x62, 0x62, 0xff, 0xf9, 0xf9, 0xf9, 0xff, 0xff, 0xff, 0xff, 0xff,
    0xff, 0xff, 0xff, 0xff, 0xff, 0xff, 0xff, 0xff, 0x9a, 0x9a, 0x9a, 0xff,
    0x07, 0x07, 0x07, 0xff, 0x00, 0x00, 0x00, 0xff, 0x00, 0x00, 0x00, 0xff,
    0x00, 0x00, 0x00, 0xff, 0x00, 0x00, 0x00, 0xff, 0x00, 0x00, 0x00, 0xff,
    0x00, 0x00, 0x00, 0xff, 0x00, 0x00, 0x00, 0xff, 0x00, 0x00, 0x00, 0xff,
    0x00, 0x00, 0x00, 0xff, 0x00, 0x00, 0x00, 0xff, 0x00, 0x00, 0x00, 0xff,
    0x00, 0x00, 0x00, 0xff, 0x00, 0x00, 0x00, 0xff, 0x00, 0x00, 0x00, 0xff,
    0x00, 0x00, 0x00, 0xff, 0x00, 0x00, 0x00, 0xff, 0x00, 0x00, 0x00, 0xff,
    0x00, 0x00, 0x00, 0xff, 0x00, 0x00, 0x00, 0xff, 0x00, 0x00, 0x00, 0xff,
    0x09, 0x09, 0x09, 0xff, 0x37, 0x37, 0x37, 0xff, 0x8c, 0x8c, 0x8c, 0xff,
    0xe9, 0xe9, 0xe9, 0xff, 0xff, 0xff, 0xff, 0xff, 0xff, 0xff, 0xff, 0xff,
    0xff, 0xff, 0xff, 0xff, 0xff, 0xff, 0xff, 0xff, 0xff, 0xff, 0xff, 0xff,
    0xff, 0xff, 0xff, 0xff, 0xff, 0xff, 0xff, 0xff, 0xff, 0xff, 0xff, 0xff,
    0xff, 0xff, 0xff, 0xff, 0xff, 0xff, 0xff, 0xff, 0xe5, 0xe5, 0xe5, 0xff,
    0xad, 0xae, 0xae, 0xff, 0x69, 0x6a, 0x6a, 0xff, 0x29, 0x29, 0x29, 0xff,
    0x14, 0x14, 0x14, 0xff, 0x09, 0x09, 0x09, 0xff, 0x00, 0x00, 0x00, 0xff,
    0x00, 0x00, 0x00, 0xff, 0x00, 0x00, 0x00, 0xff, 0x00, 0x00, 0x00, 0xff,
    0x00, 0x00, 0x00, 0xff, 0x00, 0x00, 0x00, 0xff, 0x00, 0x00, 0x00, 0xff,
    0x00, 0x00, 0x00, 0xff, 0x00, 0x00, 0x00, 0xff, 0x00, 0x00, 0x00, 0xff,
    0x00, 0x00, 0x00, 0xff, 0x43, 0x43, 0x43, 0xff, 0xf9, 0xf9, 0xf9, 0xff,
    0xff, 0xff, 0xff, 0xff, 0xff, 0xff, 0xff, 0xff, 0xff, 0xff, 0xff, 0xff,
    0xff, 0xff, 0xff, 0xff, 0xff, 0xff, 0xff, 0xff, 0xff, 0xff, 0xff, 0xff,
    0xff, 0xff, 0xff, 0xff, 0xff, 0xff, 0xff, 0xff, 0xff, 0xff, 0xff, 0xff,
    0xff, 0xff, 0xff, 0xff, 0xff, 0xff, 0xff, 0xff, 0xff, 0xff, 0xff, 0xff,
    0xff, 0xff, 0xff, 0xff, 0xff, 0xff, 0xff, 0xff, 0xff, 0xff, 0xff, 0xff,
    0xff, 0xff, 0xff, 0xff, 0xff, 0xff, 0xff, 0xff, 0xff, 0xff, 0xff, 0xff,
    0xff, 0xff, 0xff, 0xff, 0xff, 0xff, 0xff, 0xff, 0xff, 0xff, 0xff, 0xff,
    0xff, 0xff, 0xff, 0xff, 0xff, 0xff, 0xff, 0xff, 0xff, 0xff, 0xff, 0xff,
    0xff, 0xff, 0xff, 0xff, 0xff, 0xff, 0xff, 0xff, 0xff, 0xff, 0xff, 0xff,
    0xe2, 0xe5, 0xe4, 0xff, 0x59, 0x35, 0x39, 0xff, 0x8a, 0x1f, 0x22, 0xff,
    0xce, 0xa2, 0xa1, 0xff, 0xf4, 0xea, 0xea, 0xff, 0xdb, 0xb9, 0xb9, 0xff,
    0xbd, 0x82, 0x82, 0xff, 0xd5, 0xb0, 0xb0, 0xff, 0x8b, 0x20, 0x20, 0xff,
    0x89, 0x1a, 0x1a, 0xff, 0x95, 0x39, 0x39, 0xff, 0xc7, 0x9b, 0x9b, 0xff,
    0xbd, 0x7e, 0x7e, 0xff, 0xcb, 0x9c, 0x9c, 0xff, 0xb8, 0x78, 0x78, 0xff,
    0x93, 0x2e, 0x2e, 0xff, 0x82, 0x0a, 0x0a, 0xff, 0x89, 0x14, 0x14, 0xff,
    0x90, 0x2b, 0x2b, 0xff, 0x80, 0x08, 0x08, 0xff, 0x80, 0x03, 0x03, 0xff,
    0x82, 0x02, 0x01, 0xff, 0x67, 0x08, 0x4a, 0xff, 0x0f, 0x04, 0xe8, 0xff,
    0x04, 0x00, 0xf0, 0xff, 0x56, 0x02, 0x5d, 0xff, 0x83, 0x03, 0x02, 0xff,
    0x80, 0x02, 0x00, 0xff, 0x89, 0x14, 0x13, 0xff, 0x99, 0x38, 0x34, 0xff,
    0x72, 0x07, 0x29, 0xff, 0x17, 0x00, 0xd9, 0xff, 0x00, 0x00, 0xfe, 0xff,
    0x00, 0x00, 0xfe, 0xff, 0x00, 0x00, 0xfe, 0xff, 0x00, 0x00, 0xff, 0xff,
    0x16, 0x01, 0xde, 0xff, 0x70, 0x08, 0x3c, 0xff, 0x83, 0x05, 0x05, 0xff,
    0x82, 0x09, 0x09, 0xff, 0x99, 0x3c, 0x3c, 0xff, 0x84, 0x10, 0x10, 0xff,
    0x80, 0x01, 0x01, 0xff, 0x82, 0x07, 0x07, 0xff, 0x81, 0x05, 0x05, 0xff,
    0x80, 0x01, 0x01, 0xff, 0x84, 0x07, 0x07, 0xff, 0x67, 0x07, 0x42, 0xff,
    0x0a, 0x00, 0xf0, 0xff, 0x00, 0x00, 0xfe, 0xff, 0x00, 0x00, 0xfe, 0xff,
    0x00, 0x00, 0xfd, 0xff, 0x00, 0x00, 0xfe, 0xff, 0x01, 0x00, 0xfd, 0xff,
    0x0a, 0x00, 0xeb, 0xff, 0x10, 0x07, 0xea, 0xff, 0x0d, 0x06, 0xec, 0xff,
    0x07, 0x01, 0xf4, 0xff, 0x01, 0x03, 0xfc, 0xff, 0x04, 0x00, 0xf4, 0xff,
    0x13, 0x00, 0xe5, 0xff, 0x20, 0x00, 0xc9, 0xff, 0x3c, 0x12, 0xa5, 0xff,
    0x62, 0x0a, 0x5c, 0xff, 0x7a, 0x02, 0x14, 0xff, 0x8a, 0x1d, 0x1b, 0xff,
    0xe5, 0xcf, 0xcf, 0xff, 0xfc, 0xfd, 0xfd, 0xff, 0xfa, 0xfa, 0xfa, 0xff,
    0xfa, 0xfa, 0xfa, 0xff, 0xfa, 0xfa, 0xfa, 0xff, 0xfb, 0xfb, 0xfb, 0xff,
    0xeb, 0xeb, 0xfb, 0xff, 0x32, 0x32, 0xfd, 0xff, 0x00, 0x00, 0xfe, 0xff,
    0x00, 0x00, 0xfe, 0xff, 0x00, 0x00, 0xfe, 0xff, 0x00, 0x00, 0xfd, 0xff,
    0x04, 0x04, 0xfe, 0xff, 0x24, 0x25, 0xfd, 0xff, 0x2c, 0x2b, 0xfb, 0xff,
    0x12, 0x0d, 0xfa, 0xff, 0x02, 0x00, 0xfc, 0xff, 0x00, 0x02, 0xff, 0xff,
    0x00, 0x00, 0xff, 0xff, 0x00, 0x00, 0xfe, 0xff, 0x0b, 0x00, 0xe8, 0xff,
    0x59, 0x00, 0x4d, 0xff, 0x81, 0x02, 0x09, 0xff, 0x83, 0x07, 0x04, 0xff,
    0x81, 0x02, 0x01, 0xff, 0x81, 0x04, 0x04, 0xff, 0x82, 0x09, 0x09, 0xff,
    0x80, 0x01, 0x01, 0xff, 0x80, 0x03, 0x03, 0xff, 0x91, 0x28, 0x28, 0xff,
    0x90, 0x26, 0x26, 0xff, 0x80, 0x04, 0x04, 0xff, 0x81, 0x0a, 0x0a, 0xff,
    0xb4, 0x6e, 0x6e, 0xff, 0xfa, 0xf7, 0xf6, 0xff, 0xfb, 0xfb, 0xfb, 0xff,
    0xc5, 0xc5, 0xfb, 0xff, 0x57, 0x57, 0xfb, 0xff, 0x1d, 0x1d, 0xfd, 0xff,
    0x00, 0x00, 0xfe, 0xff, 0x00, 0x00, 0xfe, 0xff, 0x00, 0x00, 0xfe, 0xff,
    0x00, 0x00, 0xfd, 0xff, 0x00, 0x00, 0xfe, 0xff, 0x00, 0x00, 0xfe, 0xff,
    0x00, 0x00, 0xfe, 0xff, 0x00, 0x00, 0xfe, 0xff, 0x00, 0x00, 0xfd, 0xff,
    0x00, 0x00, 0xfe, 0xff, 0x00, 0x00, 0xff, 0xff, 0x10, 0x06, 0xeb, 0xff,
    0x5f, 0x16, 0x68, 0xff, 0x96, 0x2e, 0x2d, 0xff, 0x82, 0x08, 0x08, 0xff,
    0x80, 0x03, 0x03, 0xff, 0x80, 0x01, 0x01, 0xff, 0x82, 0x09, 0x09, 0xff,
    0x81, 0x06, 0x06, 0xff, 0x80, 0x01, 0x01, 0xff, 0x82, 0x08, 0x08, 0xff,
    0x81, 0x05, 0x05, 0xff, 0x80, 0x01, 0x01, 0xff, 0x83, 0x0b, 0x0b, 0xff,
    0x8a, 0x17, 0x17, 0xff, 0x80, 0x04, 0x04, 0xff, 0x81, 0x08, 0x08, 0xff,
    0x80, 0x07, 0x07, 0xff, 0xbb, 0x7a, 0x7a, 0xff, 0xc4, 0xc1, 0xc1, 0xff,
    0x99, 0x99, 0x99, 0xff, 0xff, 0xff, 0xff, 0xff, 0xff, 0xff, 0xff, 0xff,
    0xff, 0xff, 0xff, 0xff, 0xff, 0xff, 0xff, 0xff, 0xff, 0xff, 0xff, 0xff,
    0xff, 0xff, 0xff, 0xff, 0xff, 0xff, 0xff, 0xff, 0xff, 0xff, 0xff, 0xff,
    0xbe, 0xbe, 0xbe, 0xff, 0x18, 0x18, 0x18, 0xff, 0x00, 0x00, 0x00, 0xff,
    0x00, 0x00, 0x00, 0xff, 0x00, 0x00, 0x00, 0xff, 0x00, 0x00, 0x00, 0xff,
    0x00, 0x00, 0x00, 0xff, 0x00, 0x00, 0x00, 0xff, 0x37, 0x37, 0x37, 0xff,
    0xeb, 0xeb, 0xeb, 0xff, 0xff, 0xff, 0xff, 0xff, 0xff, 0xff, 0xff, 0xff,
    0xff, 0xff, 0xff, 0xff, 0xff, 0xff, 0xff, 0xff, 0xff, 0xff, 0xff, 0xff,
    0xff, 0xff, 0xff, 0xff, 0xff, 0xff, 0xff, 0xff, 0xff, 0xff, 0xff, 0xff,
    0xff, 0xff, 0xff, 0xff, 0xff, 0xff, 0xff, 0xff, 0xff, 0xff, 0xff, 0xff,
    0xff, 0xff, 0xff, 0xff, 0xff, 0xff, 0xff, 0xff, 0xf1, 0xf1, 0xf1, 0xff,
    0x53, 0x53, 0x53, 0xff, 0x00, 0x00, 0x00, 0xff, 0x00, 0x00, 0x00, 0xff,
    0x00, 0x00, 0x00, 0xff, 0x00, 0x00, 0x00, 0xff, 0x00, 0x00, 0x00, 0xff,
    0x09, 0x09, 0x09, 0xff, 0xb6, 0xb6, 0xb6, 0xff, 0xff, 0xff, 0xff, 0xff,
    0xff, 0xff, 0xff, 0xff, 0xff, 0xff, 0xff, 0xff, 0xff, 0xff, 0xff, 0xff,
    0xff, 0xff, 0xff, 0xff, 0xff, 0xff, 0xff, 0xff, 0xff, 0xff, 0xff, 0xff,
    0xff, 0xff, 0xff, 0xff, 0xff, 0xff, 0xff, 0xff, 0xff, 0xff, 0xff, 0xff,
    0xb3, 0xb3, 0xb3, 0xff, 0x01, 0x01, 0x01, 0xff, 0x00, 0x00, 0x00, 0xff,
    0x00, 0x00, 0x00, 0xff, 0x00, 0x00, 0x00, 0xff, 0x00, 0x00, 0x00, 0xff,
    0x00, 0x00, 0x00, 0xff, 0x4d, 0x4d, 0x4d, 0xff, 0xf6, 0xf6, 0xf6, 0xff,
    0xff, 0xff, 0xff, 0xff, 0xff, 0xff, 0xff, 0xff, 0xff, 0xff, 0xff, 0xff,
    0x9a, 0x9a, 0x9a, 0xff, 0x07, 0x07, 0x07, 0xff, 0x00, 0x00, 0x00, 0xff,
    0x00, 0x00, 0x00, 0xff, 0x00, 0x00, 0x00, 0xff, 0x00, 0x00, 0x00, 0xff,
    0x00, 0x00, 0x00, 0xff, 0x00, 0x00, 0x00, 0xff, 0x00, 0x00, 0x00, 0xff,
    0x00, 0x00, 0x00, 0xff, 0x00, 0x00, 0x00, 0xff, 0x00, 0x00, 0x00, 0xff,
    0x00, 0x00, 0x00, 0xff, 0x00, 0x00, 0x00, 0xff, 0x00, 0x00, 0x00, 0xff,
    0x00, 0x00, 0x00, 0xff, 0x00, 0x00, 0x00, 0xff, 0x00, 0x00, 0x00, 0xff,
    0x00, 0x00, 0x00, 0xff, 0x00, 0x00, 0x00, 0xff, 0x00, 0x00, 0x00, 0xff,
    0x11, 0x11, 0x11, 0xff, 0x95, 0x95, 0x95, 0xff, 0xe1, 0xe1, 0xe1, 0xff,
    0xfe, 0xfe, 0xfe, 0xff, 0xff, 0xff, 0xff, 0xff, 0xff, 0xff, 0xff, 0xff,
    0xff, 0xff, 0xff, 0xff, 0xff, 0xff, 0xff, 0xff, 0xff, 0xff, 0xff, 0xff,
    0xff, 0xff, 0xff, 0xff, 0xff, 0xff, 0xff, 0xff, 0xff, 0xff, 0xff, 0xff,
    0xff, 0xff, 0xff, 0xff, 0xee, 0xee, 0xee, 0xff, 0x99, 0x99, 0x99, 0xff,
    0x3e, 0x3e, 0x3e, 0xff, 0x0c, 0x0c, 0x0c, 0xff, 0x00, 0x00, 0x00, 0xff,
    0x00, 0x00, 0x00, 0xff, 0x00, 0x00, 0x00, 0xff, 0x00, 0x00, 0x00, 0xff,
    0x00, 0x00, 0x00, 0xff, 0x00, 0x00, 0x00, 0xff, 0x00, 0x00, 0x00, 0xff,
    0x00, 0x00, 0x00, 0xff, 0x00, 0x00, 0x00, 0xff, 0x00, 0x00, 0x00, 0xff,
    0x00, 0x00, 0x00, 0xff, 0x00, 0x00, 0x00, 0xff, 0x00, 0x00, 0x00, 0xff,
    0x00, 0x00, 0x00, 0xff, 0x00, 0x00, 0x00, 0xff, 0x43, 0x43, 0x43, 0xff,
    0xf9, 0xf9, 0xf9, 0xff, 0xff, 0xff, 0xff, 0xff, 0xff, 0xff, 0xff, 0xff,
    0xff, 0xff, 0xff, 0xff, 0xff, 0xff, 0xff, 0xff, 0xff, 0xff, 0xff, 0xff,
    0xff, 0xff, 0xff, 0xff, 0xff, 0xff, 0xff, 0xff, 0xff, 0xff, 0xff, 0xff,
    0xff, 0xff, 0xff, 0xff, 0xff, 0xff, 0xff, 0xff, 0xff, 0xff, 0xff, 0xff,
    0xff, 0xff, 0xff, 0xff, 0xff, 0xff, 0xff, 0xff, 0xff, 0xff, 0xff, 0xff,
    0xff, 0xff, 0xff, 0xff, 0xff, 0xff, 0xff, 0xff, 0xff, 0xff, 0xff, 0xff,
    0xff, 0xff, 0xff, 0xff, 0xff, 0xff, 0xff, 0xff, 0xff, 0xff, 0xff, 0xff,
    0xff, 0xff, 0xff, 0xff, 0xff, 0xff, 0xff, 0xff, 0xff, 0xff, 0xff, 0xff,
    0xff, 0xff, 0xff, 0xff, 0xff, 0xff, 0xff, 0xff, 0xff, 0xff, 0xff, 0xff,
    0xff, 0xff, 0xff, 0xff, 0xee, 0xf0, 0xf0, 0xff, 0x7c, 0x5e, 0x62, 0xff,
    0x7c, 0x12, 0x15, 0xff, 0x8a, 0x1d, 0x1d, 0xff, 0x9d, 0x42, 0x42, 0xff,
    0x9d, 0x42, 0x42, 0xff, 0xa1, 0x43, 0x43, 0xff, 0xc2, 0x8c, 0x8c, 0xff,
    0x8b, 0x1c, 0x1c, 0xff, 0x8f, 0x25, 0x25, 0xff, 0x91, 0x25, 0x25, 0xff,
    0x99, 0x38, 0x38, 0xff, 0xc5, 0x90, 0x90, 0xff, 0xee, 0xe0, 0xe0, 0xff,
    0xfa, 0xf8, 0xf8, 0xff, 0xe9, 0xd5, 0xd5, 0xff, 0xa9, 0x5a, 0x5a, 0xff,
    0x87, 0x13, 0x13, 0xff, 0x9d, 0x44, 0x44, 0xff, 0x89, 0x1a, 0x1a, 0xff,
    0x81, 0x03, 0x03, 0xff, 0x76, 0x00, 0x18, 0xff, 0x28, 0x00, 0xb2, 0xff,
    0x00, 0x00, 0xfe, 0xff, 0x2d, 0x00, 0xaa, 0xff, 0x76, 0x00, 0x1b, 0xff,
    0x7c, 0x00, 0x12, 0xff, 0x7b, 0x00, 0x13, 0xff, 0x7d, 0x03, 0x16, 0xff,
    0x82, 0x0f, 0x21, 0xff, 0x73, 0x02, 0x2c, 0xff, 0x23, 0x00, 0xc6, 0xff,
    0x00, 0x00, 0xff, 0xff, 0x00, 0x00, 0xfe, 0xff, 0x00, 0x00, 0xfe, 0xff,
    0x00, 0x00, 0xfe, 0xff, 0x0a, 0x00, 0xed, 0xff, 0x5d, 0x00, 0x46, 0xff,
    0x81, 0x00, 0x00, 0xff, 0x80, 0x02, 0x02, 0xff, 0x86, 0x0f, 0x0f, 0xff,
    0x80, 0x02, 0x02, 0xff, 0x7f, 0x00, 0x00, 0xff, 0x7f, 0x00, 0x00, 0xff,
    0x7f, 0x00, 0x00, 0xff, 0x7f, 0x00, 0x00, 0xff, 0x82, 0x00, 0x00, 0xff,
    0x51, 0x00, 0x65, 0xff, 0x00, 0x00, 0xfc, 0xff, 0x00, 0x00, 0xfe, 0xff,
    0x00, 0x00, 0xfe, 0xff, 0x00, 0x00, 0xfe, 0xff, 0x00, 0x00, 0xfe, 0xff,
    0x1b, 0x00, 0xc7, 0xff, 0x47, 0x00, 0x7a, 0xff, 0x4a, 0x00, 0x78, 0xff,
    0x49, 0x00, 0x78, 0xff, 0x4a, 0x00, 0x78, 0xff, 0x4b, 0x00, 0x67, 0xff,
    0x57, 0x00, 0x48, 0xff, 0x69, 0x00, 0x3a, 0xff, 0x78, 0x02, 0x21, 0xff,
    0x96, 0x33, 0x34, 0xff, 0x8c, 0x1c, 0x1a, 0xff, 0x7e, 0x00, 0x00, 0xff,
    0x88, 0x17, 0x17, 0xff, 0xe4, 0xce, 0xce, 0xff, 0xfc, 0xfd, 0xfd, 0xff,
    0xfa, 0xfa, 0xfa, 0xff, 0xfa, 0xf9, 0xf9, 0xff, 0xf9, 0xf8, 0xf8, 0xff,
    0xfd, 0xfd, 0xfb, 0xff, 0xcc, 0xcc, 0xfc, 0xff, 0x19, 0x19, 0xfd, 0xff,
    0x00, 0x00, 0xfe, 0xff, 0x00, 0x00, 0xfe, 0xff, 0x00, 0x00, 0xfe, 0xff,
    0x00, 0x00, 0xfe, 0xff, 0x1b, 0x1b, 0xfd, 0xff, 0xb7, 0xb7, 0xfc, 0xff,
    0xd0, 0xd0, 0xfa, 0xff, 0x6b, 0x6c, 0xfa, 0xff, 0x02, 0x02, 0xfe, 0xff,
    0x00, 0x00, 0xfe, 0xff, 0x00, 0x00, 0xfe, 0xff, 0x00, 0x00, 0xfe, 0xff,
    0x00, 0x00, 0xfc, 0xff, 0x35, 0x00, 0x99, 0xff, 0x7e, 0x00, 0x0b, 0xff,
    0x80, 0x00, 0x00, 0xff, 0x7f, 0x00, 0x00, 0xff, 0x7f, 0x00, 0x00, 0xff,
    0x7f, 0x00, 0x00, 0xff, 0x7f, 0x00, 0x00, 0xff, 0x7f, 0x00, 0x00, 0xff,
    0x84, 0x0a, 0x0a, 0xff, 0x84, 0x09, 0x09, 0xff, 0x7f, 0x00, 0x00, 0xff,
    0x7e, 0x00, 0x00, 0xff, 0x87, 0x13, 0x13, 0xff, 0xd4, 0xad, 0xad, 0xff,
    0xfd, 0xfe, 0xfe, 0xff, 0xfd, 0xfd, 0xfa, 0xff, 0xf1, 0xf1, 0xf9, 0xff,
    0xc4, 0xc4, 0xfc, 0xff, 0x7c, 0x7c, 0xfc, 0xff, 0x30, 0x2f, 0xfb, 0xff,
    0x0d, 0x0a, 0xf9, 0xff, 0x00, 0x00, 0xfe, 0xff, 0x00, 0x00, 0xfe, 0xff,
    0x00, 0x00, 0xfe, 0xff, 0x00, 0x00, 0xfe, 0xff, 0x00, 0x00, 0xfe, 0xff,
    0x00, 0x00, 0xfe, 0xff, 0x00, 0x00, 0xfe, 0xff, 0x00, 0x00, 0xfd, 0xff,
    0x00, 0x00, 0xff, 0xff, 0x20, 0x0b, 0xce, 0xff, 0x7c, 0x17, 0x27, 0xff,
    0x80, 0x00, 0x00, 0xff, 0x7f, 0x00, 0x00, 0xff, 0x7f, 0x00, 0x00, 0xff,
    0x7f, 0x00, 0x00, 0xff, 0x7f, 0x00, 0x00, 0xff, 0x7f, 0x00, 0x00, 0xff,
    0x7f, 0x00, 0x00, 0xff, 0x7f, 0x00, 0x00, 0xff, 0x7f, 0x00, 0x00, 0xff,
    0x84, 0x0f, 0x0f, 0xff, 0x9e, 0x49, 0x49, 0xff, 0x81, 0x08, 0x08, 0xff,
    0x7f, 0x00, 0x00, 0xff, 0x7e, 0x00, 0x00, 0xff, 0x8f, 0x1f, 0x1f, 0xff,
    0xa8, 0x83, 0x83, 0xff, 0xb1, 0xb1, 0xb1, 0xff, 0xff, 0xff, 0xff, 0xff,
    0xff, 0xff, 0xff, 0xff, 0xff, 0xff, 0xff, 0xff, 0xff, 0xff, 0xff, 0xff,
    0xff, 0xff, 0xff, 0xff, 0xff, 0xff, 0xff, 0xff, 0xff, 0xff, 0xff, 0xff,
    0xff, 0xff, 0xff, 0xff, 0xbe, 0xbe, 0xbe, 0xff, 0x18, 0x18, 0x18, 0xff,
    0x00, 0x00, 0x00, 0xff, 0x00, 0x00, 0x00, 0xff, 0x00, 0x00, 0x00, 0xff,
    0x00, 0x00, 0x00, 0xff, 0x00, 0x00, 0x00, 0xff, 0x00, 0x00, 0x00, 0xff,
    0x37, 0x37, 0x37, 0xff, 0xeb, 0xeb, 0xeb, 0xff, 0xff, 0xff, 0xff, 0xff,
    0xff, 0xff, 0xff, 0xff, 0xff, 0xff, 0xff, 0xff, 0xff, 0xff, 0xff, 0xff,
    0xff, 0xff, 0xff, 0xff, 0xff, 0xff, 0xff, 0xff, 0xff, 0xff, 0xff, 0xff,
    0xff, 0xff, 0xff, 0xff, 0xff, 0xff, 0xff, 0xff, 0xff, 0xff, 0xff, 0xff,
    0xff, 0xff, 0xff, 0xff, 0xff, 0xff, 0xff, 0xff, 0xff, 0xff, 0xff, 0xff,
    0xef, 0xef, 0xef, 0xff, 0x4c, 0x4c, 0x4c, 0xff, 0x00, 0x00, 0x00, 0xff,
    0x00, 0x00, 0x00, 0xff, 0x00, 0x00, 0x00, 0xff, 0x00, 0x00, 0x00, 0xff,
    0x00, 0x00, 0x00, 0xff, 0x0a, 0x0a, 0x0a, 0xff, 0xbd, 0xbd, 0xbd, 0xff,
    0xff, 0xff, 0xff, 0xff, 0xff, 0xff, 0xff, 0xff, 0xff, 0xff, 0xff, 0xff,
    0xff, 0xff, 0xff, 0xff, 0xff, 0xff, 0xff, 0xff, 0xff, 0xff, 0xff, 0xff,
    0xff, 0xff, 0xff, 0xff, 0xff, 0xff, 0xff, 0xff, 0xff, 0xff, 0xff, 0xff,
    0xff, 0xff, 0xff, 0xff, 0xb8, 0xb8, 0xb8, 0xff, 0x01, 0x01, 0x01, 0xff,
    0x00, 0x00, 0x00, 0xff, 0x00, 0x00, 0x00, 0xff, 0x00, 0x00, 0x00, 0xff,
    0x00, 0x00, 0x00, 0xff, 0x00, 0x00, 0x00, 0xff, 0x4c, 0x4c, 0x4c, 0xff,
    0xf6, 0xf6, 0xf6, 0xff, 0xff, 0xff, 0xff, 0xff, 0xff, 0xff, 0xff, 0xff,
    0xff, 0xff, 0xff, 0xff, 0x9a, 0x9a, 0x9a, 0xff, 0x07, 0x07, 0x07, 0xff,
    0x00, 0x00, 0x00, 0xff, 0x00, 0x00, 0x00, 0xff, 0x00, 0x00, 0x00, 0xff,
    0x00, 0x00, 0x00, 0xff, 0x00, 0x00, 0x00, 0xff, 0x00, 0x00, 0x00, 0xff,
    0x23, 0x23, 0x23, 0xff, 0x4f, 0x4f, 0x4f, 0xff, 0x4e, 0x4e, 0x4e, 0xff,
    0x4e, 0x4e, 0x4e, 0xff, 0x50, 0x50, 0x50, 0xff, 0x41, 0x42, 0x42, 0xff,
    0x07, 0x08, 0x08, 0xff, 0x00, 0x00, 0x00, 0xff, 0x00, 0x00, 0x00, 0xff,
    0x00, 0x00, 0x00, 0xff, 0x00, 0x00, 0x00, 0xff, 0x00, 0x00, 0x00, 0xff,
    0x00, 0x00, 0x00, 0xff, 0x07, 0x07, 0x07, 0xff, 0x88, 0x88, 0x88, 0xff,
    0xfc, 0xfc, 0xfc, 0xff, 0xff, 0xff, 0xff, 0xff, 0xff, 0xff, 0xff, 0xff,
    0xff, 0xff, 0xff, 0xff, 0xff, 0xff, 0xff, 0xff, 0xff, 0xff, 0xff, 0xff,
    0xff, 0xff, 0xff, 0xff, 0xff, 0xff, 0xff, 0xff, 0xff, 0xff, 0xff, 0xff,
    0xff, 0xff, 0xff, 0xff, 0xe0, 0xe0, 0xe0, 0xff, 0x5a, 0x5a, 0x5a, 0xff,
    0x07, 0x07, 0x07, 0xff, 0x00, 0x00, 0x00, 0xff, 0x00, 0x00, 0x00, 0xff,
    0x00, 0x00, 0x00, 0xff, 0x00, 0x00, 0x00, 0xff, 0x00, 0x00, 0x00, 0xff,
    0x00, 0x00, 0x00, 0xff, 0x00, 0x00, 0x00, 0xff, 0x00, 0x00, 0x00, 0xff,
    0x03, 0x03, 0x03, 0xff, 0x24, 0x24, 0x24, 0xff, 0x3d, 0x3c, 0x3c, 0xff,
    0x0d, 0x0d, 0x0d, 0xff, 0x00, 0x00, 0x00, 0xff, 0x00, 0x00, 0x00, 0xff,
    0x00, 0x00, 0x00, 0xff, 0x00, 0x00, 0x00, 0xff, 0x00, 0x00, 0x00, 0xff,
    0x43, 0x43, 0x43, 0xff, 0xf9, 0xf9, 0xf9, 0xff, 0xff, 0xff, 0xff, 0xff,
    0xff, 0xff, 0xff, 0xff, 0xff, 0xff, 0xff, 0xff, 0xff, 0xff, 0xff, 0xff,
    0xff, 0xff, 0xff, 0xff, 0xff, 0xff, 0xff, 0xff, 0xff, 0xff, 0xff, 0xff,
    0xff, 0xff, 0xff, 0xff, 0xff, 0xff, 0xff, 0xff, 0xff, 0xff, 0xff, 0xff,
    0xff, 0xff, 0xff, 0xff, 0xff, 0xff, 0xff, 0xff, 0xff, 0xff, 0xff, 0xff,
    0xff, 0xff, 0xff, 0xff, 0xff, 0xff, 0xff, 0xff, 0xff, 0xff, 0xff, 0xff,
    0xff, 0xff, 0xff, 0xff, 0xff, 0xff, 0xff, 0xff, 0xff, 0xff, 0xff, 0xff,
    0xff, 0xff, 0xff, 0xff, 0xff, 0xff, 0xff, 0xff, 0xff, 0xff, 0xff, 0xff,
    0xff, 0xff, 0xff, 0xff, 0xff, 0xff, 0xff, 0xff, 0xff, 0xff, 0xff, 0xff,
    0xff, 0xff, 0xff, 0xff, 0xff, 0xff, 0xff, 0xff, 0xf6, 0xf7, 0xf7, 0xff,
    0x99, 0x8e, 0x8e, 0xff, 0xa7, 0x74, 0x74, 0xff, 0xb0, 0x64, 0x64, 0xff,
    0x9e, 0x42, 0x42, 0xff, 0x7f, 0x06, 0x06, 0xff, 0x85, 0x0c, 0x0c, 0xff,
    0x8b, 0x1f, 0x1f, 0xff, 0x7f, 0x02, 0x02, 0xff, 0x7f, 0x02, 0x02, 0xff,
    0x7f, 0x00, 0x00, 0xff, 0x7f, 0x01, 0x01, 0xff, 0x83, 0x0e, 0x0e, 0xff,
    0x9f, 0x44, 0x44, 0xff, 0xf2, 0xe7, 0xe7, 0xff, 0xfe, 0xff, 0xff, 0xff,
    0xee, 0xe1, 0xe1, 0xff, 0xb4, 0x6f, 0x6f, 0xff, 0xa8, 0x54, 0x54, 0xff,
    0x8c, 0x1d, 0x1d, 0xff, 0x8c, 0x1c, 0x1d, 0xff, 0x47, 0x01, 0x78, 0xff,
    0x01, 0x00, 0xf9, 0xff, 0x00, 0x00, 0xfe, 0xff, 0x1a, 0x00, 0xda, 0xff,
    0x29, 0x00, 0xc6, 0xff, 0x28, 0x00, 0xc7, 0xff, 0x28, 0x00, 0xc7, 0xff,
    0x28, 0x00, 0xc7, 0xff, 0x27, 0x00, 0xc6, 0xff, 0x25, 0x00, 0xc9, 0xff,
    0x0b, 0x00, 0xea, 0xff, 0x00, 0x00, 0xfe, 0xff, 0x00, 0x00, 0xfd, 0xff,
    0x00, 0x00, 0xfe, 0xff, 0x00, 0x00, 0xfe, 0xff, 0x00, 0x00, 0xfc, 0xff,
    0x4b, 0x00, 0x64, 0xff, 0x81, 0x00, 0x00, 0xff, 0x81, 0x05, 0x05, 0xff,
    0x91, 0x2a, 0x2a, 0xff, 0x84, 0x0c, 0x0c, 0xff, 0x7f, 0x00, 0x00, 0xff,
    0x80, 0x00, 0x00, 0xff, 0x80, 0x00, 0x00, 0xff, 0x80, 0x00, 0x00, 0xff,
    0x7f, 0x00, 0x04, 0xff, 0x3a, 0x00, 0x9a, 0xff, 0x00, 0x00, 0xff, 0xff,
    0x00, 0x00, 0xfd, 0xff, 0x00, 0x00, 0xfe, 0xff, 0x00, 0x00, 0xfe, 0xff,
    0x02, 0x00, 0xfc, 0xff, 0x43, 0x00, 0x7f, 0xff, 0x81, 0x00, 0x00, 0xff,
    0x81, 0x00, 0x00, 0xff, 0x81, 0x00, 0x00, 0xff, 0x81, 0x00, 0x00, 0xff,
    0x81, 0x00, 0x00, 0xff, 0x82, 0x00, 0x00, 0xff, 0x81, 0x00, 0x00, 0xff,
    0x81, 0x01, 0x00, 0xff, 0x86, 0x12, 0x12, 0xff, 0x82, 0x09, 0x09, 0xff,
    0x7f, 0x00, 0x00, 0xff, 0x86, 0x12, 0x12, 0xff, 0xdb, 0xbb, 0xbb, 0xff,
    0xfc, 0xfe, 0xfe, 0xff, 0xfb, 0xfb, 0xfb, 0xff, 0xfa, 0xfa, 0xfa, 0xff,
    0xfa, 0xfa, 0xfa, 0xff, 0xfd, 0xfd, 0xfa, 0xff, 0xa7, 0xa7, 0xfb, 0xff,
    0x0d, 0x0d, 0xfe, 0xff, 0x00, 0x00, 0xfe, 0xff, 0x00, 0x00, 0xfe, 0xff,
    0x00, 0x00, 0xfe, 0xff, 0x00, 0x00, 0xfe, 0xff, 0x4f, 0x50, 0xfc, 0xff,
    0xf3, 0xf3, 0xf9, 0xff, 0xff, 0xff, 0xfa, 0xff, 0xdb, 0xdb, 0xfa, 0xff,
    0x34, 0x35, 0xfd, 0xff, 0x00, 0x00, 0xfe, 0xff, 0x00, 0x00, 0xfd, 0xff,
    0x00, 0x00, 0xfd, 0xff, 0x00, 0x00, 0xfe, 0xff, 0x08, 0x00, 0xee, 0xff,
    0x5b, 0x00, 0x4d, 0xff, 0x81, 0x00, 0x00, 0xff, 0x7f, 0x00, 0x00, 0xff,
    0x80, 0x00, 0x00, 0xff, 0x80, 0x00, 0x00, 0xff, 0x80, 0x00, 0x00, 0xff,
    0x7f, 0x00, 0x00, 0xff, 0x8b, 0x1f, 0x1f, 0xff, 0x8b, 0x1a, 0x1a, 0xff,
    0x7f, 0x00, 0x00, 0xff, 0x80, 0x00, 0x00, 0xff, 0x7c, 0x00, 0x00, 0xff,
    0xb3, 0x6e, 0x6e, 0xff, 0xfa, 0xf8, 0xf8, 0xff, 0xfb, 0xfb, 0xfb, 0xff,
    0xfc, 0xfc, 0xfb, 0xff, 0xfe, 0xfe, 0xfa, 0xff, 0xfa, 0xfa, 0xfb, 0xff,
    0xe2, 0xdc, 0xef, 0xff, 0xa9, 0x9c, 0xe2, 0xff, 0x6c, 0x6c, 0xfb, 0xff,
    0x2d, 0x2d, 0xfd, 0xff, 0x03, 0x04, 0xfe, 0xff, 0x00, 0x00, 0xff, 0xff,
    0x00, 0x00, 0xfe, 0xff, 0x00, 0x00, 0xfd, 0xff, 0x00, 0x00, 0xfe, 0xff,
    0x00, 0x00, 0xfe, 0xff, 0x00, 0x00, 0xfe, 0xff, 0x07, 0x00, 0xf0, 0xff,
    0x5a, 0x00, 0x54, 0xff, 0x82, 0x00, 0x00, 0xff, 0x7f, 0x00, 0x00, 0xff,
    0x80, 0x00, 0x00, 0xff, 0x80, 0x00, 0x00, 0xff, 0x80, 0x00, 0x00, 0xff,
    0x80, 0x00, 0x00, 0xff, 0x80, 0x00, 0x00, 0xff, 0x80, 0x00, 0x00, 0xff,
    0x7f, 0x00, 0x00, 0xff, 0x80, 0x06, 0x06, 0xff, 0x88, 0x1c, 0x1c, 0xff,
    0x80, 0x02, 0x02, 0xff, 0x7f, 0x00, 0x00, 0xff, 0x80, 0x00, 0x00, 0xff,
    0x7e, 0x00, 0x00, 0xff, 0x69, 0x24, 0x24, 0xff, 0xc8, 0xc8, 0xc8, 0xff,
    0xff, 0xff, 0xff, 0xff, 0xff, 0xff, 0xff, 0xff, 0xff, 0xff, 0xff, 0xff,
    0xff, 0xff, 0xff, 0xff, 0xff, 0xff, 0xff, 0xff, 0xff, 0xff, 0xff, 0xff,
    0xff, 0xff, 0xff, 0xff, 0xff, 0xff, 0xff, 0xff, 0xbe, 0xbe, 0xbe, 0xff,
    0x18, 0x18, 0x18, 0xff, 0x00, 0x00, 0x00, 0xff, 0x00, 0x00, 0x00, 0xff,
    0x00, 0x00, 0x00, 0xff, 0x00, 0x00, 0x00, 0xff, 0x00, 0x00, 0x00, 0xff,
    0x00, 0x00, 0x00, 0xff, 0x37, 0x37, 0x37, 0xff, 0xeb, 0xeb, 0xeb, 0xff,
    0xff, 0xff, 0xff, 0xff, 0xff, 0xff, 0xff, 0xff, 0xff, 0xff, 0xff, 0xff,
    0xff, 0xff, 0xff, 0xff, 0xff, 0xff, 0xff, 0xff, 0xff, 0xff, 0xff, 0xff,
    0xff, 0xff, 0xff, 0xff, 0xff, 0xff, 0xff, 0xff, 0xff, 0xff, 0xff, 0xff,
    0xff, 0xff, 0xff, 0xff, 0xff, 0xff, 0xff, 0xff, 0xff, 0xff, 0xff, 0xff,
    0xff, 0xff, 0xff, 0xff, 0xf0, 0xf0, 0xf0, 0xff, 0x51, 0x51, 0x51, 0xff,
    0x00, 0x00, 0x00, 0xff, 0x00, 0x00, 0x00, 0xff, 0x00, 0x00, 0x00, 0xff,
    0x00, 0x00, 0x00, 0xff, 0x00, 0x00, 0x00, 0xff, 0x09, 0x09, 0x09, 0xff,
    0xb6, 0xb6, 0xb6, 0xff, 0xff, 0xff, 0xff, 0xff, 0xff, 0xff, 0xff, 0xff,
    0xff, 0xff, 0xff, 0xff, 0xff, 0xff, 0xff, 0xff, 0xff, 0xff, 0xff, 0xff,
    0xff, 0xff, 0xff, 0xff, 0xff, 0xff, 0xff, 0xff, 0xff, 0xff, 0xff, 0xff,
    0xff, 0xff, 0xff, 0xff, 0xff, 0xff, 0xff, 0xff, 0xae, 0xae, 0xae, 0xff,
    0x01, 0x01, 0x01, 0xff, 0x00, 0x00, 0x00, 0xff, 0x00, 0x00, 0x00, 0xff,
    0x00, 0x00, 0x00, 0xff, 0x00, 0x00, 0x00, 0xff, 0x00, 0x00, 0x00, 0xff,
    0x50, 0x50, 0x50, 0xff, 0xf6, 0xf6, 0xf6, 0xff, 0xff, 0xff, 0xff, 0xff,
    0xff, 0xff, 0xff, 0xff, 0xff, 0xff, 0xff, 0xff, 0x9a, 0x9a, 0x9a, 0xff,
    0x07, 0x07, 0x07, 0xff, 0x00, 0x00, 0x00, 0xff, 0x00, 0x00, 0x00, 0xff,
    0x00, 0x00, 0x00, 0xff, 0x00, 0x00, 0x00, 0xff, 0x00, 0x00, 0x00, 0xff,
    0x00, 0x00, 0x00, 0xff, 0x6a, 0x6a, 0x6a, 0xff, 0xf0, 0xf0, 0xf0, 0xff,
    0xf3, 0xf3, 0xf3, 0xff, 0xf2, 0xf2, 0xf2, 0xff, 0xf3, 0xf3, 0xf3, 0xff,
    0xe4, 0xe4, 0xe4, 0xff, 0x47, 0x47, 0x47, 0xff, 0x00, 0x00, 0x00, 0xff,
    0x00, 0x00, 0x00, 0xff, 0x00, 0x00, 0x00, 0xff, 0x00, 0x00, 0x00, 0xff,
    0x00, 0x00, 0x00, 0xff, 0x00, 0x00, 0x00, 0xff, 0x00, 0x00, 0x00, 0xff,
    0x23, 0x23, 0x23, 0xff, 0xca, 0xca, 0xca, 0xff, 0xff, 0xff, 0xff, 0xff,
    0xff, 0xff, 0xff, 0xff, 0xff, 0xff, 0xff, 0xff, 0xff, 0xff, 0xff, 0xff,
    0xff, 0xff, 0xff, 0xff, 0xff, 0xff, 0xff, 0xff, 0xff, 0xff, 0xff, 0xff,
    0xff, 0xff, 0xff, 0xff, 0xed, 0xed, 0xed, 0xff, 0x5d, 0x5d, 0x5d, 0xff,
    0x02, 0x02, 0x02, 0xff, 0x00, 0x00, 0x00, 0xff, 0x00, 0x00, 0x00, 0xff,
    0x00, 0x00, 0x00, 0xff, 0x00, 0x00, 0x00, 0xff, 0x00, 0x00, 0x00, 0xff,
    0x00, 0x00, 0x00, 0xff, 0x14, 0x14, 0x14, 0xff, 0x2c, 0x2c, 0x2c, 0xff,
    0x68, 0x68, 0x68, 0xff, 0xa3, 0xa4, 0xa4, 0xff, 0xd1, 0xd0, 0xd0, 0xff,
    0xc3, 0xc3, 0xc3, 0xff, 0x24, 0x23, 0x23, 0xff, 0x00, 0x00, 0x00, 0xff,
    0x00, 0x00, 0x00, 0xff, 0x00, 0x00, 0x00, 0xff, 0x00, 0x00, 0x00, 0xff,
    0x00, 0x00, 0x00, 0xff, 0x43, 0x43, 0x43, 0xff, 0xf9, 0xf9, 0xf9, 0xff,
    0xff, 0xff, 0xff, 0xff, 0xff, 0xff, 0xff, 0xff, 0xff, 0xff, 0xff, 0xff,
    0xff, 0xff, 0xff, 0xff, 0xff, 0xff, 0xff, 0xff, 0xff, 0xff, 0xff, 0xff,
    0xff, 0xff, 0xff, 0xff, 0xff, 0xff, 0xff, 0xff, 0xff, 0xff, 0xff, 0xff,
    0xff, 0xff, 0xff, 0xff, 0xff, 0xff, 0xff, 0xff, 0xff, 0xff, 0xff, 0xff,
    0xff, 0xff, 0xff, 0xff, 0xff, 0xff, 0xff, 0xff, 0xff, 0xff, 0xff, 0xff,
    0xff, 0xff, 0xff, 0xff, 0xff, 0xff, 0xff, 0xff, 0xff, 0xff, 0xff, 0xff,
    0xff, 0xff, 0xff, 0xff, 0xff, 0xff, 0xff, 0xff, 0xff, 0xff, 0xff, 0xff,
    0xff, 0xff, 0xff, 0xff, 0xff, 0xff, 0xff, 0xff, 0xff, 0xff, 0xff, 0xff,
    0xff, 0xff, 0xff, 0xff, 0xff, 0xff, 0xff, 0xff, 0xff, 0xff, 0xff, 0xff,
    0xfc, 0xfc, 0xfd, 0xff, 0xa2, 0x9a, 0x9a, 0xff, 0x81, 0x38, 0x38, 0xff,
    0xa8, 0x55, 0x55, 0xff, 0xb2, 0x6c, 0x6c, 0xff, 0x9e, 0x43, 0x43, 0xff,
    0xa2, 0x4a, 0x4a, 0xff, 0xaa, 0x58, 0x58, 0xff, 0x96, 0x32, 0x32, 0xff,
    0xa4, 0x51, 0x51, 0xff, 0x85, 0x0a, 0x0a, 0xff, 0x7f, 0x00, 0x00, 0xff,
    0x7f, 0x00, 0x00, 0xff, 0x86, 0x0e, 0x0e, 0xff, 0xb2, 0x6a, 0x6a, 0xff,
    0xcd, 0x9e, 0x9e, 0xff, 0xac, 0x65, 0x65, 0xff, 0xc4, 0x92, 0x92, 0xff,
    0xa5, 0x50, 0x50, 0xff, 0x83, 0x07, 0x04, 0xff, 0x6b, 0x07, 0x3d, 0xff,
    0x14, 0x01, 0xdd, 0xff, 0x02, 0x00, 0xfb, 0xff, 0x0d, 0x00, 0xe5, 0xff,
    0x0e, 0x00, 0xe4, 0xff, 0x0e, 0x00, 0xe5, 0xff, 0x0e, 0x00, 0xe5, 0xff,
    0x0e, 0x00, 0xe5, 0xff, 0x0e, 0x00, 0xe5, 0xff, 0x0e, 0x00, 0xe5, 0xff,
    0x0e, 0x00, 0xe4, 0xff, 0x09, 0x00, 0xec, 0xff, 0x00, 0x00, 0xfc, 0xff,
    0x00, 0x00, 0xfe, 0xff, 0x00, 0x00, 0xfe, 0xff, 0x00, 0x00, 0xfe, 0xff,
    0x00, 0x00, 0xfe, 0xff, 0x3e, 0x01, 0x92, 0xff, 0x7f, 0x00, 0x05, 0xff,
    0x84, 0x0c, 0x0b, 0xff, 0xa7, 0x58, 0x58, 0xff, 0x89, 0x19, 0x19, 0xff,
    0x7f, 0x00, 0x00, 0xff, 0x80, 0x00, 0x00, 0xff, 0x7f, 0x00, 0x00, 0xff,
    0x80, 0x00, 0x00, 0xff, 0x79, 0x00, 0x0b, 0xff, 0x1a, 0x00, 0xc0, 0xff,
    0x00, 0x00, 0xff, 0xff, 0x00, 0x00, 0xfe, 0xff, 0x00, 0x00, 0xfe, 0xff,
    0x00, 0x00, 0xfe, 0xff, 0x07, 0x00, 0xf3, 0xff, 0x5b, 0x00, 0x5b, 0xff,
    0x82, 0x00, 0x00, 0xff, 0x7f, 0x00, 0x00, 0xff, 0x80, 0x00, 0x00, 0xff,
    0x80, 0x00, 0x00, 0xff, 0x80, 0x00, 0x00, 0xff, 0x80, 0x00, 0x00, 0xff,
    0x7f, 0x00, 0x00, 0xff, 0x80, 0x00, 0x00, 0xff, 0x86, 0x12, 0x12, 0xff,
    0x83, 0x0b, 0x0b, 0xff, 0x7f, 0x00, 0x00, 0xff, 0x7d, 0x00, 0x00, 0xff,
    0xa4, 0x52, 0x52, 0xff, 0xf4, 0xec, 0xec, 0xff, 0xfb, 0xfc, 0xfc, 0xff,
    0xfb, 0xfb, 0xfb, 0xff, 0xfb, 0xfb, 0xfb, 0xff, 0xfc, 0xfc, 0xf9, 0xff,
    0x73, 0x73, 0xf9, 0xff, 0x02, 0x02, 0xfe, 0xff, 0x00, 0x00, 0xfe, 0xff,
    0x00, 0x00, 0xfe, 0xff, 0x00, 0x00, 0xfe, 0xff, 0x00, 0x00, 0xfe, 0xff,
    0x7d, 0x7d, 0xfd, 0xff, 0xfb, 0xfb, 0xfb, 0xff, 0xfb, 0xfb, 0xfa, 0xff,
    0xfd, 0xfd, 0xfa, 0xff, 0x92, 0x8e, 0xf3, 0xff, 0x04, 0x02, 0xfa, 0xff,
    0x00, 0x00, 0xfe, 0xff, 0x00, 0x00, 0xfe, 0xff, 0x00, 0x00, 0xfe, 0xff,
    0x00, 0x00, 0xfe, 0xff, 0x28, 0x00, 0xb5, 0xff, 0x79, 0x00, 0x15, 0xff,
    0x80, 0x00, 0x00, 0xff, 0x7f, 0x00, 0x00, 0xff, 0x80, 0x00, 0x00, 0xff,
    0x80, 0x00, 0x00, 0xff, 0x7f, 0x00, 0x00, 0xff, 0x96, 0x3d, 0x3d, 0xff,
    0x99, 0x3a, 0x3a, 0xff, 0x56, 0x00, 0x51, 0xff, 0x27, 0x00, 0xad, 0xff,
    0x55, 0x00, 0x61, 0xff, 0x9f, 0x44, 0x43, 0xff, 0xf5, 0xed, 0xed, 0xff,
    0xfb, 0xfc, 0xfc, 0xff, 0xfa, 0xfa, 0xfb, 0xff, 0xfb, 0xfb, 0xfb, 0xff,
    0xfb, 0xfb, 0xfb, 0xff, 0xfa, 0xf8, 0xf6, 0xff, 0xf8, 0xf1, 0xee, 0xff,
    0xf6, 0xf3, 0xf5, 0xff, 0xd7, 0xd7, 0xfd, 0xff, 0x6e, 0x65, 0xe4, 0xff,
    0x06, 0x00, 0xe7, 0xff, 0x00, 0x00, 0xff, 0xff, 0x00, 0x00, 0xfe, 0xff,
    0x00, 0x00, 0xfe, 0xff, 0x00, 0x00, 0xfe, 0xff, 0x00, 0x00, 0xfe, 0xff,
    0x02, 0x00, 0xfc, 0xff, 0x4b, 0x00, 0x79, 0xff, 0x82, 0x00, 0x00, 0xff,
    0x7f, 0x00, 0x00, 0xff, 0x80, 0x00, 0x00, 0xff, 0x80, 0x00, 0x00, 0xff,
    0x80, 0x00, 0x00, 0xff, 0x80, 0x00, 0x00, 0xff, 0x80, 0x00, 0x00, 0xff,
    0x80, 0x00, 0x00, 0xff, 0x7f, 0x00, 0x00, 0xff, 0x8d, 0x1d, 0x1d, 0xff,
    0x8e, 0x22, 0x22, 0xff, 0x7e, 0x00, 0x00, 0xff, 0x80, 0x00, 0x00, 0xff,
    0x7f, 0x00, 0x00, 0xff, 0x7c, 0x00, 0x00, 0xff, 0x65, 0x2e, 0x2f, 0xff,
    0xe1, 0xe2, 0xe2, 0xff, 0xff, 0xff, 0xff, 0xff, 0xff, 0xff, 0xff, 0xff,
    0xff, 0xff, 0xff, 0xff, 0xff, 0xff, 0xff, 0xff, 0xff, 0xff, 0xff, 0xff,
    0xff, 0xff, 0xff, 0xff, 0xff, 0xff, 0xff, 0xff, 0xff, 0xff, 0xff, 0xff,
    0xbe, 0xbe, 0xbe, 0xff, 0x18, 0x18, 0x18, 0xff, 0x00, 0x00, 0x00, 0xff,
    0x00, 0x00, 0x00, 0xff, 0x00, 0x00, 0x00, 0xff, 0x00, 0x00, 0x00, 0xff,
    0x00, 0x00, 0x00, 0xff, 0x00, 0x00, 0x00, 0xff, 0x37, 0x37, 0x37, 0xff,
    0xeb, 0xeb, 0xeb, 0xff, 0xff, 0xff, 0xff, 0xff, 0xff, 0xff, 0xff, 0xff,
    0xff, 0xff, 0xff, 0xff, 0xff, 0xff, 0xff, 0xff, 0xff, 0xff, 0xff, 0xff,
    0xff, 0xff, 0xff, 0xff, 0xff, 0xff, 0xff, 0xff, 0xff, 0xff, 0xff, 0xff,
    0xff, 0xff, 0xff, 0xff, 0xff, 0xff, 0xff, 0xff, 0xff, 0xff, 0xff, 0xff,
    0xff, 0xff, 0xff, 0xff, 0xff, 0xff, 0xff, 0xff, 0xf6, 0xf6, 0xf6, 0xff,
    0x63, 0x64, 0x64, 0xff, 0x00, 0x00, 0x00, 0xff, 0x00, 0x00, 0x00, 0xff,
    0x00, 0x00, 0x00, 0xff, 0x00, 0x00, 0x00, 0xff, 0x00, 0x00, 0x00, 0xff,
    0x05, 0x05, 0x05, 0xff, 0x9b, 0x9b, 0x9b, 0xff, 0xff, 0xff, 0xff, 0xff,
    0xff, 0xff, 0xff, 0xff, 0xff, 0xff, 0xff, 0xff, 0xff, 0xff, 0xff, 0xff,
    0xff, 0xff, 0xff, 0xff, 0xff, 0xff, 0xff, 0xff, 0xff, 0xff, 0xff, 0xff,
    0xff, 0xff, 0xff, 0xff, 0xff, 0xff, 0xff, 0xff, 0xff, 0xff, 0xff, 0xff,
    0x9a, 0x9a, 0x9a, 0xff, 0x00, 0x00, 0x00, 0xff, 0x00, 0x00, 0x00, 0xff,
    0x00, 0x00, 0x00, 0xff, 0x00, 0x00, 0x00, 0xff, 0x00, 0x00, 0x00, 0xff,
    0x00, 0x00, 0x00, 0xff, 0x63, 0x63, 0x63, 0xff, 0xf9, 0xf9, 0xf9, 0xff,
    0xff, 0xff, 0xff, 0xff, 0xff, 0xff, 0xff, 0xff, 0xff, 0xff, 0xff, 0xff,
    0x9a, 0x9a, 0x9a, 0xff, 0x07, 0x07, 0x07, 0xff, 0x00, 0x00, 0x00, 0xff,
    0x00, 0x00, 0x00, 0xff, 0x00, 0x00, 0x00, 0xff, 0x00, 0x00, 0x00, 0xff,
    0x00, 0x00, 0x00, 0xff, 0x00, 0x00, 0x00, 0xff, 0x6f, 0x6e, 0x6e, 0xff,
    0xfb, 0xfb, 0xfb, 0xff, 0xff, 0xff, 0xff, 0xff, 0xff, 0xff, 0xff, 0xff,
    0xff, 0xff, 0xff, 0xff, 0xff, 0xff, 0xff, 0xff, 0xb8, 0xb8, 0xb8, 0xff,
    0x14, 0x14, 0x14, 0xff, 0x00, 0x00, 0x00, 0xff, 0x00, 0x00, 0x00, 0xff,
    0x00, 0x00, 0x00, 0xff, 0x00, 0x00, 0x00, 0xff, 0x00, 0x00, 0x00, 0xff,
    0x00, 0x00, 0x00, 0xff, 0x00, 0x00, 0x00, 0xff, 0x5a, 0x5a, 0x5a, 0xff,
    0xf4, 0xf4, 0xf4, 0xff, 0xff, 0xff, 0xff, 0xff, 0xff, 0xff, 0xff, 0xff,
    0xff, 0xff, 0xff, 0xff, 0xff, 0xff, 0xff, 0xff, 0xff, 0xff, 0xff, 0xff,
    0xff, 0xff, 0xff, 0xff, 0xff, 0xff, 0xff, 0xff, 0x9f, 0x9f, 0x9f, 0xff,
    0x08, 0x08, 0x08, 0xff, 0x00, 0x00, 0x00, 0xff, 0x00, 0x00, 0x00, 0xff,
    0x00, 0x00, 0x00, 0xff, 0x00, 0x00, 0x00, 0xff, 0x00, 0x00, 0x00, 0xff,
    0x18, 0x18, 0x18, 0xff, 0x6b, 0x6b, 0x6b, 0xff, 0xc0, 0xc0, 0xc0, 0xff,
    0xec, 0xec, 0xec, 0xff, 0xf9, 0xfa, 0xfa, 0xff, 0xff, 0xff, 0xff, 0xff,
    0xff, 0xff, 0xff, 0xff, 0xce, 0xce, 0xce, 0xff, 0x22, 0x22, 0x22, 0xff,
    0x00, 0x00, 0x00, 0xff, 0x00, 0x00, 0x00, 0xff, 0x00, 0x00, 0x00, 0xff,
    0x00, 0x00, 0x00, 0xff, 0x00, 0x00, 0x00, 0xff, 0x43, 0x43, 0x43, 0xff,
    0xf9, 0xf9, 0xf9, 0xff, 0xff, 0xff, 0xff, 0xff, 0xff, 0xff, 0xff, 0xff,
    0xff, 0xff, 0xff, 0xff, 0xff, 0xff, 0xff, 0xff, 0xff, 0xff, 0xff, 0xff,
    0xff, 0xff, 0xff, 0xff, 0xff, 0xff, 0xff, 0xff, 0xff, 0xff, 0xff, 0xff,
    0xff, 0xff, 0xff, 0xff, 0xff, 0xff, 0xff, 0xff, 0xff, 0xff, 0xff, 0xff,
    0xff, 0xff, 0xff, 0xff, 0xff, 0xff, 0xff, 0xff, 0xff, 0xff, 0xff, 0xff,
    0xff, 0xff, 0xff, 0xff, 0xff, 0xff, 0xff, 0xff, 0xff, 0xff, 0xff, 0xff,
    0xff, 0xff, 0xff, 0xff, 0xff, 0xff, 0xff, 0xff, 0xff, 0xff, 0xff, 0xff,
    0xff, 0xff, 0xff, 0xff, 0xff, 0xff, 0xff, 0xff, 0xff, 0xff, 0xff, 0xff,
    0xff, 0xff, 0xff, 0xff, 0xff, 0xff, 0xff, 0xff, 0xff, 0xff, 0xff, 0xff,
    0xff, 0xff, 0xff, 0xff, 0xff, 0xff, 0xff, 0xff, 0xc7, 0xc7, 0xc7, 0xff,
    0x6d, 0x1b, 0x1b, 0xff, 0x7d, 0x00, 0x00, 0xff, 0x7e, 0x04, 0x04, 0xff,
    0x80, 0x08, 0x08, 0xff, 0x86, 0x14, 0x14, 0xff, 0x9f, 0x47, 0x47, 0xff,
    0x8e, 0x25, 0x25, 0xff, 0x8f, 0x23, 0x23, 0xff, 0x7e, 0x00, 0x00, 0xff,
    0x82, 0x06, 0x06, 0xff, 0x8f, 0x25, 0x25, 0xff, 0x88, 0x1a, 0x1a, 0xff,
    0x7d, 0x03, 0x03, 0xff, 0x8f, 0x24, 0x24, 0xff, 0x89, 0x1d, 0x1d, 0xff,
    0x97, 0x3a, 0x3a, 0xff, 0xa9, 0x59, 0x59, 0xff, 0x7d, 0x0c, 0x19, 0xff,
    0x2a, 0x00, 0xa2, 0xff, 0x00, 0x00, 0xff, 0xff, 0x28, 0x00, 0xb4, 0xff,
    0x6b, 0x00, 0x33, 0xff, 0x70, 0x00, 0x2c, 0xff, 0x70, 0x00, 0x2d, 0xff,
    0x70, 0x00, 0x2d, 0xff, 0x70, 0x00, 0x2d, 0xff, 0x6f, 0x00, 0x2d, 0xff,
    0x70, 0x00, 0x2d, 0xff, 0x71, 0x00, 0x2a, 0xff, 0x50, 0x03, 0x70, 0xff,
    0x08, 0x01, 0xf2, 0xff, 0x00, 0x00, 0xfe, 0xff, 0x00, 0x00, 0xfe, 0xff,
    0x00, 0x00, 0xfd, 0xff, 0x00, 0x00, 0xff, 0xff, 0x2b, 0x04, 0xb8, 0xff,
    0x7c, 0x00, 0x0e, 0xff, 0x81, 0x02, 0x02, 0xff, 0x87, 0x12, 0x12, 0xff,
    0x81, 0x05, 0x05, 0xff, 0x7f, 0x00, 0x00, 0xff, 0x80, 0x00, 0x00, 0xff,
    0x7f, 0x00, 0x00, 0xff, 0x80, 0x00, 0x00, 0xff, 0x6c, 0x00, 0x2e, 0xff,
    0x0e, 0x00, 0xdf, 0xff, 0x00, 0x00, 0xff, 0xff, 0x00, 0x00, 0xfe, 0xff,
    0x00, 0x00, 0xfe, 0xff, 0x00, 0x00, 0xff, 0xff, 0x0d, 0x00, 0xe1, 0xff,
    0x6e, 0x00, 0x28, 0xff, 0x80, 0x00, 0x00, 0xff, 0x7f, 0x00, 0x00, 0xff,
    0x80, 0x00, 0x00, 0xff, 0x80, 0x00, 0x00, 0xff, 0x80, 0x00, 0x00, 0xff,
    0x80, 0x00, 0x00, 0xff, 0x7f, 0x00, 0x00, 0xff, 0x7f, 0x02, 0x02, 0xff,
    0x95, 0x33, 0x33, 0xff, 0x8b, 0x1d, 0x1d, 0xff, 0x7e, 0x00, 0x00, 0xff,
    0x7f, 0x00, 0x00, 0xff, 0x84, 0x0d, 0x0d, 0xff, 0xdb, 0xb9, 0xb9, 0xff,
    0xfd, 0xff, 0xff, 0xff, 0xfa, 0xfa, 0xfa, 0xff, 0xfc, 0xfc, 0xfb, 0xff,
    0xed, 0xed, 0xfb, 0xff, 0x4c, 0x4c, 0xfc, 0xff, 0x00, 0x00, 0xfe, 0xff,
    0x00, 0x00, 0xfe, 0xff, 0x00, 0x00, 0xfe, 0xff, 0x00, 0x00, 0xfe, 0xff,
    0x04, 0x04, 0xfd, 0xff, 0xa4, 0xa4, 0xf9, 0xff, 0xfe, 0xfe, 0xfa, 0xff,
    0xfb, 0xfb, 0xfb, 0xff, 0xf9, 0xf3, 0xf1, 0xff, 0xa6, 0x64, 0x7d, 0xff,
    0x21, 0x00, 0xbe, 0xff, 0x00, 0x00, 0xff, 0xff, 0x00, 0x00, 0xfe, 0xff,
    0x00, 0x00, 0xfd, 0xff, 0x00, 0x00, 0xfe, 0xff, 0x06, 0x00, 0xf4, 0xff,
    0x52, 0x00, 0x63, 0xff, 0x81, 0x00, 0x01, 0xff, 0x80, 0x00, 0x00, 0xff,
    0x80, 0x00, 0x00, 0xff, 0x80, 0x00, 0x00, 0xff, 0x7f, 0x00, 0x00, 0xff,
    0x83, 0x0c, 0x0c, 0xff, 0x83, 0x0c, 0x10, 0xff, 0x35, 0x00, 0xa3, 0xff,
    0x00, 0x00, 0xff, 0xff, 0x2b, 0x00, 0xaf, 0xff, 0x94, 0x38, 0x42, 0xff,
    0xf3, 0xea, 0xea, 0xff, 0xfb, 0xfc, 0xfc, 0xff, 0xfb, 0xfb, 0xfb, 0xff,
    0xfb, 0xfb, 0xfb, 0xff, 0xfa, 0xfa, 0xfa, 0xff, 0xfa, 0xfb, 0xfb, 0xff,
    0xfa, 0xf9, 0xf9, 0xff, 0xeb, 0xd9, 0xd9, 0xff, 0xff, 0xff, 0xfe, 0xff,
    0xcd, 0xa8, 0xa8, 0xff, 0x4d, 0x00, 0x61, 0xff, 0x07, 0x00, 0xf2, 0xff,
    0x00, 0x00, 0xfe, 0xff, 0x00, 0x00, 0xfe, 0xff, 0x00, 0x00, 0xfe, 0xff,
    0x00, 0x00, 0xfe, 0xff, 0x02, 0x00, 0xfc, 0xff, 0x4a, 0x00, 0x79, 0xff,
    0x82, 0x00, 0x00, 0xff, 0x7f, 0x00, 0x00, 0xff, 0x80, 0x00, 0x00, 0xff,
    0x80, 0x00, 0x00, 0xff, 0x80, 0x00, 0x00, 0xff, 0x80, 0x00, 0x00, 0xff,
    0x80, 0x00, 0x00, 0xff, 0x80, 0x00, 0x00, 0xff, 0x7e, 0x00, 0x00, 0xff,
    0x93, 0x2f, 0x2f, 0xff, 0x94, 0x2f, 0x2f, 0xff, 0x7e, 0x00, 0x00, 0xff,
    0x80, 0x00, 0x00, 0xff, 0x80, 0x00, 0x00, 0xff, 0x79, 0x00, 0x00, 0xff,
    0x87, 0x6a, 0x6b, 0xff, 0xf9, 0xfb, 0xfb, 0xff, 0xff, 0xff, 0xff, 0xff,
    0xff, 0xff, 0xff, 0xff, 0xff, 0xff, 0xff, 0xff, 0xff, 0xff, 0xff, 0xff,
    0xff, 0xff, 0xff, 0xff, 0xff, 0xff, 0xff, 0xff, 0xff, 0xff, 0xff, 0xff,
    0xff, 0xff, 0xff, 0xff, 0xbe, 0xbe, 0xbe, 0xff, 0x18, 0x18, 0x18, 0xff,
    0x00, 0x00, 0x00, 0xff, 0x00, 0x00, 0x00, 0xff, 0x00, 0x00, 0x00, 0xff,
    0x00, 0x00, 0x00, 0xff, 0x00, 0x00, 0x00, 0xff, 0x00, 0x00, 0x00, 0xff,
    0x37, 0x37, 0x37, 0xff, 0xeb, 0xeb, 0xeb, 0xff, 0xff, 0xff, 0xff, 0xff,
    0xff, 0xff, 0xff, 0xff, 0xff, 0xff, 0xff, 0xff, 0xff, 0xff, 0xff, 0xff,
    0xff, 0xff, 0xff, 0xff, 0xff, 0xff, 0xff, 0xff, 0xff, 0xff, 0xff, 0xff,
    0xff, 0xff, 0xff, 0xff, 0xff, 0xff, 0xff, 0xff, 0xff, 0xff, 0xff, 0xff,
    0xff, 0xff, 0xff, 0xff, 0xff, 0xff, 0xff, 0xff, 0xff, 0xff, 0xff, 0xff,
    0xfd, 0xfd, 0xfd, 0xff, 0x83, 0x83, 0x83, 0xff, 0x00, 0x00, 0x00, 0xff,
    0x00, 0x00, 0x00, 0xff, 0x00, 0x00, 0x00, 0xff, 0x00, 0x00, 0x00, 0xff,
    0x00, 0x00, 0x00, 0xff, 0x00, 0x00, 0x00, 0xff, 0x5f, 0x5f, 0x5f, 0xff,
    0xfb, 0xfb, 0xfb, 0xff, 0xff, 0xff, 0xff, 0xff, 0xff, 0xff, 0xff, 0xff,
    0xff, 0xff, 0xff, 0xff, 0xff, 0xff, 0xff, 0xff, 0xff, 0xff, 0xff, 0xff,
    0xff, 0xff, 0xff, 0xff, 0xff, 0xff, 0xff, 0xff, 0xff, 0xff, 0xff, 0xff,
    0xf9, 0xf9, 0xf9, 0xff, 0x62, 0x62, 0x62, 0xff, 0x00, 0x00, 0x00, 0xff,
    0x00, 0x00, 0x00, 0xff, 0x00, 0x00, 0x00, 0xff, 0x00, 0x00, 0x00, 0xff,
    0x00, 0x00, 0x00, 0xff, 0x00, 0x00, 0x00, 0xff, 0x86, 0x86, 0x86, 0xff,
    0xfd, 0xfd, 0xfd, 0xff, 0xff, 0xff, 0xff, 0xff, 0xff, 0xff, 0xff, 0xff,
    0xff, 0xff, 0xff, 0xff, 0x9a, 0x9a, 0x9a, 0xff, 0x07, 0x07, 0x07, 0xff,
    0x00, 0x00, 0x00, 0xff, 0x00, 0x00, 0x00, 0xff, 0x00, 0x00, 0x00, 0xff,
    0x00, 0x00, 0x00, 0xff, 0x00, 0x00, 0x00, 0xff, 0x00, 0x00, 0x00, 0xff,
    0x6e, 0x6e, 0x6e, 0xff, 0xfb, 0xfa, 0xfa, 0xff, 0xff, 0xff, 0xff, 0xff,
    0xff, 0xff, 0xff, 0xff, 0xff, 0xff, 0xff, 0xff, 0xff, 0xff, 0xff, 0xff,
    0xf6, 0xf6, 0xf6, 0xff, 0x66, 0x66, 0x66, 0xff, 0x02, 0x02, 0x02, 0xff,
    0x00, 0x00, 0x00, 0xff, 0x00, 0x00, 0x00, 0xff, 0x00, 0x00, 0x00, 0xff,
    0x00, 0x00, 0x00, 0xff, 0x00, 0x00, 0x00, 0xff, 0x00, 0x00, 0x00, 0xff,
    0x0e, 0x0e, 0x0e, 0xff, 0xa6, 0xa6, 0xa6, 0xff, 0xfd, 0xfd, 0xfd, 0xff,
    0xff, 0xff, 0xff, 0xff, 0xff, 0xff, 0xff, 0xff, 0xff, 0xff, 0xff, 0xff,
    0xff, 0xff, 0xff, 0xff, 0xff, 0xff, 0xff, 0xff, 0xf5, 0xf5, 0xf5, 0xff,
    0x50, 0x50, 0x50, 0xff, 0x00, 0x00, 0x00, 0xff, 0x00, 0x00, 0x00, 0xff,
    0x00, 0x00, 0x00, 0xff, 0x00, 0x00, 0x00, 0xff, 0x00, 0x00, 0x00, 0xff,
    0x15, 0x15, 0x15, 0xff, 0xa4, 0xa4, 0xa4, 0xff, 0xf7, 0xf7, 0xf7, 0xff,
    0xff, 0xff, 0xff, 0xff, 0xff, 0xff, 0xff, 0xff, 0xff, 0xff, 0xff, 0xff,
    0xff, 0xff, 0xff, 0xff, 0xff, 0xff, 0xff, 0xff, 0xc1, 0xc1, 0xc1, 0xff,
    0x1a, 0x1a, 0x1a, 0xff, 0x00, 0x00, 0x00, 0xff, 0x00, 0x00, 0x00, 0xff,
    0x00, 0x00, 0x00, 0xff, 0x00, 0x00, 0x00, 0xff, 0x00, 0x00, 0x00, 0xff,
    0x43, 0x43, 0x43, 0xff, 0xf9, 0xf9, 0xf9, 0xff, 0xff, 0xff, 0xff, 0xff,
    0xff, 0xff, 0xff, 0xff, 0xff, 0xff, 0xff, 0xff, 0xff, 0xff, 0xff, 0xff,
    0xff, 0xff, 0xff, 0xff, 0xff, 0xff, 0xff, 0xff, 0xff, 0xff, 0xff, 0xff,
    0xff, 0xff, 0xff, 0xff, 0xff, 0xff, 0xff, 0xff, 0xff, 0xff, 0xff, 0xff,
    0xff, 0xff, 0xff, 0xff, 0xff, 0xff, 0xff, 0xff, 0xff, 0xff, 0xff, 0xff,
    0xff, 0xff, 0xff, 0xff, 0xff, 0xff, 0xff, 0xff, 0xff, 0xff, 0xff, 0xff,
    0xff, 0xff, 0xff, 0xff, 0xff, 0xff, 0xff, 0xff, 0xff, 0xff, 0xff, 0xff,
    0xff, 0xff, 0xff, 0xff, 0xff, 0xff, 0xff, 0xff, 0xff, 0xff, 0xff, 0xff,
    0xff, 0xff, 0xff, 0xff, 0xff, 0xff, 0xff, 0xff, 0xff, 0xff, 0xff, 0xff,
    0xff, 0xff, 0xff, 0xff, 0xff, 0xff, 0xff, 0xff, 0xff, 0xff, 0xff, 0xff,
    0xee, 0xee, 0xee, 0xff, 0x74, 0x44, 0x44, 0xff, 0x7a, 0x00, 0x00, 0xff,
    0x80, 0x00, 0x00, 0xff, 0x7f, 0x00, 0x00, 0xff, 0x80, 0x00, 0x00, 0xff,
    0x83, 0x09, 0x09, 0xff, 0x81, 0x05, 0x05, 0xff, 0x7f, 0x03, 0x03, 0xff,
    0x8a, 0x1d, 0x1d, 0xff, 0xaf, 0x67, 0x67, 0xff, 0xe7, 0xd3, 0xd3, 0xff,
    0xd4, 0xae, 0xae, 0xff, 0x85, 0x11, 0x11, 0xff, 0x9c, 0x45, 0x45, 0xff,
    0xbd, 0x80, 0x80, 0xff, 0x7e, 0x07, 0x07, 0xff, 0x81, 0x0f, 0x11, 0xff,
    0x51, 0x0b, 0x7a, 0xff, 0x04, 0x00, 0xf5, 0xff, 0x0c, 0x00, 0xe5, 0xff,
    0x60, 0x00, 0x47, 0xff, 0x82, 0x00, 0x00, 0xff, 0x80, 0x00, 0x00, 0xff,
    0x80, 0x00, 0x00, 0xff, 0x80, 0x00, 0x00, 0xff, 0x80, 0x00, 0x00, 0xff,
    0x7f, 0x00, 0x00, 0xff, 0x8b, 0x19, 0x17, 0xff, 0x8b, 0x13, 0x10, 0xff,
    0x68, 0x02, 0x3e, 0xff, 0x0f, 0x01, 0xe6, 0xff, 0x00, 0x00, 0xff, 0xff,
    0x00, 0x00, 0xfe, 0xff, 0x00, 0x00, 0xfe, 0xff, 0x00, 0x00, 0xff, 0xff,
    0x1a, 0x00, 0xd1, 0xff, 0x74, 0x00, 0x13, 0xff, 0x7f, 0x00, 0x00, 0xff,
    0x8c, 0x1f, 0x1f, 0xff, 0x89, 0x17, 0x17, 0xff, 0x7f, 0x00, 0x00, 0xff,
    0x80, 0x00, 0x00, 0xff, 0x7f, 0x00, 0x00, 0xff, 0x81, 0x00, 0x00, 0xff,
    0x59, 0x00, 0x5a, 0xff, 0x08, 0x00, 0xf2, 0xff, 0x00, 0x00, 0xfe, 0xff,
    0x00, 0x00, 0xfe, 0xff, 0x00, 0x00, 0xfe, 0xff, 0x00, 0x00, 0xff, 0xff,
    0x23, 0x01, 0xc0, 0xff, 0x79, 0x00, 0x0b, 0xff, 0x80, 0x00, 0x00, 0xff,
    0x7f, 0x00, 0x00, 0xff, 0x80, 0x00, 0x00, 0xff, 0x80, 0x00, 0x00, 0xff,
    0x80, 0x00, 0x00, 0xff, 0x80, 0x00, 0x00, 0xff, 0x7f, 0x00, 0x00, 0xff,
    0x7f, 0x01, 0x01, 0xff, 0x88, 0x16, 0x16, 0xff, 0x84, 0x0c, 0x0c, 0xff,
    0x7f, 0x00, 0x00, 0xff, 0x80, 0x00, 0x00, 0xff, 0x7d, 0x00, 0x00, 0xff,
    0xaf, 0x63, 0x63, 0xff, 0xfa, 0xf8, 0xf8, 0xff, 0xfb, 0xfb, 0xfb, 0xff,
    0xfe, 0xfe, 0xfb, 0xff, 0xd9, 0xd9, 0xfa, 0xff, 0x2e, 0x2e, 0xfd, 0xff,
    0x00, 0x00, 0xfe, 0xff, 0x00, 0x00, 0xfe, 0xff, 0x00, 0x00, 0xfe, 0xff,
    0x00, 0x00, 0xfe, 0xff, 0x20, 0x20, 0xfd, 0xff, 0xc9, 0xc9, 0xfa, 0xff,
    0xfe, 0xfe, 0xfb, 0xff, 0xfb, 0xfc, 0xfc, 0xff, 0xd0, 0xa6, 0xa6, 0xff,
    0x88, 0x11, 0x0f, 0xff, 0x56, 0x00, 0x60, 0xff, 0x08, 0x00, 0xf2, 0xff,
    0x00, 0x00, 0xfe, 0xff, 0x00, 0x00, 0xfe, 0xff, 0x00, 0x00, 0xfd, 0xff,
    0x00, 0x00, 0xff, 0xff, 0x21, 0x00, 0xc8, 0xff, 0x74, 0x00, 0x1c, 0xff,
    0x80, 0x00, 0x00, 0xff, 0x7f, 0x00, 0x00, 0xff, 0x80, 0x00, 0x00, 0xff,
    0x7f, 0x02, 0x02, 0xff, 0x93, 0x2d, 0x2d, 0xff, 0x7a, 0x03, 0x10, 0xff,
    0x19, 0x00, 0xc2, 0xff, 0x00, 0x00, 0xff, 0xff, 0x17, 0x03, 0xdb, 0xff,
    0xad, 0x83, 0xb3, 0xff, 0xfc, 0xfa, 0xf8, 0xff, 0xfb, 0xfb, 0xfb, 0xff,
    0xfb, 0xfb, 0xfb, 0xff, 0xfb, 0xfb, 0xfb, 0xff, 0xfb, 0xfb, 0xfb, 0xff,
    0xfb, 0xfb, 0xfb, 0xff, 0xfa, 0xf8, 0xf8, 0xff, 0xf3, 0xe9, 0xe9, 0xff,
    0xfd, 0xfe, 0xfe, 0xff, 0xce, 0xa2, 0xa1, 0xff, 0x78, 0x00, 0x0d, 0xff,
    0x2c, 0x00, 0xb4, 0xff, 0x00, 0x00, 0xff, 0xff, 0x00, 0x00, 0xfe, 0xff,
    0x00, 0x00, 0xfe, 0xff, 0x00, 0x00, 0xfe, 0xff, 0x07, 0x00, 0xf4, 0xff,
    0x58, 0x00, 0x5e, 0xff, 0x82, 0x00, 0x00, 0xff, 0x7f, 0x00, 0x00, 0xff,
    0x80, 0x00, 0x00, 0xff, 0x80, 0x00, 0x00, 0xff, 0x80, 0x00, 0x00, 0xff,
    0x80, 0x00, 0x00, 0xff, 0x80, 0x00, 0x00, 0xff, 0x80, 0x00, 0x00, 0xff,
    0x80, 0x01, 0x01, 0xff, 0x83, 0x0c, 0x0c, 0xff, 0x81, 0x04, 0x04, 0xff,
    0x7f, 0x00, 0x00, 0xff, 0x7f, 0x00, 0x00, 0xff, 0x81, 0x00, 0x00, 0xff,
    0x65, 0x02, 0x02, 0xff, 0xb3, 0xa7, 0xa7, 0xff, 0xfe, 0xff, 0xff, 0xff,
    0xff, 0xff, 0xff, 0xff, 0xff, 0xff, 0xff, 0xff, 0xff, 0xff, 0xff, 0xff,
    0xff, 0xff, 0xff, 0xff, 0xff, 0xff, 0xff, 0xff, 0xff, 0xff, 0xff, 0xff,
    0xff, 0xff, 0xff, 0xff, 0xff, 0xff, 0xff, 0xff, 0xbe, 0xbe, 0xbe, 0xff,
    0x18, 0x18, 0x18, 0xff, 0x00, 0x00, 0x00, 0xff, 0x00, 0x00, 0x00, 0xff,
    0x00, 0x00, 0x00, 0xff, 0x00, 0x00, 0x00, 0xff, 0x00, 0x00, 0x00, 0xff,
    0x00, 0x00, 0x00, 0xff, 0x36, 0x36, 0x36, 0xff, 0xea, 0xea, 0xea, 0xff,
    0xfc, 0xfc, 0xfc, 0xff, 0xfc, 0xfc, 0xfc, 0xff, 0xfc, 0xfc, 0xfc, 0xff,
    0xfc, 0xfc, 0xfc, 0xff, 0xfc, 0xfc, 0xfc, 0xff, 0xfc, 0xfc, 0xfc, 0xff,
    0xfc, 0xfc, 0xfc, 0xff, 0xfc, 0xfc, 0xfc, 0xff, 0xfc, 0xfc, 0xfc, 0xff,
    0xfc, 0xfc, 0xfc, 0xff, 0xfc, 0xfc, 0xfc, 0xff, 0xfd, 0xfd, 0xfd, 0xff,
    0xff, 0xff, 0xff, 0xff, 0xff, 0xff, 0xff, 0xff, 0xb2, 0xb2, 0xb2, 0xff,
    0x10, 0x10, 0x10, 0xff, 0x00, 0x00, 0x00, 0xff, 0x00, 0x00, 0x00, 0xff,
    0x00, 0x00, 0x00, 0xff, 0x00, 0x00, 0x00, 0xff, 0x00, 0x00, 0x00, 0xff,
    0x21, 0x21, 0x21, 0xff, 0xc7, 0xc7, 0xc7, 0xff, 0xff, 0xff, 0xff, 0xff,
    0xff, 0xff, 0xff, 0xff, 0xff, 0xff, 0xff, 0xff, 0xff, 0xff, 0xff, 0xff,
    0xff, 0xff, 0xff, 0xff, 0xff, 0xff, 0xff, 0xff, 0xff, 0xff, 0xff, 0xff,
    0xff, 0xff, 0xff, 0xff, 0xd2, 0xd2, 0xd2, 0xff, 0x1f, 0x1f, 0x1f, 0xff,
    0x00, 0x00, 0x00, 0xff, 0x00, 0x00, 0x00, 0xff, 0x00, 0x00, 0x00, 0xff,
    0x00, 0x00, 0x00, 0xff, 0x00, 0x00, 0x00, 0xff, 0x0a, 0x0a, 0x0a, 0xff,
    0xb2, 0xb3, 0xb3, 0xff, 0xff, 0xff, 0xff, 0xff, 0xff, 0xff, 0xff, 0xff,
    0xff, 0xff, 0xff, 0xff, 0xff, 0xff, 0xff, 0xff, 0x9a, 0x9a, 0x9a, 0xff,
    0x07, 0x07, 0x07, 0xff, 0x00, 0x00, 0x00, 0xff, 0x00, 0x00, 0x00, 0xff,
    0x00, 0x00, 0x00, 0xff, 0x00, 0x00, 0x00, 0xff, 0x00, 0x00, 0x00, 0xff,
    0x00, 0x00, 0x00, 0xff, 0x6e, 0x6e, 0x6e, 0xff, 0xfb, 0xfa, 0xfa, 0xff,
    0xff, 0xff, 0xff, 0xff, 0xff, 0xff, 0xff, 0xff, 0xff, 0xff, 0xff, 0xff,
    0xff, 0xff, 0xff, 0xff, 0xff, 0xff, 0xff, 0xff, 0xd8, 0xd8, 0xd8, 0xff,
    0x2a, 0x2a, 0x2a, 0xff, 0x00, 0x00, 0x00, 0xff, 0x00, 0x00, 0x00, 0xff,
    0x00, 0x00, 0x00, 0xff, 0x00, 0x00, 0x00, 0xff, 0x00, 0x00, 0x00, 0xff,
    0x00, 0x00, 0x00, 0xff, 0x00, 0x00, 0x00, 0xff, 0x38, 0x38, 0x38, 0xff,
    0xdf, 0xdf, 0xdf, 0xff, 0xff, 0xff, 0xff, 0xff, 0xff, 0xff, 0xff, 0xff,
    0xff, 0xff, 0xff, 0xff, 0xff, 0xff, 0xff, 0xff, 0xff, 0xff, 0xff, 0xff,
    0xdf, 0xdf, 0xdf, 0xff, 0x32, 0x32, 0x32, 0xff, 0x00, 0x00, 0x00, 0xff,
    0x00, 0x00, 0x00, 0xff, 0x00, 0x00, 0x00, 0xff, 0x00, 0x00, 0x00, 0xff,
    0x00, 0x00, 0x00, 0xff, 0x4b, 0x4b, 0x4b, 0xff, 0xf7, 0xf7, 0xf7, 0xff,
    0xff, 0xff, 0xff, 0xff, 0xff, 0xff, 0xff, 0xff, 0xff, 0xff, 0xff, 0xff,
    0xff, 0xff, 0xff, 0xff, 0xff, 0xff, 0xff, 0xff, 0xff, 0xff, 0xff, 0xff,
    0x90, 0x90, 0x90, 0xff, 0x05, 0x05, 0x05, 0xff, 0x00, 0x00, 0x00, 0xff,
    0x00, 0x00, 0x00, 0xff, 0x00, 0x00, 0x00, 0xff, 0x00, 0x00, 0x00, 0xff,
    0x00, 0x00, 0x00, 0xff, 0x43, 0x43, 0x43, 0xff, 0xf9, 0xf9, 0xf9, 0xff,
    0xff, 0xff, 0xff, 0xff, 0xff, 0xff, 0xff, 0xff, 0xff, 0xff, 0xff, 0xff,
    0xff, 0xff, 0xff, 0xff, 0xff, 0xff, 0xff, 0xff, 0xff, 0xff, 0xff, 0xff,
    0xff, 0xff, 0xff, 0xff, 0xff, 0xff, 0xff, 0xff, 0xff, 0xff, 0xff, 0xff,
    0xff, 0xff, 0xff, 0xff, 0xff, 0xff, 0xff, 0xff, 0xff, 0xff, 0xff, 0xff,
    0xff, 0xff, 0xff, 0xff, 0xff, 0xff, 0xff, 0xff, 0xff, 0xff, 0xff, 0xff,
    0xff, 0xff, 0xff, 0xff, 0xff, 0xff, 0xff, 0xff, 0xff, 0xff, 0xff, 0xff,
    0xff, 0xff, 0xff, 0xff, 0xff, 0xff, 0xff, 0xff, 0xff, 0xff, 0xff, 0xff,
    0xff, 0xff, 0xff, 0xff, 0xff, 0xff, 0xff, 0xff, 0xff, 0xff, 0xff, 0xff,
    0xff, 0xff, 0xff, 0xff, 0xff, 0xff, 0xff, 0xff, 0xff, 0xff, 0xff, 0xff,
    0xff, 0xff, 0xff, 0xff, 0xfe, 0xfe, 0xfe, 0xff, 0xa0, 0x93, 0x93, 0xff,
    0x6b, 0x03, 0x03, 0xff, 0x81, 0x00, 0x00, 0xff, 0x7f, 0x00, 0x00, 0xff,
    0x7f, 0x00, 0x00, 0xff, 0x88, 0x15, 0x15, 0xff, 0x97, 0x35, 0x35, 0xff,
    0x94, 0x30, 0x30, 0xff, 0xe0, 0xc6, 0xc6, 0xff, 0xef, 0xe1, 0xe1, 0xff,
    0xfd, 0xff, 0xff, 0xff, 0xf3, 0xea, 0xea, 0xff, 0xa8, 0x55, 0x55, 0xff,
    0x94, 0x32, 0x32, 0xff, 0xe0, 0xc5, 0xc5, 0xff, 0xb4, 0x6a, 0x67, 0xff,
    0x6d, 0x18, 0x4c, 0xff, 0x1b, 0x12, 0xe9, 0xff, 0x00, 0x00, 0xfe, 0xff,
    0x39, 0x00, 0x8b, 0xff, 0x7f, 0x00, 0x01, 0xff, 0x80, 0x00, 0x00, 0xff,
    0x80, 0x00, 0x00, 0xff, 0x7f, 0x00, 0x00, 0xff, 0x7f, 0x00, 0x00, 0xff,
    0x80, 0x00, 0x00, 0xff, 0x7e, 0x00, 0x00, 0xff, 0x94, 0x30, 0x30, 0xff,
    0x9a, 0x39, 0x38, 0xff, 0x77, 0x00, 0x16, 0xff, 0x16, 0x00, 0xcf, 0xff,
    0x00, 0x00, 0xff, 0xff, 0x00, 0x00, 0xfe, 0xff, 0x00, 0x00, 0xfe, 0xff,
    0x00, 0x00, 0xfe, 0xff, 0x0a, 0x00, 0xe6, 0xff, 0x6c, 0x00, 0x28, 0xff,
    0x7f, 0x00, 0x00, 0xff, 0x96, 0x34, 0x34, 0xff, 0x90, 0x25, 0x25, 0xff,
    0x7e, 0x00, 0x00, 0xff, 0x80, 0x00, 0x00, 0xff, 0x80, 0x00, 0x00, 0xff,
    0x80, 0x00, 0x00, 0xff, 0x40, 0x00, 0x7b, 0xff, 0x01, 0x00, 0xfc, 0xff,
    0x00, 0x00, 0xfe, 0xff, 0x00, 0x00, 0xfe, 0xff, 0x00, 0x00, 0xfe, 0xff,
    0x00, 0x00, 0xff, 0xff, 0x3c, 0x04, 0x9b, 0xff, 0x80, 0x00, 0x06, 0xff,
    0x80, 0x00, 0x00, 0xff, 0x80, 0x00, 0x00, 0xff, 0x80, 0x00, 0x00, 0xff,
    0x80, 0x00, 0x00, 0xff, 0x80, 0x00, 0x00, 0xff, 0x80, 0x00, 0x00, 0xff,
    0x7f, 0x00, 0x00, 0xff, 0x80, 0x00, 0x00, 0xff, 0x89, 0x19, 0x19, 0xff,
    0x86, 0x11, 0x11, 0xff, 0x7f, 0x00, 0x00, 0xff, 0x80, 0x00, 0x00, 0xff,
    0x7f, 0x00, 0x00, 0xff, 0x8a, 0x15, 0x15, 0xff, 0xd5, 0xaf, 0xaf, 0xff,
    0xf6, 0xef, 0xef, 0xff, 0xf3, 0xe8, 0xe5, 0xff, 0xb8, 0xb8, 0xf8, 0xff,
    0x0e, 0x0e, 0xfd, 0xff, 0x00, 0x00, 0xfe, 0xff, 0x00, 0x00, 0xfe, 0xff,
    0x00, 0x00, 0xfe, 0xff, 0x00, 0x00, 0xfe, 0xff, 0x41, 0x41, 0xfd, 0xff,
    0xe8, 0xe8, 0xfb, 0xff, 0xfd, 0xfd, 0xfb, 0xff, 0xfa, 0xf8, 0xf8, 0xff,
    0xb0, 0x6a, 0x6a, 0xff, 0x7c, 0x00, 0x00, 0xff, 0x79, 0x00, 0x13, 0xff,
    0x27, 0x01, 0xbf, 0xff, 0x00, 0x00, 0xff, 0xff, 0x00, 0x00, 0xfd, 0xff,
    0x00, 0x00, 0xfe, 0xff, 0x00, 0x00, 0xfe, 0xff, 0x03, 0x00, 0xfa, 0xff,
    0x43, 0x00, 0x85, 0xff, 0x7f, 0x00, 0x05, 0xff, 0x80, 0x00, 0x00, 0xff,
    0x80, 0x00, 0x00, 0xff, 0x80, 0x04, 0x04, 0xff, 0xa3, 0x4c, 0x4a, 0xff,
    0x71, 0x08, 0x38, 0xff, 0x10, 0x00, 0xde, 0xff, 0x00, 0x00, 0xff, 0xff,
    0x08, 0x07, 0xfd, 0xff, 0x99, 0x99, 0xfd, 0xff, 0xfe, 0xfe, 0xfb, 0xff,
    0xfb, 0xfb, 0xfa, 0xff, 0xfb, 0xfb, 0xfb, 0xff, 0xfb, 0xfb, 0xfb, 0xff,
    0xfb, 0xfb, 0xfb, 0xff, 0xfa, 0xfb, 0xfb, 0xff, 0xfa, 0xfa, 0xfa, 0xff,
    0xfc, 0xfc, 0xfc, 0xff, 0xf7, 0xf1, 0xf1, 0xff, 0xb0, 0x68, 0x68, 0xff,
    0x93, 0x2e, 0x2f, 0xff, 0x5f, 0x37, 0xb7, 0xff, 0x00, 0x00, 0xfe, 0xff,
    0x00, 0x00, 0xfe, 0xff, 0x00, 0x00, 0xfd, 0xff, 0x00, 0x00, 0xff, 0xff,
    0x10, 0x00, 0xd8, 0xff, 0x71, 0x00, 0x22, 0xff, 0x81, 0x00, 0x00, 0xff,
    0x7f, 0x00, 0x00, 0xff, 0x80, 0x00, 0x00, 0xff, 0x80, 0x00, 0x00, 0xff,
    0x80, 0x00, 0x00, 0xff, 0x80, 0x00, 0x00, 0xff, 0x80, 0x00, 0x00, 0xff,
    0x7f, 0x00, 0x00, 0xff, 0x8b, 0x1b, 0x1b, 0xff, 0x91, 0x32, 0x32, 0xff,
    0x7f, 0x02, 0x02, 0xff, 0x7f, 0x00, 0x00, 0xff, 0x80, 0x00, 0x00, 0xff,
    0x7c, 0x00, 0x00, 0xff, 0x60, 0x27, 0x27, 0xff, 0xda, 0xdb, 0xdb, 0xff,
    0xff, 0xff, 0xff, 0xff, 0xff, 0xff, 0xff, 0xff, 0xff, 0xff, 0xff, 0xff,
    0xff, 0xff, 0xff, 0xff, 0xff, 0xff, 0xff, 0xff, 0xff, 0xff, 0xff, 0xff,
    0xff, 0xff, 0xff, 0xff, 0xff, 0xff, 0xff, 0xff, 0xff, 0xff, 0xff, 0xff,
    0xbe, 0xbe, 0xbe, 0xff, 0x18, 0x18, 0x18, 0xff, 0x00, 0x00, 0x00, 0xff,
    0x00, 0x00, 0x00, 0xff, 0x00, 0x00, 0x00, 0xff, 0x00, 0x00, 0x00, 0xff,
    0x00, 0x00, 0x00, 0xff, 0x00, 0x00, 0x00, 0xff, 0x11, 0x11, 0x11, 0xff,
    0x61, 0x61, 0x61, 0xff, 0x6a, 0x6a, 0x6a, 0xff, 0x69, 0x69, 0x69, 0xff,
    0x69, 0x69, 0x69, 0xff, 0x69, 0x69, 0x69, 0xff, 0x69, 0x69, 0x69, 0xff,
    0x69, 0x69, 0x69, 0xff, 0x69, 0x69, 0x69, 0xff, 0x69, 0x69, 0x69, 0xff,
    0x69, 0x69, 0x69, 0xff, 0x69, 0x69, 0x69, 0xff, 0x66, 0x66, 0x66, 0xff,
    0xb9, 0xb9, 0xb9, 0xff, 0xff, 0xff, 0xff, 0xff, 0xff, 0xff, 0xff, 0xff,
    0xe6, 0xe6, 0xe6, 0xff, 0x37, 0x37, 0x37, 0xff, 0x00, 0x00, 0x00, 0xff,
    0x00, 0x00, 0x00, 0xff, 0x00, 0x00, 0x00, 0xff, 0x00, 0x00, 0x00, 0xff,
    0x00, 0x00, 0x00, 0xff, 0x01, 0x01, 0x01, 0xff, 0x4f, 0x4f, 0x4f, 0xff,
    0xe0, 0xe0, 0xe0, 0xff, 0xff, 0xff, 0xff, 0xff, 0xff, 0xff, 0xff, 0xff,
    0xff, 0xff, 0xff, 0xff, 0xff, 0xff, 0xff, 0xff, 0xff, 0xff, 0xff, 0xff,
    0xff, 0xff, 0xff, 0xff, 0xea, 0xea, 0xea, 0xff, 0x5f, 0x5f, 0x5f, 0xff,
    0x03, 0x03, 0x03, 0xff, 0x00, 0x00, 0x00, 0xff, 0x00, 0x00, 0x00, 0xff,
    0x00, 0x00, 0x00, 0xff, 0x00, 0x00, 0x00, 0xff, 0x00, 0x00, 0x00, 0xff,
    0x37, 0x38, 0x38, 0xff, 0xe2, 0xe2, 0xe2, 0xff, 0xff, 0xff, 0xff, 0xff,
    0xff, 0xff, 0xff, 0xff, 0xff, 0xff, 0xff, 0xff, 0xff, 0xff, 0xff, 0xff,
    0x9a, 0x9a, 0x9a, 0xff, 0x07, 0x07, 0x07, 0xff, 0x00, 0x00, 0x00, 0xff,
    0x00, 0x00, 0x00, 0xff, 0x00, 0x00, 0x00, 0xff, 0x00, 0x00, 0x00, 0xff,
    0x00, 0x00, 0x00, 0xff, 0x00, 0x00, 0x00, 0xff, 0x6e, 0x6e, 0x6e, 0xff,
    0xfb, 0xfa, 0xfa, 0xff, 0xff, 0xff, 0xff, 0xff, 0xff, 0xff, 0xff, 0xff,
    0xff, 0xff, 0xff, 0xff, 0xff, 0xff, 0xff, 0xff, 0xff, 0xff, 0xff, 0xff,
    0xfd, 0xfd, 0xfd, 0xff, 0x91, 0x91, 0x91, 0xff, 0x08, 0x08, 0x08, 0xff,
    0x00, 0x00, 0x00, 0xff, 0x00, 0x00, 0x00, 0xff, 0x00, 0x00, 0x00, 0xff,
    0x00, 0x00, 0x00, 0xff, 0x00, 0x00, 0x00, 0xff, 0x00, 0x00, 0x00, 0xff,
    0x03, 0x03, 0x03, 0xff, 0x80, 0x80, 0x80, 0xff, 0xfb, 0xfb, 0xfb, 0xff,
    0xff, 0xff, 0xff, 0xff, 0xff, 0xff, 0xff, 0xff, 0xff, 0xff, 0xff, 0xff,
    0xff, 0xff, 0xff, 0xff, 0xd3, 0xd3, 0xd3, 0xff, 0x28, 0x28, 0x28, 0xff,
    0x00, 0x00, 0x00, 0xff, 0x00, 0x00, 0x00, 0xff, 0x00, 0x00, 0x00, 0xff,
    0x00, 0x00, 0x00, 0xff, 0x00, 0x00, 0x00, 0xff, 0x4e, 0x4e, 0x4e, 0xff,
    0xf5, 0xf5, 0xf5, 0xff, 0xff, 0xff, 0xff, 0xff, 0xff, 0xff, 0xff, 0xff,
    0xff, 0xff, 0xff, 0xff, 0xff, 0xff, 0xff, 0xff, 0xff, 0xff, 0xff, 0xff,
    0xdd, 0xdd, 0xdd, 0xff, 0x39, 0x39, 0x39, 0xff, 0x00, 0x00, 0x00, 0xff,
    0x00, 0x00, 0x00, 0xff, 0x00, 0x00, 0x00, 0xff, 0x00, 0x00, 0x00, 0xff,
    0x00, 0x00, 0x00, 0xff, 0x00, 0x00, 0x00, 0xff, 0x43, 0x43, 0x43, 0xff,
    0xf9, 0xf9, 0xf9, 0xff, 0xff, 0xff, 0xff, 0xff, 0xff, 0xff, 0xff, 0xff,
    0xff, 0xff, 0xff, 0xff, 0xff, 0xff, 0xff, 0xff, 0xff, 0xff, 0xff, 0xff,
    0xff, 0xff, 0xff, 0xff, 0xff, 0xff, 0xff, 0xff, 0xff, 0xff, 0xff, 0xff,
    0xff, 0xff, 0xff, 0xff, 0xff, 0xff, 0xff, 0xff, 0xff, 0xff, 0xff, 0xff,
    0xff, 0xff, 0xff, 0xff, 0xff, 0xff, 0xff, 0xff, 0xff, 0xff, 0xff, 0xff,
    0xff, 0xff, 0xff, 0xff, 0xff, 0xff, 0xff, 0xff, 0xff, 0xff, 0xff, 0xff,
    0xff, 0xff, 0xff, 0xff, 0xff, 0xff, 0xff, 0xff, 0xff, 0xff, 0xff, 0xff,
    0xff, 0xff, 0xff, 0xff, 0xff, 0xff, 0xff, 0xff, 0xff, 0xff, 0xff, 0xff,
    0xff, 0xff, 0xff, 0xff, 0xff, 0xff, 0xff, 0xff, 0xff, 0xff, 0xff, 0xff,
    0xff, 0xff, 0xff, 0xff, 0xff, 0xff, 0xff, 0xff, 0xff, 0xff, 0xff, 0xff,
    0xd5, 0xd5, 0xd5, 0xff, 0x5a, 0x1e, 0x1e, 0xff, 0x7d, 0x00, 0x00, 0xff,
    0x80, 0x00, 0x00, 0xff, 0x7f, 0x00, 0x00, 0xff, 0x82, 0x0a, 0x0a, 0xff,
    0x98, 0x35, 0x35, 0xff, 0xb5, 0x6f, 0x6f, 0xff, 0xfa, 0xf8, 0xf8, 0xff,
    0xfc, 0xfd, 0xfd, 0xff, 0xfb, 0xfb, 0xfb, 0xff, 0xfb, 0xfb, 0xfb, 0xff,
    0xf3, 0xeb, 0xeb, 0xff, 0xd7, 0xb4, 0xb4, 0xff, 0xf0, 0xe2, 0xe1, 0xff,
    0xdf, 0xd1, 0xdd, 0xff, 0x40, 0x24, 0xbe, 0xff, 0x00, 0x00, 0xfc, 0xff,
    0x18, 0x00, 0xd2, 0xff, 0x6f, 0x00, 0x28, 0xff, 0x81, 0x00, 0x00, 0xff,
    0x7f, 0x00, 0x00, 0xff, 0x7f, 0x00, 0x00, 0xff, 0x7f, 0x00, 0x00, 0xff,
    0x7f, 0x00, 0x00, 0xff, 0x7f, 0x00, 0x00, 0xff, 0x7f, 0x01, 0x01, 0xff,
    0x93, 0x2d, 0x2d, 0xff, 0x8f, 0x25, 0x25, 0xff, 0x7d, 0x00, 0x03, 0xff,
    0x1f, 0x00, 0xb7, 0xff, 0x00, 0x00, 0xff, 0xff, 0x00, 0x00, 0xfe, 0xff,
    0x00, 0x00, 0xfe, 0xff, 0x00, 0x00, 0xfe, 0xff, 0x07, 0x00, 0xf3, 0xff,
    0x5e, 0x00, 0x54, 0xff, 0x81, 0x00, 0x00, 0xff, 0x83, 0x08, 0x08, 0xff,
    0x82, 0x07, 0x07, 0xff, 0x7f, 0x00, 0x00, 0xff, 0x80, 0x00, 0x00, 0xff,
    0x80, 0x00, 0x00, 0xff, 0x7d, 0x00, 0x0e, 0xff, 0x2e, 0x00, 0xa9, 0xff,
    0x00, 0x00, 0xff, 0xff, 0x00, 0x00, 0xfe, 0xff, 0x00, 0x00, 0xfe, 0xff,
    0x00, 0x00, 0xfd, 0xff, 0x02, 0x02, 0xff, 0xff, 0x4f, 0x01, 0x6b, 0xff,
    0x81, 0x00, 0x00, 0xff, 0x80, 0x00, 0x00, 0xff, 0x80, 0x00, 0x00, 0xff,
    0x80, 0x00, 0x00, 0xff, 0x80, 0x00, 0x00, 0xff, 0x80, 0x00, 0x00, 0xff,
    0x80, 0x00, 0x00, 0xff, 0x7f, 0x00, 0x00, 0xff, 0x80, 0x01, 0x01, 0xff,
    0x9b, 0x43, 0x43, 0xff, 0x92, 0x2d, 0x2d, 0xff, 0x7e, 0x00, 0x00, 0xff,
    0x80, 0x00, 0x00, 0xff, 0x7f, 0x00, 0x00, 0xff, 0x7f, 0x00, 0x00, 0xff,
    0x89, 0x17, 0x17, 0xff, 0xc0, 0x85, 0x85, 0xff, 0xf5, 0xec, 0xeb, 0xff,
    0x94, 0x94, 0xfc, 0xff, 0x00, 0x00, 0xfe, 0xff, 0x00, 0x00, 0xfe, 0xff,
    0x00, 0x00, 0xfe, 0xff, 0x00, 0x00, 0xfe, 0xff, 0x00, 0x00, 0xfe, 0xff,
    0x59, 0x59, 0xfd, 0xff, 0xf7, 0xf7, 0xfb, 0xff, 0xfc, 0xfd, 0xfc, 0xff,
    0xf4, 0xec, 0xec, 0xff, 0xa2, 0x4c, 0x4c, 0xff, 0x7c, 0x00, 0x00, 0xff,
    0x84, 0x05, 0x03, 0xff, 0x73, 0x3c, 0x95, 0xff, 0x06, 0x02, 0xf5, 0xff,
    0x00, 0x00, 0xfe, 0xff, 0x00, 0x00, 0xfe, 0xff, 0x00, 0x00, 0xfe, 0xff,
    0x00, 0x00, 0xfe, 0xff, 0x15, 0x00, 0xdd, 0xff, 0x6b, 0x00, 0x38, 0xff,
    0x81, 0x00, 0x00, 0xff, 0x80, 0x00, 0x00, 0xff, 0x7f, 0x00, 0x00, 0xff,
    0x86, 0x0c, 0x0a, 0xff, 0x5f, 0x00, 0x55, 0xff, 0x0a, 0x00, 0xf0, 0xff,
    0x00, 0x00, 0xfe, 0xff, 0x00, 0x00, 0xfe, 0xff, 0x3b, 0x3b, 0xfd, 0xff,
    0xe3, 0xe3, 0xfb, 0xff, 0xfc, 0xfc, 0xfa, 0xff, 0xfa, 0xfa, 0xfb, 0xff,
    0xfb, 0xfb, 0xfb, 0xff, 0xfa, 0xfa, 0xfa, 0xff, 0xfb, 0xfb, 0xfb, 0xff,
    0xfc, 0xfd, 0xfd, 0xff, 0xe1, 0xc7, 0xc7, 0xff, 0xaa, 0x5c, 0x5c, 0xff,
    0x8e, 0x27, 0x27, 0xff, 0xd7, 0xb3, 0xb5, 0xff, 0x7a, 0x79, 0xfb, 0xff,
    0x00, 0x00, 0xfe, 0xff, 0x00, 0x00, 0xfe, 0xff, 0x00, 0x00, 0xfe, 0xff,
    0x02, 0x00, 0xfc, 0xff, 0x3c, 0x00, 0x93, 0xff, 0x7e, 0x00, 0x04, 0xff,
    0x80, 0x00, 0x00, 0xff, 0x7f, 0x00, 0x00, 0xff, 0x80, 0x00, 0x00, 0xff,
    0x80, 0x00, 0x00, 0xff, 0x80, 0x00, 0x00, 0xff, 0x80, 0x00, 0x00, 0xff,
    0x80, 0x00, 0x00, 0xff, 0x7e, 0x00, 0x00, 0xff, 0x91, 0x23, 0x23, 0xff,
    0x8f, 0x28, 0x28, 0xff, 0x7e, 0x00, 0x00, 0xff, 0x7f, 0x00, 0x00, 0xff,
    0x81, 0x00, 0x00, 0xff, 0x6a, 0x03, 0x03, 0xff, 0x8c, 0x79, 0x79, 0xff,
    0xfa, 0xfb, 0xfb, 0xff, 0xff, 0xff, 0xff, 0xff, 0xff, 0xff, 0xff, 0xff,
    0xff, 0xff, 0xff, 0xff, 0xff, 0xff, 0xff, 0xff, 0xff, 0xff, 0xff, 0xff,
    0xff, 0xff, 0xff, 0xff, 0xff, 0xff, 0xff, 0xff, 0xff, 0xff, 0xff, 0xff,
    0xff, 0xff, 0xff, 0xff, 0xbe, 0xbe, 0xbe, 0xff, 0x18, 0x18, 0x18, 0xff,
    0x00, 0x00, 0x00, 0xff, 0x00, 0x00, 0x00, 0xff, 0x00, 0x00, 0x00, 0xff,
    0x00, 0x00, 0x00, 0xff, 0x00, 0x00, 0x00, 0xff, 0x00, 0x00, 0x00, 0xff,
    0x00, 0x00, 0x00, 0xff, 0x00, 0x00, 0x00, 0xff, 0x00, 0x00, 0x00, 0xff,
    0x00, 0x00, 0x00, 0xff, 0x00, 0x00, 0x00, 0xff, 0x00, 0x00, 0x00, 0xff,
    0x00, 0x00, 0x00, 0xff, 0x00, 0x00, 0x00, 0xff, 0x00, 0x00, 0x00, 0xff,
    0x00, 0x00, 0x00, 0xff, 0x00, 0x00, 0x00, 0xff, 0x00, 0x00, 0x00, 0xff,
    0x00, 0x00, 0x00, 0xff, 0x8a, 0x8a, 0x8a, 0xff, 0xff, 0xff, 0xff, 0xff,
    0xff, 0xff, 0xff, 0xff, 0xfe, 0xfe, 0xfe, 0xff, 0x89, 0x89, 0x89, 0xff,
    0x03, 0x03, 0x03, 0xff, 0x00, 0x00, 0x00, 0xff, 0x00, 0x00, 0x00, 0xff,
    0x00, 0x00, 0x00, 0xff, 0x00, 0x00, 0x00, 0xff, 0x00, 0x00, 0x00, 0xff,
    0x02, 0x02, 0x02, 0xff, 0x4b, 0x4b, 0x4b, 0xff, 0xba, 0xba, 0xba, 0xff,
    0xee, 0xee, 0xee, 0xff, 0xf8, 0xf8, 0xf8, 0xff, 0xf9, 0xf9, 0xf9, 0xff,
    0xf1, 0xf1, 0xf1, 0xff, 0xc5, 0xc5, 0xc5, 0xff, 0x59, 0x59, 0x59, 0xff,
    0x01, 0x01, 0x01, 0xff, 0x00, 0x00, 0x00, 0xff, 0x00, 0x00, 0x00, 0xff,
    0x00, 0x00, 0x00, 0xff, 0x00, 0x00, 0x00, 0xff, 0x00, 0x00, 0x00, 0xff,
    0x06, 0x06, 0x06, 0xff, 0x89, 0x89, 0x89, 0xff, 0xfe, 0xfe, 0xfe, 0xff,
    0xff, 0xff, 0xff, 0xff, 0xff, 0xff, 0xff, 0xff, 0xff, 0xff, 0xff, 0xff,
    0xff, 0xff, 0xff, 0xff, 0x9a, 0x9a, 0x9a, 0xff, 0x07, 0x07, 0x07, 0xff,
    0x00, 0x00, 0x00, 0xff, 0x00, 0x00, 0x00, 0xff, 0x00, 0x00, 0x00, 0xff,
    0x00, 0x00, 0x00, 0xff, 0x00, 0x00, 0x00, 0xff, 0x00, 0x00, 0x00, 0xff,
    0x6e, 0x6e, 0x6e, 0xff, 0xfb, 0xfa, 0xfa, 0xff, 0xff, 0xff, 0xff, 0xff,
    0xff, 0xff, 0xff, 0xff, 0xff, 0xff, 0xff, 0xff, 0xff, 0xff, 0xff, 0xff,
    0xff, 0xff, 0xff, 0xff, 0xff, 0xff, 0xff, 0xff, 0xe9, 0xe9, 0xe9, 0xff,
    0x42, 0x42, 0x42, 0xff, 0x00, 0x00, 0x00, 0xff, 0x00, 0x00, 0x00, 0xff,
    0x00, 0x00, 0x00, 0xff, 0x00, 0x00, 0x00, 0xff, 0x00, 0x00, 0x00, 0xff,
    0x00, 0x00, 0x00, 0xff, 0x00, 0x00, 0x00, 0xff, 0x1d, 0x1d, 0x1d, 0xff,
    0xc6, 0xc6, 0xc6, 0xff, 0xff, 0xff, 0xff, 0xff, 0xff, 0xff, 0xff, 0xff,
    0xff, 0xff, 0xff, 0xff, 0xff, 0xff, 0xff, 0xff, 0xdc, 0xdc, 0xdc, 0xff,
    0x30, 0x30, 0x30, 0xff, 0x00, 0x00, 0x00, 0xff, 0x00, 0x00, 0x00, 0xff,
    0x00, 0x00, 0x00, 0xff, 0x00, 0x00, 0x00, 0xff, 0x00, 0x00, 0x00, 0xff,
    0x18, 0x18, 0x18, 0xff, 0xac, 0xac, 0xac, 0xff, 0xf8, 0xf8, 0xf8, 0xff,
    0xfe, 0xfe, 0xfe, 0xff, 0xfe, 0xfe, 0xfe, 0xff, 0xfa, 0xfa, 0xfa, 0xff,
    0xd2, 0xd2, 0xd2, 0xff, 0x58, 0x58, 0x58, 0xff, 0x02, 0x02, 0x02, 0xff,
    0x00, 0x00, 0x00, 0xff, 0x00, 0x00, 0x00, 0xff, 0x00, 0x00, 0x00, 0xff,
    0x00, 0x00, 0x00, 0xff, 0x00, 0x00, 0x00, 0xff, 0x00, 0x00, 0x00, 0xff,
    0x43, 0x43, 0x43, 0xff, 0xf9, 0xf9, 0xf9, 0xff, 0xff, 0xff, 0xff, 0xff,
    0xff, 0xff, 0xff, 0xff, 0xff, 0xff, 0xff, 0xff, 0xff, 0xff, 0xff, 0xff,
    0xff, 0xff, 0xff, 0xff, 0xff, 0xff, 0xff, 0xff, 0xff, 0xff, 0xff, 0xff,
    0xff, 0xff, 0xff, 0xff, 0xff, 0xff, 0xff, 0xff, 0xff, 0xff, 0xff, 0xff,
    0xff, 0xff, 0xff, 0xff, 0xff, 0xff, 0xff, 0xff, 0xff, 0xff, 0xff, 0xff,
    0xff, 0xff, 0xff, 0xff, 0xff, 0xff, 0xff, 0xff, 0xff, 0xff, 0xff, 0xff,
    0xff, 0xff, 0xff, 0xff, 0xff, 0xff, 0xff, 0xff, 0xff, 0xff, 0xff, 0xff,
    0xff, 0xff, 0xff, 0xff, 0xff, 0xff, 0xff, 0xff, 0xff, 0xff, 0xff, 0xff,
    0xff, 0xff, 0xff, 0xff, 0xff, 0xff, 0xff, 0xff, 0xff, 0xff, 0xff, 0xff,
    0xff, 0xff, 0xff, 0xff, 0xff, 0xff, 0xff, 0xff, 0xff, 0xff, 0xff, 0xff,
    0xff, 0xff, 0xff, 0xff, 0xfa, 0xfb, 0xfb, 0xff, 0x92, 0x86, 0x86, 0xff,
    0x67, 0x05, 0x05, 0xff, 0x81, 0x00, 0x00, 0xff, 0x7f, 0x00, 0x00, 0xff,
    0x81, 0x04, 0x04, 0xff, 0xa1, 0x4a, 0x4a, 0xff, 0xd9, 0xb8, 0xb8, 0xff,
    0xfb, 0xfa, 0xfa, 0xff, 0xfb, 0xfb, 0xfb, 0xff, 0xfa, 0xfa, 0xfa, 0xff,
    0xfa, 0xfa, 0xfb, 0xff, 0xfb, 0xfc, 0xfc, 0xff, 0xfd, 0xfe, 0xfd, 0xff,
    0xfd, 0xfd, 0xfc, 0xff, 0x99, 0x99, 0xfd, 0xff, 0x0a, 0x0b, 0xff, 0xff,
    0x05, 0x01, 0xf9, 0xff, 0x4c, 0x01, 0x76, 0xff, 0x81, 0x00, 0x01, 0xff,
    0x80, 0x00, 0x00, 0xff, 0x7f, 0x00, 0x00, 0xff, 0x81, 0x05, 0x05, 0xff,
    0x84, 0x0f, 0x0f, 0xff, 0x81, 0x03, 0x03, 0xff, 0x7f, 0x00, 0x00, 0xff,
    0x80, 0x00, 0x00, 0xff, 0x80, 0x05, 0x05, 0xff, 0x95, 0x34, 0x34, 0xff,
    0x85, 0x0e, 0x10, 0xff, 0x3c, 0x00, 0x8d, 0xff, 0x00, 0x00, 0xfe, 0xff,
    0x00, 0x00, 0xfe, 0xff, 0x00, 0x00, 0xfe, 0xff, 0x00, 0x00, 0xfe, 0xff,
    0x02, 0x00, 0xfc, 0xff, 0x46, 0x00, 0x82, 0xff, 0x82, 0x00, 0x00, 0xff,
    0x83, 0x0c, 0x0c, 0xff, 0x8d, 0x21, 0x21, 0xff, 0x80, 0x02, 0x02, 0xff,
    0x7f, 0x00, 0x00, 0xff, 0x81, 0x00, 0x00, 0xff, 0x73, 0x00, 0x23, 0xff,
    0x1b, 0x00, 0xd4, 0xff, 0x00, 0x00, 0xfe, 0xff, 0x00, 0x00, 0xfe, 0xff,
    0x00, 0x00, 0xfe, 0xff, 0x00, 0x00, 0xfe, 0xff, 0x0d, 0x05, 0xef, 0xff,
    0x64, 0x03, 0x41, 0xff, 0x81, 0x00, 0x00, 0xff, 0x7f, 0x00, 0x00, 0xff,
    0x80, 0x00, 0x00, 0xff, 0x80, 0x00, 0x00, 0xff, 0x80, 0x00, 0x00, 0xff,
    0x80, 0x00, 0x00, 0xff, 0x80, 0x00, 0x00, 0xff, 0x7f, 0x00, 0x00, 0xff,
    0x80, 0x00, 0x00, 0xff, 0x89, 0x19, 0x19, 0xff, 0x86, 0x11, 0x11, 0xff,
    0x7f, 0x00, 0x00, 0xff, 0x80, 0x00, 0x00, 0xff, 0x80, 0x00, 0x00, 0xff,
    0x7f, 0x00, 0x00, 0xff, 0x7d, 0x00, 0x00, 0xff, 0x8e, 0x24, 0x24, 0xff,
    0xe8, 0xd6, 0xda, 0xff, 0x5d, 0x5e, 0xfe, 0xff, 0x00, 0x00, 0xfd, 0xff,
    0x00, 0x00, 0xfe, 0xff, 0x00, 0x00, 0xfe, 0xff, 0x00, 0x00, 0xfe, 0xff,
    0x05, 0x05, 0xfe, 0xff, 0x8d, 0x8d, 0xfc, 0xff, 0xff, 0xff, 0xfb, 0xff,
    0xfe, 0xff, 0xff, 0xff, 0xdb, 0xb8, 0xb8, 0xff, 0x83, 0x08, 0x08, 0xff,
    0x7f, 0x00, 0x00, 0xff, 0x81, 0x02, 0x00, 0xff, 0x87, 0x21, 0x38, 0xff,
    0x26, 0x01, 0xbc, 0xff, 0x00, 0x00, 0xfe, 0xff, 0x00, 0x00, 0xfe, 0xff,
    0x00, 0x00, 0xfe, 0xff, 0x00, 0x00, 0xfe, 0xff, 0x00, 0x00, 0xff, 0xff,
    0x37, 0x00, 0x9c, 0xff, 0x7e, 0x00, 0x07, 0xff, 0x7f, 0x00, 0x00, 0xff,
    0x87, 0x13, 0x13, 0xff, 0x8a, 0x16, 0x12, 0xff, 0x43, 0x00, 0x77, 0xff,
    0x01, 0x00, 0xfc, 0xff, 0x00, 0x00, 0xfe, 0xff, 0x00, 0x00, 0xfe, 0xff,
    0x05, 0x05, 0xfd, 0xff, 0x7a, 0x7a, 0xfa, 0xff, 0xf8, 0xf8, 0xfb, 0xff,
    0xfc, 0xfc, 0xfa, 0xff, 0xfa, 0xfa, 0xfb, 0xff, 0xfb, 0xfb, 0xfb, 0xff,
    0xfc, 0xfc, 0xfc, 0xff, 0xd9, 0xb8, 0xb8, 0xff, 0x8f, 0x28, 0x28, 0xff,
    0x7b, 0x00, 0x00, 0xff, 0x99, 0x36, 0x35, 0xff, 0xde, 0xd2, 0xe6, 0xff,
    0x3b, 0x3c, 0xff, 0xff, 0x00, 0x00, 0xfd, 0xff, 0x00, 0x00, 0xfe, 0xff,
    0x00, 0x00, 0xff, 0xff, 0x1d, 0x02, 0xd3, 0xff, 0x70, 0x00, 0x28, 0xff,
    0x81, 0x00, 0x00, 0xff, 0x7f, 0x00, 0x00, 0xff, 0x80, 0x00, 0x00, 0xff,
    0x80, 0x00, 0x00, 0xff, 0x80, 0x00, 0x00, 0xff, 0x80, 0x00, 0x00, 0xff,
    0x80, 0x00, 0x00, 0xff, 0x7f, 0x00, 0x00, 0xff, 0x81, 0x03, 0x03, 0xff,
    0x82, 0x06, 0x06, 0xff, 0x80, 0x00, 0x00, 0xff, 0x7f, 0x00, 0x00, 0xff,
    0x80, 0x00, 0x00, 0xff, 0x7d, 0x00, 0x00, 0xff, 0x65, 0x2e, 0x2f, 0xff,
    0xd4, 0xd4, 0xd4, 0xff, 0xff, 0xff, 0xff, 0xff, 0xff, 0xff, 0xff, 0xff,
    0xff, 0xff, 0xff, 0xff, 0xff, 0xff, 0xff, 0xff, 0xff, 0xff, 0xff, 0xff,
    0xff, 0xff, 0xff, 0xff, 0xff, 0xff, 0xff, 0xff, 0xff, 0xff, 0xff, 0xff,
    0xff, 0xff, 0xff, 0xff, 0xff, 0xff, 0xff, 0xff, 0xbe, 0xbe, 0xbe, 0xff,
    0x18, 0x18, 0x18, 0xff, 0x00, 0x00, 0x00, 0xff, 0x00, 0x00, 0x00, 0xff,
    0x00, 0x00, 0x00, 0xff, 0x00, 0x00, 0x00, 0xff, 0x00, 0x00, 0x00, 0xff,
    0x00, 0x00, 0x00, 0xff, 0x00, 0x00, 0x00, 0xff, 0x00, 0x00, 0x00, 0xff,
    0x00, 0x00, 0x00, 0xff, 0x00, 0x00, 0x00, 0xff, 0x00, 0x00, 0x00, 0xff,
    0x00, 0x00, 0x00, 0xff, 0x00, 0x00, 0x00, 0xff, 0x00, 0x00, 0x00, 0xff,
    0x00, 0x00, 0x00, 0xff, 0x00, 0x00, 0x00, 0xff, 0x00, 0x00, 0x00, 0xff,
    0x00, 0x00, 0x00, 0xff, 0x00, 0x00, 0x00, 0xff, 0x8a, 0x8a, 0x8a, 0xff,
    0xff, 0xff, 0xff, 0xff, 0xff, 0xff, 0xff, 0xff, 0xff, 0xff, 0xff, 0xff,
    0xe5, 0xe5, 0xe5, 0xff, 0x49, 0x49, 0x49, 0xff, 0x00, 0x00, 0x00, 0xff,
    0x00, 0x00, 0x00, 0xff, 0x00, 0x00, 0x00, 0xff, 0x00, 0x00, 0x00, 0xff,
    0x00, 0x00, 0x00, 0xff, 0x00, 0x00, 0x00, 0xff, 0x00, 0x00, 0x00, 0xff,
    0x14, 0x14, 0x14, 0xff, 0x32, 0x32, 0x32, 0xff, 0x51, 0x51, 0x51, 0xff,
    0x53, 0x53, 0x53, 0xff, 0x3b, 0x3b, 0x3b, 0xff, 0x19, 0x19, 0x19, 0xff,
    0x00, 0x00, 0x00, 0xff, 0x00, 0x00, 0x00, 0xff, 0x00, 0x00, 0x00, 0xff,
    0x00, 0x00, 0x00, 0xff, 0x00, 0x00, 0x00, 0xff, 0x00, 0x00, 0x00, 0xff,
    0x00, 0x00, 0x00, 0xff, 0x44, 0x44, 0x44, 0xff, 0xe7, 0xe7, 0xe7, 0xff,
    0xff, 0xff, 0xff, 0xff, 0xff, 0xff, 0xff, 0xff, 0xff, 0xff, 0xff, 0xff,
    0xff, 0xff, 0xff, 0xff, 0xff, 0xff, 0xff, 0xff, 0x9a, 0x9a, 0x9a, 0xff,
    0x07, 0x07, 0x07, 0xff, 0x00, 0x00, 0x00, 0xff, 0x00, 0x00, 0x00, 0xff,
    0x00, 0x00, 0x00, 0xff, 0x00, 0x00, 0x00, 0xff, 0x00, 0x00, 0x00, 0xff,
    0x00, 0x00, 0x00, 0xff, 0x6e, 0x6e, 0x6e, 0xff, 0xfb, 0xfa, 0xfa, 0xff,
    0xff, 0xff, 0xff, 0xff, 0xff, 0xff, 0xff, 0xff, 0xff, 0xff, 0xff, 0xff,
    0xff, 0xff, 0xff, 0xff, 0xff, 0xff, 0xff, 0xff, 0xff, 0xff, 0xff, 0xff,
    0xff, 0xff, 0xff, 0xff, 0xaf, 0xb0, 0xb0, 0xff, 0x12, 0x12, 0x12, 0xff,
    0x00, 0x00, 0x00, 0xff, 0x00, 0x00, 0x00, 0xff, 0x00, 0x00, 0x00, 0xff,
    0x00, 0x00, 0x00, 0xff, 0x00, 0x00, 0x00, 0xff, 0x00, 0x00, 0x00, 0xff,
    0x01, 0x01, 0x01, 0xff, 0x5a, 0x5a, 0x5a, 0xff, 0xee, 0xee, 0xee, 0xff,
    0xff, 0xff, 0xff, 0xff, 0xff, 0xff, 0xff, 0xff, 0xff, 0xff, 0xff, 0xff,
    0xf2, 0xf2, 0xf2, 0xff, 0x4a, 0x4a, 0x4a, 0xff, 0x00, 0x00, 0x00, 0xff,
    0x00, 0x00, 0x00, 0xff, 0x00, 0x00, 0x00, 0xff, 0x00, 0x00, 0x00, 0xff,
    0x00, 0x00, 0x00, 0xff, 0x00, 0x00, 0x00, 0xff, 0x17, 0x17, 0x17, 0xff,
    0x5c, 0x5c, 0x5c, 0xff, 0x88, 0x88, 0x88, 0xff, 0x87, 0x85, 0x85, 0xff,
    0x61, 0x61, 0x61, 0xff, 0x21, 0x21, 0x21, 0xff, 0x02, 0x02, 0x02, 0xff,
    0x00, 0x00, 0x00, 0xff, 0x00, 0x00, 0x00, 0xff, 0x00, 0x00, 0x00, 0xff,
    0x00, 0x00, 0x00, 0xff, 0x00, 0x00, 0x00, 0xff, 0x00, 0x00, 0x00, 0xff,
    0x00, 0x00, 0x00, 0xff, 0x44, 0x44, 0x44, 0xff, 0xf9, 0xf9, 0xf9, 0xff,
    0xff, 0xff, 0xff, 0xff, 0xff, 0xff, 0xff, 0xff, 0xff, 0xff, 0xff, 0xff,
    0xff, 0xff, 0xff, 0xff, 0xff, 0xff, 0xff, 0xff, 0xff, 0xff, 0xff, 0xff,
    0xff, 0xff, 0xff, 0xff, 0xff, 0xff, 0xff, 0xff, 0xff, 0xff, 0xff, 0xff,
    0xff, 0xff, 0xff, 0xff, 0xff, 0xff, 0xff, 0xff, 0xff, 0xff, 0xff, 0xff,
    0xff, 0xff, 0xff, 0xff, 0xff, 0xff, 0xff, 0xff, 0xff, 0xff, 0xff, 0xff,
    0xff, 0xff, 0xff, 0xff, 0xff, 0xff, 0xff, 0xff, 0xff, 0xff, 0xff, 0xff,
    0xff, 0xff, 0xff, 0xff, 0xff, 0xff, 0xff, 0xff, 0xff, 0xff, 0xff, 0xff,
    0xff, 0xff, 0xff, 0xff, 0xff, 0xff, 0xff, 0xff, 0xff, 0xff, 0xff, 0xff,
    0xff, 0xff, 0xff, 0xff, 0xff, 0xff, 0xff, 0xff, 0xff, 0xff, 0xff, 0xff,
    0xff, 0xff, 0xff, 0xff, 0xff, 0xff, 0xff, 0xff, 0xff, 0xff, 0xff, 0xff,
    0xda, 0xdb, 0xdb, 0xff, 0x67, 0x3a, 0x3a, 0xff, 0x79, 0x00, 0x00, 0xff,
    0x7e, 0x00, 0x00, 0xff, 0xa0, 0x45, 0x45, 0xff, 0xef, 0xe0, 0xe0, 0xff,
    0xfc, 0xfe, 0xfe, 0xff, 0xfa, 0xfa, 0xfa, 0xff, 0xfa, 0xfa, 0xfb, 0xff,
    0xfb, 0xfb, 0xfb, 0xff, 0xfc, 0xfc, 0xfa, 0xff, 0xfd, 0xfd, 0xfa, 0xff,
    0xf7, 0xf7, 0xfb, 0xff, 0xac, 0xac, 0xfc, 0xff, 0x23, 0x23, 0xfd, 0xff,
    0x00, 0x00, 0xfe, 0xff, 0x1f, 0x1d, 0xfb, 0xff, 0x94, 0x59, 0x88, 0xff,
    0x86, 0x0b, 0x08, 0xff, 0x80, 0x00, 0x00, 0xff, 0x80, 0x00, 0x00, 0xff,
    0x81, 0x03, 0x03, 0xff, 0x8a, 0x1b, 0x1b, 0xff, 0x84, 0x0d, 0x0d, 0xff,
    0x7f, 0x00, 0x00, 0xff, 0x80, 0x00, 0x00, 0xff, 0x7f, 0x00, 0x00, 0xff,
    0x90, 0x2b, 0x2a, 0xff, 0x90, 0x21, 0x1e, 0xff, 0x4c, 0x00, 0x6c, 0xff,
    0x00, 0x00, 0xfc, 0xff, 0x00, 0x00, 0xfe, 0xff, 0x00, 0x00, 0xfe, 0xff,
    0x00, 0x00, 0xfe, 0xff, 0x00, 0x00, 0xff, 0xff, 0x24, 0x00, 0xb9, 0xff,
    0x78, 0x00, 0x14, 0xff, 0x83, 0x04, 0x02, 0xff, 0x94, 0x34, 0x33, 0xff,
    0x81, 0x05, 0x05, 0xff, 0x81, 0x00, 0x00, 0xff, 0x83, 0x00, 0x00, 0xff,
    0x57, 0x00, 0x4c, 0xff, 0x03, 0x00, 0xf0, 0xff, 0x00, 0x00, 0xfe, 0xff,
    0x00, 0x00, 0xfe, 0xff, 0x00, 0x00, 0xfe, 0xff, 0x00, 0x00, 0xfe, 0xff,
    0x14, 0x03, 0xe2, 0xff, 0x75, 0x19, 0x4b, 0xff, 0x84, 0x03, 0x00, 0xff,
    0x80, 0x00, 0x00, 0xff, 0x80, 0x00, 0x00, 0xff, 0x7f, 0x00, 0x00, 0xff,
    0x80, 0x00, 0x00, 0xff, 0x80, 0x00, 0x00, 0xff, 0x80, 0x00, 0x00, 0xff,
    0x7f, 0x00, 0x00, 0xff, 0x7f, 0x00, 0x00, 0xff, 0x86, 0x13, 0x13, 0xff,
    0x86, 0x0f, 0x0f, 0xff, 0x7f, 0x00, 0x00, 0xff, 0x80, 0x00, 0x00, 0xff,
    0x80, 0x00, 0x00, 0xff, 0x80, 0x00, 0x00, 0xff, 0x7f, 0x00, 0x00, 0xff,
    0x96, 0x2d, 0x2a, 0xff, 0xcc, 0xbd, 0xde, 0xff, 0x28, 0x29, 0xfe, 0xff,
    0x00, 0x00, 0xfe, 0xff, 0x00, 0x00, 0xfe, 0xff, 0x00, 0x00, 0xfe, 0xff,
    0x00, 0x00, 0xfe, 0xff, 0x09, 0x09, 0xfd, 0xff, 0xa2, 0xa3, 0xfc, 0xff,
    0xfd, 0xfa, 0xf5, 0xff, 0xeb, 0xd8, 0xd7, 0xff, 0xaa, 0x5a, 0x5a, 0xff,
    0x7e, 0x00, 0x00, 0xff, 0x7f, 0x00, 0x00, 0xff, 0x84, 0x0d, 0x0d, 0xff,
    0x86, 0x0f, 0x10, 0xff, 0x51, 0x00, 0x64, 0xff, 0x05, 0x00, 0xf4, 0xff,
    0x00, 0x00, 0xfe, 0xff, 0x00, 0x00, 0xfe, 0xff, 0x00, 0x00, 0xfe, 0xff,
    0x00, 0x00, 0xfe, 0xff, 0x0a, 0x00, 0xee, 0xff, 0x55, 0x00, 0x67, 0xff,
    0x7f, 0x00, 0x03, 0xff, 0x94, 0x2c, 0x29, 0xff, 0x89, 0x1a, 0x24, 0xff,
    0x30, 0x00, 0xa1, 0xff, 0x00, 0x00, 0xff, 0xff, 0x00, 0x00, 0xfe, 0xff,
    0x00, 0x00, 0xfe, 0xff, 0x00, 0x00, 0xfd, 0xff, 0x13, 0x13, 0xfc, 0xff,
    0x95, 0x95, 0xfc, 0xff, 0xf7, 0xf7, 0xfb, 0xff, 0xfd, 0xfd, 0xfa, 0xff,
    0xfb, 0xfc, 0xfb, 0xff, 0xfb, 0xfa, 0xfa, 0xff, 0xb4, 0x6c, 0x6c, 0xff,
    0x7d, 0x00, 0x00, 0xff, 0x81, 0x09, 0x07, 0xff, 0xc9, 0x99, 0x9d, 0xff,
    0x92, 0x91, 0xfb, 0xff, 0x0a, 0x0a, 0xfe, 0xff, 0x00, 0x00, 0xfe, 0xff,
    0x00, 0x00, 0xff, 0xff, 0x1a, 0x0e, 0xe5, 0xff, 0x6e, 0x22, 0x67, 0xff,
    0x80, 0x00, 0x02, 0xff, 0x80, 0x00, 0x00, 0xff, 0x80, 0x00, 0x00, 0xff,
    0x80, 0x00, 0x00, 0xff, 0x80, 0x00, 0x00, 0xff, 0x80, 0x00, 0x00, 0xff,
    0x80, 0x00, 0x00, 0xff, 0x80, 0x00, 0x00, 0xff, 0x7f, 0x02, 0x02, 0xff,
    0x97, 0x36, 0x36, 0xff, 0x88, 0x15, 0x15, 0xff, 0x7f, 0x00, 0x00, 0xff,
    0x7f, 0x00, 0x00, 0xff, 0x81, 0x00, 0x00, 0xff, 0x68, 0x07, 0x07, 0xff,
    0x9a, 0x8c, 0x8c, 0xff, 0xfb, 0xfc, 0xfc, 0xff, 0xff, 0xff, 0xff, 0xff,
    0xff, 0xff, 0xff, 0xff, 0xff, 0xff, 0xff, 0xff, 0xff, 0xff, 0xff, 0xff,
    0xff, 0xff, 0xff, 0xff, 0xff, 0xff, 0xff, 0xff, 0xff, 0xff, 0xff, 0xff,
    0xff, 0xff, 0xff, 0xff, 0xff, 0xff, 0xff, 0xff, 0xff, 0xff, 0xff, 0xff,
    0xbe, 0xbe, 0xbe, 0xff, 0x18, 0x18, 0x18, 0xff, 0x00, 0x00, 0x00, 0xff,
    0x00, 0x00, 0x00, 0xff, 0x00, 0x00, 0x00, 0xff, 0x00, 0x00, 0x00, 0xff,
    0x00, 0x00, 0x00, 0xff, 0x00, 0x00, 0x00, 0xff, 0x00, 0x00, 0x00, 0xff,
    0x00, 0x00, 0x00, 0xff, 0x00, 0x00, 0x00, 0xff, 0x00, 0x00, 0x00, 0xff,
    0x00, 0x00, 0x00, 0xff, 0x00, 0x00, 0x00, 0xff, 0x00, 0x00, 0x00, 0xff,
    0x00, 0x00, 0x00, 0xff, 0x00, 0x00, 0x00, 0xff, 0x00, 0x00, 0x00, 0xff,
    0x00, 0x00, 0x00, 0xff, 0x00, 0x00, 0x00, 0xff, 0x00, 0x00, 0x00, 0xff,
    0x8a, 0x8a, 0x8a, 0xff, 0xff, 0xff, 0xff, 0xff, 0xff, 0xff, 0xff, 0xff,
    0xff, 0xff, 0xff, 0xff, 0xff, 0xff, 0xff, 0xff, 0xc8, 0xc8, 0xc8, 0xff,
    0x26, 0x25, 0x25, 0xff, 0x00, 0x00, 0x00, 0xff, 0x00, 0x00, 0x00, 0xff,
    0x00, 0x00, 0x00, 0xff, 0x00, 0x00, 0x00, 0xff, 0x00, 0x00, 0x00, 0xff,
    0x00, 0x00, 0x00, 0xff, 0x00, 0x00, 0x00, 0xff, 0x00, 0x00, 0x00, 0xff,
    0x00, 0x00, 0x00, 0xff, 0x00, 0x00, 0x00, 0xff, 0x00, 0x00, 0x00, 0xff,
    0x00, 0x00, 0x00, 0xff, 0x00, 0x00, 0x00, 0xff, 0x00, 0x00, 0x00, 0xff,
    0x00, 0x00, 0x00, 0xff, 0x00, 0x00, 0x00, 0xff, 0x00, 0x00, 0x00, 0xff,
    0x00, 0x00, 0x00, 0xff, 0x2a, 0x2a, 0x2a, 0xff, 0xc5, 0xc5, 0xc5, 0xff,
    0xff, 0xff, 0xff, 0xff, 0xff, 0xff, 0xff, 0xff, 0xff, 0xff, 0xff, 0xff,
    0xff, 0xff, 0xff, 0xff, 0xff, 0xff, 0xff, 0xff, 0xff, 0xff, 0xff, 0xff,
    0x9a, 0x9a, 0x9a, 0xff, 0x07, 0x07, 0x07, 0xff, 0x00, 0x00, 0x00, 0xff,
    0x00, 0x00, 0x00, 0xff, 0x00, 0x00, 0x00, 0xff, 0x00, 0x00, 0x00, 0xff,
    0x00, 0x00, 0x00, 0xff, 0x00, 0x00, 0x00, 0xff, 0x6e, 0x6e, 0x6e, 0xff,
    0xfb, 0xfa, 0xfa, 0xff, 0xff, 0xff, 0xff, 0xff, 0xff, 0xff, 0xff, 0xff,
    0xff, 0xff, 0xff, 0xff, 0xff, 0xff, 0xff, 0xff, 0xff, 0xff, 0xff, 0xff,
    0xff, 0xff, 0xff, 0xff, 0xff, 0xff, 0xff, 0xff, 0xf7, 0xf7, 0xf7, 0xff,
    0x63, 0x63, 0x63, 0xff, 0x00, 0x00, 0x00, 0xff, 0x00, 0x00, 0x00, 0xff,
    0x00, 0x00, 0x00, 0xff, 0x00, 0x00, 0x00, 0xff, 0x00, 0x00, 0x00, 0xff,
    0x00, 0x00, 0x00, 0xff, 0x00, 0x00, 0x00, 0xff, 0x0c, 0x0b, 0x0b, 0xff,
    0xa5, 0xa5, 0xa5, 0xff, 0xff, 0xff, 0xff, 0xff, 0xff, 0xff, 0xff, 0xff,
    0xff, 0xff, 0xff, 0xff, 0xff, 0xff, 0xff, 0xff, 0x96, 0x96, 0x96, 0xff,
    0x06, 0x06, 0x06, 0xff, 0x00, 0x00, 0x00, 0xff, 0x00, 0x00, 0x00, 0xff,
    0x00, 0x00, 0x00, 0xff, 0x00, 0x00, 0x00, 0xff, 0x00, 0x00, 0x00, 0xff,
    0x00, 0x00, 0x00, 0xff, 0x00, 0x00, 0x00, 0xff, 0x00, 0x00, 0x00, 0xff,
    0x00, 0x00, 0x00, 0xff, 0x00, 0x00, 0x00, 0xff, 0x00, 0x00, 0x00, 0xff,
    0x00, 0x00, 0x00, 0xff, 0x00, 0x00, 0x00, 0xff, 0x00, 0x00, 0x00, 0xff,
    0x00, 0x00, 0x00, 0xff, 0x00, 0x00, 0x00, 0xff, 0x00, 0x00, 0x00, 0xff,
    0x00, 0x00, 0x00, 0xff, 0x00, 0x00, 0x00, 0xff, 0x42, 0x42, 0x42, 0xff,
    0xf6, 0xf6, 0xf6, 0xff, 0xff, 0xff, 0xff, 0xff, 0xff, 0xff, 0xff, 0xff,
    0xff, 0xff, 0xff, 0xff, 0xff, 0xff, 0xff, 0xff, 0xff, 0xff, 0xff, 0xff,
    0xff, 0xff, 0xff, 0xff, 0xff, 0xff, 0xff, 0xff, 0xff, 0xff, 0xff, 0xff,
    0xff, 0xff, 0xff, 0xff, 0xff, 0xff, 0xff, 0xff, 0xff, 0xff, 0xff, 0xff,
    0xff, 0xff, 0xff, 0xff, 0xff, 0xff, 0xff, 0xff, 0xff, 0xff, 0xff, 0xff,
    0xff, 0xff, 0xff, 0xff, 0xff, 0xff, 0xff, 0xff, 0xff, 0xff, 0xff, 0xff,
    0xff, 0xff, 0xff, 0xff, 0xff, 0xff, 0xff, 0xff, 0xff, 0xff, 0xff, 0xff,
    0xff, 0xff, 0xff, 0xff, 0xff, 0xff, 0xff, 0xff, 0xff, 0xff, 0xff, 0xff,
    0xff, 0xff, 0xff, 0xff, 0xff, 0xff, 0xff, 0xff, 0xff, 0xff, 0xff, 0xff,
    0xff, 0xff, 0xff, 0xff, 0xff, 0xff, 0xff, 0xff, 0xff, 0xff, 0xff, 0xff,
    0xff, 0xff, 0xff, 0xff, 0xfe, 0xff, 0xff, 0xff, 0xb6, 0xb1, 0xb1, 0xff,
    0x5e, 0x11, 0x11, 0xff, 0x7e, 0x00, 0x00, 0xff, 0x94, 0x2d, 0x2d, 0xff,
    0xe7, 0xd2, 0xd2, 0xff, 0xfd, 0xff, 0xff, 0xff, 0xfa, 0xfa, 0xfa, 0xff,
    0xfb, 0xfb, 0xfa, 0xff, 0xf8, 0xf8, 0xfa, 0xff, 0xe2, 0xe2, 0xfb, 0xff,
    0xc3, 0xc3, 0xfc, 0xff, 0x6f, 0x6f, 0xfd, 0xff, 0x19, 0x19, 0xfd, 0xff,
    0x00, 0x00, 0xfe, 0xff, 0x00, 0x00, 0xfe, 0xff, 0x0b, 0x0c, 0xfe, 0xff,
    0x68, 0x62, 0xef, 0xff, 0x7e, 0x3b, 0x79, 0xff, 0x6f, 0x00, 0x1f, 0xff,
    0x7d, 0x00, 0x06, 0xff, 0x80, 0x00, 0x00, 0xff, 0x7f, 0x00, 0x00, 0xff,
    0x7f, 0x00, 0x00, 0xff, 0x80, 0x00, 0x00, 0xff, 0x7e, 0x00, 0x03, 0xff,
    0x75, 0x00, 0x0e, 0xff, 0x6b, 0x00, 0x31, 0xff, 0x56, 0x00, 0x5f, 0xff,
    0x23, 0x00, 0xbd, 0xff, 0x00, 0x00, 0xfe, 0xff, 0x00, 0x00, 0xfe, 0xff,
    0x00, 0x00, 0xfe, 0xff, 0x00, 0x00, 0xfe, 0xff, 0x00, 0x00, 0xff, 0xff,
    0x05, 0x00, 0xf6, 0xff, 0x37, 0x00, 0x9a, 0xff, 0x67, 0x00, 0x3d, 0xff,
    0x79, 0x0e, 0x22, 0xff, 0x75, 0x01, 0x10, 0xff, 0x6c, 0x00, 0x31, 0xff,
    0x51, 0x00, 0x66, 0xff, 0x1a, 0x00, 0xcf, 0xff, 0x00, 0x00, 0xff, 0xff,
    0x00, 0x00, 0xfe, 0xff, 0x00, 0x00, 0xfe, 0xff, 0x00, 0x00, 0xfe, 0xff,
    0x00, 0x00, 0xff, 0xff, 0x04, 0x00, 0xfa, 0xff, 0x43, 0x1c, 0xba, 0xff,
    0x66, 0x04, 0x48, 0xff, 0x74, 0x00, 0x16, 0xff, 0x7e, 0x00, 0x04, 0xff,
    0x80, 0x00, 0x00, 0xff, 0x7f, 0x00, 0x00, 0xff, 0x80, 0x00, 0x00, 0xff,
    0x80, 0x00, 0x00, 0xff, 0x7f, 0x00, 0x00, 0xff, 0x80, 0x00, 0x00, 0xff,
    0x94, 0x30, 0x30, 0xff, 0x8e, 0x21, 0x21, 0xff, 0x7e, 0x00, 0x00, 0xff,
    0x80, 0x00, 0x00, 0xff, 0x7f, 0x00, 0x01, 0xff, 0x78, 0x00, 0x0c, 0xff,
    0x6f, 0x00, 0x21, 0xff, 0x6c, 0x22, 0x73, 0xff, 0x53, 0x50, 0xf6, 0xff,
    0x04, 0x04, 0xfe, 0xff, 0x00, 0x00, 0xfe, 0xff, 0x00, 0x00, 0xfe, 0xff,
    0x00, 0x00, 0xfe, 0xff, 0x00, 0x00, 0xfd, 0xff, 0x00, 0x00, 0xfe, 0xff,
    0x44, 0x43, 0xf9, 0xff, 0x8f, 0x65, 0xb3, 0xff, 0x86, 0x2e, 0x4c, 0xff,
    0x7d, 0x07, 0x0d, 0xff, 0x7f, 0x00, 0x00, 0xff, 0x7e, 0x00, 0x00, 0xff,
    0x98, 0x37, 0x37, 0xff, 0x9d, 0x42, 0x41, 0xff, 0x74, 0x00, 0x1b, 0xff,
    0x1c, 0x00, 0xcc, 0xff, 0x00, 0x00, 0xff, 0xff, 0x00, 0x00, 0xfe, 0xff,
    0x00, 0x00, 0xfe, 0xff, 0x00, 0x00, 0xfe, 0xff, 0x00, 0x00, 0xff, 0xff,
    0x0f, 0x00, 0xe3, 0xff, 0x50, 0x04, 0x72, 0xff, 0x76, 0x0d, 0x31, 0xff,
    0x72, 0x09, 0x2f, 0xff, 0x22, 0x03, 0xc9, 0xff, 0x00, 0x00, 0xff, 0xff,
    0x04, 0x00, 0xf3, 0xff, 0x03, 0x00, 0xf8, 0xff, 0x00, 0x00, 0xfe, 0xff,
    0x00, 0x00, 0xfe, 0xff, 0x10, 0x10, 0xfd, 0xff, 0x78, 0x78, 0xfc, 0xff,
    0xd8, 0xd9, 0xfb, 0xff, 0xf6, 0xf5, 0xfa, 0xff, 0xdd, 0xbe, 0xc0, 0xff,
    0x92, 0x2c, 0x2f, 0xff, 0x7c, 0x00, 0x07, 0xff, 0x7e, 0x1e, 0x3a, 0xff,
    0x79, 0x6b, 0xdf, 0xff, 0x17, 0x18, 0xff, 0xff, 0x00, 0x00, 0xff, 0xff,
    0x01, 0x00, 0xfa, 0xff, 0x24, 0x00, 0xbb, 0xff, 0x69, 0x0f, 0x4d, 0xff,
    0x87, 0x0d, 0x05, 0xff, 0x7f, 0x00, 0x00, 0xff, 0x7f, 0x00, 0x00, 0xff,
    0x80, 0x00, 0x00, 0xff, 0x80, 0x00, 0x00, 0xff, 0x80, 0x00, 0x00, 0xff,
    0x80, 0x00, 0x00, 0xff, 0x80, 0x00, 0x00, 0xff, 0x7f, 0x00, 0x00, 0xff,
    0x81, 0x04, 0x04, 0xff, 0x8b, 0x1c, 0x1c, 0xff, 0x81, 0x05, 0x05, 0xff,
    0x7f, 0x00, 0x00, 0xff, 0x81, 0x00, 0x00, 0xff, 0x73, 0x00, 0x00, 0xff,
    0x73, 0x4a, 0x4a, 0xff, 0xe8, 0xe9, 0xe9, 0xff, 0xff, 0xff, 0xff, 0xff,
    0xff, 0xff, 0xff, 0xff, 0xff, 0xff, 0xff, 0xff, 0xff, 0xff, 0xff, 0xff,
    0xff, 0xff, 0xff, 0xff, 0xff, 0xff, 0xff, 0xff, 0xff, 0xff, 0xff, 0xff,
    0xff, 0xff, 0xff, 0xff, 0xff, 0xff, 0xff, 0xff, 0xff, 0xff, 0xff, 0xff,
    0xff, 0xff, 0xff, 0xff, 0xbe, 0xbe, 0xbe, 0xff, 0x18, 0x18, 0x18, 0xff,
    0x00, 0x00, 0x00, 0xff, 0x00, 0x00, 0x00, 0xff, 0x00, 0x00, 0x00, 0xff,
    0x00, 0x00, 0x00, 0xff, 0x00, 0x00, 0x00, 0xff, 0x00, 0x00, 0x00, 0xff,
    0x00, 0x00, 0x00, 0xff, 0x00, 0x00, 0x00, 0xff, 0x00, 0x00, 0x00, 0xff,
    0x00, 0x00, 0x00, 0xff, 0x00, 0x00, 0x00, 0xff, 0x00, 0x00, 0x00, 0xff,
    0x00, 0x00, 0x00, 0xff, 0x00, 0x00, 0x00, 0xff, 0x00, 0x00, 0x00, 0xff,
    0x00, 0x00, 0x00, 0xff, 0x00, 0x00, 0x00, 0xff, 0x00, 0x00, 0x00, 0xff,
    0x00, 0x00, 0x00, 0xff, 0x8a, 0x8a, 0x8a, 0xff, 0xff, 0xff, 0xff, 0xff,
    0xff, 0xff, 0xff, 0xff, 0xff, 0xff, 0xff, 0xff, 0xff, 0xff, 0xff, 0xff,
    0xfe, 0xfe, 0xfe, 0xff, 0xbf, 0xbf, 0xbf, 0xff, 0x3c, 0x3c, 0x3c, 0xff,
    0x02, 0x02, 0x02, 0xff, 0x00, 0x00, 0x00, 0xff, 0x00, 0x00, 0x00, 0xff,
    0x00, 0x00, 0x00, 0xff, 0x00, 0x00, 0x00, 0xff, 0x00, 0x00, 0x00, 0xff,
    0x00, 0x00, 0x00, 0xff, 0x00, 0x00, 0x00, 0xff, 0x00, 0x00, 0x00, 0xff,
    0x00, 0x00, 0x00, 0xff, 0x00, 0x00, 0x00, 0xff, 0x00, 0x00, 0x00, 0xff,
    0x00, 0x00, 0x00, 0xff, 0x00, 0x00, 0x00, 0xff, 0x00, 0x00, 0x00, 0xff,
    0x03, 0x03, 0x03, 0xff, 0x39, 0x39, 0x39, 0xff, 0xc3, 0xc3, 0xc3, 0xff,
    0xfe, 0xfe, 0xfe, 0xff, 0xff, 0xff, 0xff, 0xff, 0xff, 0xff, 0xff, 0xff,
    0xff, 0xff, 0xff, 0xff, 0xff, 0xff, 0xff, 0xff, 0xff, 0xff, 0xff, 0xff,
    0xff, 0xff, 0xff, 0xff, 0x9a, 0x9a, 0x9a, 0xff, 0x07, 0x07, 0x07, 0xff,
    0x00, 0x00, 0x00, 0xff, 0x00, 0x00, 0x00, 0xff, 0x00, 0x00, 0x00, 0xff,
    0x00, 0x00, 0x00, 0xff, 0x00, 0x00, 0x00, 0xff, 0x00, 0x00, 0x00, 0xff,
    0x6e, 0x6e, 0x6e, 0xff, 0xfb, 0xfa, 0xfa, 0xff, 0xff, 0xff, 0xff, 0xff,
    0xff, 0xff, 0xff, 0xff, 0xff, 0xff, 0xff, 0xff, 0xff, 0xff, 0xff, 0xff,
    0xff, 0xff, 0xff, 0xff, 0xff, 0xff, 0xff, 0xff, 0xff, 0xff, 0xff, 0xff,
    0xff, 0xff, 0xff, 0xff, 0xcc, 0xcc, 0xcc, 0xff, 0x24, 0x24, 0x24, 0xff,
    0x00, 0x00, 0x00, 0xff, 0x00, 0x00, 0x00, 0xff, 0x00, 0x00, 0x00, 0xff,
    0x00, 0x00, 0x00, 0xff, 0x00, 0x00, 0x00, 0xff, 0x00, 0x00, 0x00, 0xff,
    0x00, 0x00, 0x00, 0xff, 0x35, 0x35, 0x35, 0xff, 0xdd, 0xdd, 0xdd, 0xff,
    0xff, 0xff, 0xff, 0xff, 0xff, 0xff, 0xff, 0xff, 0xff, 0xff, 0xff, 0xff,
    0xea, 0xea, 0xea, 0xff, 0x56, 0x56, 0x56, 0xff, 0x03, 0x03, 0x03, 0xff,
    0x00, 0x00, 0x00, 0xff, 0x00, 0x00, 0x00, 0xff, 0x00, 0x00, 0x00, 0xff,
    0x00, 0x00, 0x00, 0xff, 0x00, 0x00, 0x00, 0xff, 0x00, 0x00, 0x00, 0xff,
    0x00, 0x00, 0x00, 0xff, 0x00, 0x00, 0x00, 0xff, 0x00, 0x00, 0x00, 0xff,
    0x00, 0x00, 0x00, 0xff, 0x00, 0x00, 0x00, 0xff, 0x16, 0x16, 0x16, 0xff,
    0x30, 0x30, 0x30, 0xff, 0x02, 0x02, 0x02, 0xff, 0x00, 0x00, 0x00, 0xff,
    0x00, 0x00, 0x00, 0xff, 0x00, 0x00, 0x00, 0xff, 0x00, 0x00, 0x00, 0xff,
    0x3a, 0x3a, 0x3a, 0xff, 0xec, 0xec, 0xec, 0xff, 0xff, 0xff, 0xff, 0xff,
    0xff, 0xff, 0xff, 0xff, 0xff, 0xff, 0xff, 0xff, 0xff, 0xff, 0xff, 0xff,
    0xff, 0xff, 0xff, 0xff, 0xff, 0xff, 0xff, 0xff, 0xff, 0xff, 0xff, 0xff,
    0xff, 0xff, 0xff, 0xff, 0xff, 0xff, 0xff, 0xff, 0xff, 0xff, 0xff, 0xff,
    0xff, 0xff, 0xff, 0xff, 0xff, 0xff, 0xff, 0xff, 0xff, 0xff, 0xff, 0xff,
    0xff, 0xff, 0xff, 0xff, 0xff, 0xff, 0xff, 0xff, 0xff, 0xff, 0xff, 0xff,
    0xff, 0xff, 0xff, 0xff, 0xff, 0xff, 0xff, 0xff, 0xff, 0xff, 0xff, 0xff,
    0xff, 0xff, 0xff, 0xff, 0xff, 0xff, 0xff, 0xff, 0xff, 0xff, 0xff, 0xff,
    0xff, 0xff, 0xff, 0xff, 0xff, 0xff, 0xff, 0xff, 0xff, 0xff, 0xff, 0xff,
    0xff, 0xff, 0xff, 0xff, 0xff, 0xff, 0xff, 0xff, 0xff, 0xff, 0xff, 0xff,
    0xff, 0xff, 0xff, 0xff, 0xff, 0xff, 0xff, 0xff, 0xff, 0xff, 0xff, 0xff,
    0xf6, 0xf7, 0xf7, 0xff, 0x82, 0x79, 0x79, 0xff, 0x61, 0x05, 0x05, 0xff,
    0x7f, 0x00, 0x00, 0xff, 0xae, 0x64, 0x64, 0xff, 0xf2, 0xe9, 0xe9, 0xff,
    0xfc, 0xfd, 0xfd, 0xff, 0xfe, 0xfe, 0xfa, 0xff, 0xb8, 0xb8, 0xfa, 0xff,
    0x36, 0x36, 0xfd, 0xff, 0x26, 0x26, 0xfd, 0xff, 0x11, 0x11, 0xfe, 0xff,
    0x0e, 0x0f, 0xfe, 0xff, 0x10, 0x10, 0xfe, 0xff, 0x10, 0x10, 0xfe, 0xff,
    0x0f, 0x0f, 0xfe, 0xff, 0x14, 0x15, 0xfe, 0xff, 0x20, 0x1c, 0xf5, 0xff,
    0x25, 0x12, 0xd5, 0xff, 0x64, 0x01, 0x44, 0xff, 0x80, 0x00, 0x00, 0xff,
    0x7f, 0x00, 0x00, 0xff, 0x7f, 0x00, 0x00, 0xff, 0x81, 0x00, 0x00, 0xff,
    0x61, 0x00, 0x48, 0xff, 0x1c, 0x00, 0xc8, 0xff, 0x15, 0x00, 0xdc, 0xff,
    0x0e, 0x00, 0xeb, 0xff, 0x07, 0x00, 0xf7, 0xff, 0x07, 0x00, 0xf6, 0xff,
    0x07, 0x00, 0xf6, 0xff, 0x08, 0x00, 0xf6, 0xff, 0x07, 0x00, 0xf6, 0xff,
    0x07, 0x00, 0xf6, 0xff, 0x07, 0x00, 0xf7, 0xff, 0x0a, 0x00, 0xf4, 0xff,
    0x13, 0x00, 0xe0, 0xff, 0x25, 0x02, 0xc0, 0xff, 0x1e, 0x09, 0xd0, 0xff,
    0x15, 0x00, 0xdc, 0xff, 0x0d, 0x00, 0xed, 0xff, 0x07, 0x00, 0xf7, 0xff,
    0x07, 0x00, 0xf6, 0xff, 0x08, 0x00, 0xf6, 0xff, 0x07, 0x00, 0xf6, 0xff,
    0x07, 0x00, 0xf6, 0xff, 0x07, 0x00, 0xf6, 0xff, 0x07, 0x00, 0xf6, 0xff,
    0x08, 0x00, 0xf2, 0xff, 0x12, 0x00, 0xe4, 0xff, 0x23, 0x00, 0xbe, 0xff,
    0x6d, 0x00, 0x2d, 0xff, 0x81, 0x00, 0x00, 0xff, 0x7f, 0x00, 0x00, 0xff,
    0x7f, 0x00, 0x00, 0xff, 0x7f, 0x00, 0x00, 0xff, 0x7f, 0x00, 0x00, 0xff,
    0x7f, 0x00, 0x00, 0xff, 0x85, 0x10, 0x10, 0xff, 0x82, 0x0a, 0x0a, 0xff,
    0x7f, 0x00, 0x00, 0xff, 0x81, 0x00, 0x00, 0xff, 0x75, 0x00, 0x25, 0xff,
    0x2b, 0x00, 0xaf, 0xff, 0x17, 0x00, 0xd8, 0xff, 0x17, 0x0e, 0xef, 0xff,
    0x11, 0x11, 0xfe, 0xff, 0x0f, 0x10, 0xfe, 0xff, 0x10, 0x10, 0xfe, 0xff,
    0x10, 0x10, 0xfe, 0xff, 0x10, 0x10, 0xfe, 0xff, 0x10, 0x10, 0xfe, 0xff,
    0x0f, 0x0e, 0xfd, 0xff, 0x08, 0x00, 0xf5, 0xff, 0x0f, 0x00, 0xe4, 0xff,
    0x17, 0x00, 0xca, 0xff, 0x5f, 0x00, 0x3e, 0xff, 0x81, 0x00, 0x00, 0xff,
    0x7f, 0x00, 0x00, 0xff, 0x85, 0x0f, 0x0f, 0xff, 0x87, 0x11, 0x11, 0xff,
    0x80, 0x00, 0x01, 0xff, 0x49, 0x00, 0x75, 0xff, 0x09, 0x00, 0xf4, 0xff,
    0x07, 0x00, 0xf6, 0xff, 0x07, 0x00, 0xf6, 0xff, 0x08, 0x00, 0xf6, 0xff,
    0x07, 0x00, 0xf6, 0xff, 0x06, 0x00, 0xf7, 0xff, 0x10, 0x05, 0xf0, 0xff,
    0x1b, 0x08, 0xdc, 0xff, 0x2e, 0x00, 0xb1, 0xff, 0x18, 0x01, 0xdd, 0xff,
    0x1b, 0x02, 0xd3, 0xff, 0x56, 0x02, 0x56, 0xff, 0x6d, 0x43, 0xad, 0xff,
    0x48, 0x49, 0xfe, 0xff, 0x14, 0x14, 0xfe, 0xff, 0x00, 0x00, 0xfe, 0xff,
    0x01, 0x01, 0xfe, 0xff, 0x2a, 0x2b, 0xff, 0xff, 0x5d, 0x55, 0xf0, 0xff,
    0x51, 0x21, 0xa2, 0xff, 0x41, 0x00, 0x87, 0xff, 0x37, 0x00, 0xa6, 0xff,
    0x18, 0x05, 0xdd, 0xff, 0x05, 0x05, 0xfc, 0xff, 0x05, 0x00, 0xf1, 0xff,
    0x1b, 0x00, 0xc3, 0xff, 0x43, 0x00, 0x76, 0xff, 0x82, 0x20, 0x39, 0xff,
    0x94, 0x2c, 0x2b, 0xff, 0x7f, 0x01, 0x01, 0xff, 0x7f, 0x00, 0x00, 0xff,
    0x7f, 0x00, 0x00, 0xff, 0x7f, 0x00, 0x00, 0xff, 0x7f, 0x00, 0x00, 0xff,
    0x7f, 0x00, 0x00, 0xff, 0x7f, 0x00, 0x00, 0xff, 0x7f, 0x00, 0x00, 0xff,
    0x85, 0x0e, 0x0e, 0xff, 0x8e, 0x20, 0x20, 0xff, 0x7e, 0x00, 0x00, 0xff,
    0x7f, 0x00, 0x00, 0xff, 0x80, 0x00, 0x00, 0xff, 0x79, 0x00, 0x00, 0xff,
    0x5f, 0x2a, 0x2a, 0xff, 0xcc, 0xca, 0xca, 0xff, 0xfe, 0xff, 0xff, 0xff,
    0xff, 0xff, 0xff, 0xff, 0xff, 0xff, 0xff, 0xff, 0xff, 0xff, 0xff, 0xff,
    0xff, 0xff, 0xff, 0xff, 0xff, 0xff, 0xff, 0xff, 0xff, 0xff, 0xff, 0xff,
    0xff, 0xff, 0xff, 0xff, 0xff, 0xff, 0xff, 0xff, 0xff, 0xff, 0xff, 0xff,
    0xff, 0xff, 0xff, 0xff, 0xff, 0xff, 0xff, 0xff, 0xbc, 0xbc, 0xbc, 0xff,
    0x13, 0x13, 0x13, 0xff, 0x00, 0x00, 0x00, 0xff, 0x00, 0x00, 0x00, 0xff,
    0x00, 0x00, 0x00, 0xff, 0x00, 0x00, 0x00, 0xff, 0x00, 0x00, 0x00, 0xff,
    0x00, 0x00, 0x00, 0xff, 0x00, 0x00, 0x00, 0xff, 0x00, 0x00, 0x00, 0xff,
    0x00, 0x00, 0x00, 0xff, 0x00, 0x00, 0x00, 0xff, 0x00, 0x00, 0x00, 0xff,
    0x00, 0x00, 0x00, 0xff, 0x00, 0x00, 0x00, 0xff, 0x00, 0x00, 0x00, 0xff,
    0x00, 0x00, 0x00, 0xff, 0x00, 0x00, 0x00, 0xff, 0x00, 0x00, 0x00, 0xff,
    0x00, 0x00, 0x00, 0xff, 0x00, 0x00, 0x00, 0xff, 0x87, 0x87, 0x87, 0xff,
    0xff, 0xff, 0xff, 0xff, 0xff, 0xff, 0xff, 0xff, 0xff, 0xff, 0xff, 0xff,
    0xff, 0xff, 0xff, 0xff, 0xff, 0xff, 0xff, 0xff, 0xff, 0xff, 0xff, 0xff,
    0xdf, 0xdf, 0xdf, 0xff, 0x76, 0x76, 0x76, 0xff, 0x1e, 0x1e, 0x1e, 0xff,
    0x01, 0x01, 0x01, 0xff, 0x00, 0x00, 0x00, 0xff, 0x00, 0x00, 0x00, 0xff,
    0x00, 0x00, 0x00, 0xff, 0x00, 0x00, 0x00, 0xff, 0x00, 0x00, 0x00, 0xff,
    0x00, 0x00, 0x00, 0xff, 0x00, 0x00, 0x00, 0xff, 0x00, 0x00, 0x00, 0xff,
    0x00, 0x00, 0x00, 0xff, 0x00, 0x00, 0x00, 0xff, 0x00, 0x00, 0x00, 0xff,
    0x13, 0x13, 0x13, 0xff, 0x70, 0x71, 0x71, 0xff, 0xde, 0xde, 0xde, 0xff,
    0xff, 0xff, 0xff, 0xff, 0xff, 0xff, 0xff, 0xff, 0xff, 0xff, 0xff, 0xff,
    0xff, 0xff, 0xff, 0xff, 0xff, 0xff, 0xff, 0xff, 0xff, 0xff, 0xff, 0xff,
    0xff, 0xff, 0xff, 0xff, 0xff, 0xff, 0xff, 0xff, 0x97, 0x97, 0x97, 0xff,
    0x02, 0x02, 0x02, 0xff, 0x00, 0x00, 0x00, 0xff, 0x00, 0x00, 0x00, 0xff,
    0x00, 0x00, 0x00, 0xff, 0x00, 0x00, 0x00, 0xff, 0x00, 0x00, 0x00, 0xff,
    0x00, 0x00, 0x00, 0xff, 0x6a, 0x6a, 0x6a, 0xff, 0xfa, 0xfa, 0xfa, 0xff,
    0xff, 0xff, 0xff, 0xff, 0xff, 0xff, 0xff, 0xff, 0xff, 0xff, 0xff, 0xff,
    0xff, 0xff, 0xff, 0xff, 0xff, 0xff, 0xff, 0xff, 0xff, 0xff, 0xff, 0xff,
    0xff, 0xff, 0xff, 0xff, 0xff, 0xff, 0xff, 0xff, 0xfc, 0xfc, 0xfc, 0xff,
    0x83, 0x83, 0x83, 0xff, 0x00, 0x00, 0x00, 0xff, 0x00, 0x00, 0x00, 0xff,
    0x00, 0x00, 0x00, 0xff, 0x00, 0x00, 0x00, 0xff, 0x00, 0x00, 0x00, 0xff,
    0x00, 0x00, 0x00, 0xff, 0x00, 0x00, 0x00, 0xff, 0x00, 0x00, 0x00, 0xff,
    0x76, 0x76, 0x76, 0xff, 0xf6, 0xf6, 0xf6, 0xff, 0xff, 0xff, 0xff, 0xff,
    0xff, 0xff, 0xff, 0xff, 0xff, 0xff, 0xff, 0xff, 0xde, 0xde, 0xde, 0xff,
    0x63, 0x63, 0x63, 0xff, 0x0c, 0x0c, 0x0c, 0xff, 0x00, 0x00, 0x00, 0xff,
    0x00, 0x00, 0x00, 0xff, 0x00, 0x00, 0x00, 0xff, 0x00, 0x00, 0x00, 0xff,
    0x00, 0x00, 0x00, 0xff, 0x00, 0x00, 0x00, 0xff, 0x00, 0x00, 0x00, 0xff,
    0x00, 0x00, 0x00, 0xff, 0x08, 0x08, 0x08, 0xff, 0x36, 0x36, 0x36, 0xff,
    0xaa, 0xaa, 0xaa, 0xff, 0x96, 0x96, 0x96, 0xff, 0x00, 0x00, 0x00, 0xff,
    0x00, 0x00, 0x00, 0xff, 0x00, 0x00, 0x00, 0xff, 0x00, 0x00, 0x00, 0xff,
    0x00, 0x00, 0x00, 0xff, 0x23, 0x23, 0x23, 0xff, 0xd3, 0xd3, 0xd3, 0xff,
    0xff, 0xff, 0xff, 0xff, 0xff, 0xff, 0xff, 0xff, 0xff, 0xff, 0xff, 0xff,
    0xff, 0xff, 0xff, 0xff, 0xff, 0xff, 0xff, 0xff, 0xff, 0xff, 0xff, 0xff,
    0xff, 0xff, 0xff, 0xff, 0xff, 0xff, 0xff, 0xff, 0xff, 0xff, 0xff, 0xff,
    0xff, 0xff, 0xff, 0xff, 0xff, 0xff, 0xff, 0xff, 0xff, 0xff, 0xff, 0xff,
    0xff, 0xff, 0xff, 0xff, 0xff, 0xff, 0xff, 0xff, 0xff, 0xff, 0xff, 0xff,
    0xff, 0xff, 0xff, 0xff, 0xff, 0xff, 0xff, 0xff, 0xff, 0xff, 0xff, 0xff,
    0xff, 0xff, 0xff, 0xff, 0xff, 0xff, 0xff, 0xff, 0xff, 0xff, 0xff, 0xff,
    0xff, 0xff, 0xff, 0xff, 0xff, 0xff, 0xff, 0xff, 0xff, 0xff, 0xff, 0xff,
    0xff, 0xff, 0xff, 0xff, 0xff, 0xff, 0xff, 0xff, 0xff, 0xff, 0xff, 0xff,
    0xff, 0xff, 0xff, 0xff, 0xff, 0xff, 0xff, 0xff, 0xff, 0xff, 0xff, 0xff,
    0xff, 0xff, 0xff, 0xff, 0xff, 0xff, 0xff, 0xff, 0xe6, 0xe7, 0xe7, 0xff,
    0x7a, 0x5b, 0x5b, 0xff, 0x74, 0x0a, 0x0a, 0xff, 0x85, 0x0b, 0x0b, 0xff,
    0xb2, 0x6a, 0x6a, 0xff, 0xf0, 0xe5, 0xe5, 0xff, 0xfe, 0xff, 0xfe, 0xff,
    0xdb, 0xdb, 0xfb, 0xff, 0xb1, 0xb2, 0xfc, 0xff, 0xb4, 0xb5, 0xfc, 0xff,
    0xb7, 0xb9, 0xff, 0xff, 0xb8, 0xbb, 0xff, 0xff, 0xb6, 0xb8, 0xfd, 0xff,
    0xb5, 0xb6, 0xfc, 0xff, 0xb5, 0xb6, 0xfc, 0xff, 0xb5, 0xb5, 0xfc, 0xff,
    0xb4, 0xb5, 0xfd, 0xff, 0xb8, 0xb5, 0xf8, 0xff, 0x9a, 0x48, 0x5c, 0xff,
    0x87, 0x14, 0x14, 0xff, 0x8c, 0x1d, 0x1d, 0xff, 0x82, 0x06, 0x06, 0xff,
    0x88, 0x13, 0x12, 0xff, 0x7d, 0x1d, 0x39, 0xff, 0x5d, 0x03, 0x56, 0xff,
    0x63, 0x12, 0x63, 0xff, 0x6b, 0x20, 0x60, 0xff, 0x5f, 0x04, 0x54, 0xff,
    0x65, 0x10, 0x57, 0xff, 0x6a, 0x1f, 0x62, 0xff, 0x5f, 0x07, 0x5b, 0xff,
    0x62, 0x0b, 0x57, 0xff, 0x6b, 0x1e, 0x5e, 0xff, 0x5e, 0x04, 0x55, 0xff,
    0x62, 0x0f, 0x60, 0xff, 0x6b, 0x20, 0x61, 0xff, 0x67, 0x13, 0x5b, 0xff,
    0x6e, 0x2d, 0x7c, 0xff, 0x67, 0x1d, 0x65, 0xff, 0x5e, 0x06, 0x59, 0xff,
    0x62, 0x0d, 0x5c, 0xff, 0x6c, 0x20, 0x5f, 0xff, 0x60, 0x06, 0x56, 0xff,
    0x62, 0x0d, 0x5f, 0xff, 0x6c, 0x21, 0x61, 0xff, 0x62, 0x0b, 0x56, 0xff,
    0x5f, 0x07, 0x5a, 0xff, 0x70, 0x32, 0x85, 0xff, 0x63, 0x17, 0x6c, 0xff,
    0x63, 0x05, 0x50, 0xff, 0x88, 0x20, 0x2d, 0xff, 0x85, 0x0d, 0x0d, 0xff,
    0x84, 0x0a, 0x0a, 0xff, 0x8c, 0x1e, 0x1e, 0xff, 0x84, 0x0b, 0x0b, 0xff,
    0x82, 0x07, 0x07, 0xff, 0x8b, 0x1c, 0x1c, 0xff, 0x8b, 0x1d, 0x1d, 0xff,
    0x8d, 0x22, 0x22, 0xff, 0x8d, 0x1f, 0x1f, 0xff, 0x86, 0x10, 0x10, 0xff,
    0x7b, 0x08, 0x1e, 0xff, 0x6c, 0x1d, 0x5e, 0xff, 0x5f, 0x0e, 0x62, 0xff,
    0x92, 0x72, 0xbe, 0xff, 0xb6, 0xb6, 0xfe, 0xff, 0xb5, 0xb6, 0xfc, 0xff,
    0xb5, 0xb6, 0xfc, 0xff, 0xb5, 0xb6, 0xfc, 0xff, 0xb5, 0xb6, 0xfc, 0xff,
    0xb6, 0xb7, 0xfe, 0xff, 0xae, 0xa7, 0xef, 0xff, 0x6f, 0x2a, 0x7c, 0xff,
    0x5d, 0x03, 0x55, 0xff, 0x6c, 0x1f, 0x5c, 0xff, 0x7f, 0x14, 0x22, 0xff,
    0x82, 0x06, 0x06, 0xff, 0x8b, 0x1c, 0x1c, 0xff, 0x93, 0x30, 0x30, 0xff,
    0x84, 0x10, 0x10, 0xff, 0x8b, 0x1b, 0x1b, 0xff, 0x7e, 0x14, 0x29, 0xff,
    0x5f, 0x01, 0x51, 0xff, 0x66, 0x17, 0x63, 0xff, 0x66, 0x17, 0x63, 0xff,
    0x5d, 0x02, 0x56, 0xff, 0x68, 0x19, 0x5c, 0xff, 0x67, 0x18, 0x5e, 0xff,
    0x62, 0x13, 0x66, 0xff, 0x73, 0x34, 0x78, 0xff, 0x71, 0x1a, 0x4e, 0xff,
    0x5f, 0x02, 0x4f, 0xff, 0x7a, 0x1e, 0x40, 0xff, 0x8a, 0x18, 0x16, 0xff,
    0xc2, 0x89, 0x87, 0xff, 0xec, 0xed, 0xfd, 0xff, 0xb9, 0xb9, 0xfa, 0xff,
    0x88, 0x89, 0xfb, 0xff, 0x64, 0x63, 0xfc, 0xff, 0x30, 0x25, 0xe6, 0xff,
    0x0a, 0x00, 0xd8, 0xff, 0x17, 0x0f, 0xea, 0xff, 0x23, 0x1c, 0xf0, 0xff,
    0x21, 0x07, 0xd3, 0xff, 0x36, 0x12, 0xc8, 0xff, 0x4c, 0x1f, 0x9c, 0xff,
    0x57, 0x06, 0x53, 0xff, 0x7a, 0x10, 0x2b, 0xff, 0x8b, 0x1d, 0x1b, 0xff,
    0x90, 0x2a, 0x28, 0xff, 0x8d, 0x24, 0x24, 0xff, 0x8a, 0x1c, 0x1c, 0xff,
    0x82, 0x06, 0x06, 0xff, 0x87, 0x13, 0x13, 0xff, 0x8c, 0x1d, 0x1d, 0xff,
    0x81, 0x05, 0x05, 0xff, 0x87, 0x13, 0x13, 0xff, 0x8b, 0x1c, 0x1c, 0xff,
    0x7f, 0x02, 0x02, 0xff, 0x9a, 0x3a, 0x3a, 0xff, 0x9e, 0x45, 0x45, 0xff,
    0x81, 0x09, 0x09, 0xff, 0x86, 0x10, 0x10, 0xff, 0x89, 0x1a, 0x1a, 0xff,
    0x61, 0x19, 0x19, 0xff, 0xaf, 0xa9, 0xa9, 0xff, 0xfd, 0xfe, 0xfe, 0xff,
    0xff, 0xff, 0xff, 0xff, 0xff, 0xff, 0xff, 0xff, 0xff, 0xff, 0xff, 0xff,
    0xff, 0xff, 0xff, 0xff, 0xff, 0xff, 0xff, 0xff, 0xff, 0xff, 0xff, 0xff,
    0xff, 0xff, 0xff, 0xff, 0xff, 0xff, 0xff, 0xff, 0xff, 0xff, 0xff, 0xff,
    0xff, 0xff, 0xff, 0xff, 0xff, 0xff, 0xff, 0xff, 0xff, 0xff, 0xff, 0xff,
    0xd1, 0xd1, 0xd1, 0xff, 0x64, 0x64, 0x64, 0xff, 0x55, 0x55, 0x55, 0xff,
    0x55, 0x55, 0x55, 0xff, 0x55, 0x55, 0x55, 0xff, 0x55, 0x55, 0x55, 0xff,
    0x55, 0x55, 0x55, 0xff, 0x55, 0x55, 0x55, 0xff, 0x55, 0x55, 0x55, 0xff,
    0x55, 0x55, 0x55, 0xff, 0x55, 0x55, 0x55, 0xff, 0x55, 0x55, 0x55, 0xff,
    0x55, 0x55, 0x55, 0xff, 0x55, 0x55, 0x55, 0xff, 0x55, 0x55, 0x55, 0xff,
    0x55, 0x55, 0x55, 0xff, 0x55, 0x55, 0x55, 0xff, 0x55, 0x55, 0x55, 0xff,
    0x55, 0x55, 0x55, 0xff, 0x55, 0x55, 0x55, 0xff, 0x55, 0x55, 0x55, 0xff,
    0xb1, 0xb1, 0xb1, 0xff, 0xff, 0xff, 0xff, 0xff, 0xff, 0xff, 0xff, 0xff,
    0xff, 0xff, 0xff, 0xff, 0xff, 0xff, 0xff, 0xff, 0xff, 0xff, 0xff, 0xff,
    0xff, 0xff, 0xff, 0xff, 0xff, 0xff, 0xff, 0xff, 0xf8, 0xf8, 0xf8, 0xff,
    0xcd, 0xcd, 0xcd, 0xff, 0x7a, 0x7a, 0x7a, 0xff, 0x42, 0x42, 0x42, 0xff,
    0x1e, 0x1e, 0x1e, 0xff, 0x09, 0x09, 0x09, 0xff, 0x00, 0x00, 0x00, 0xff,
    0x00, 0x00, 0x00, 0xff, 0x00, 0x00, 0x00, 0xff, 0x00, 0x00, 0x00, 0xff,
    0x04, 0x04, 0x04, 0xff, 0x1c, 0x1c, 0x1c, 0xff, 0x3e, 0x3e, 0x3e, 0xff,
    0x73, 0x73, 0x73, 0xff, 0xc6, 0xc7, 0xc7, 0xff, 0xf7, 0xf8, 0xf8, 0xff,
    0xff, 0xff, 0xff, 0xff, 0xff, 0xff, 0xff, 0xff, 0xff, 0xff, 0xff, 0xff,
    0xff, 0xff, 0xff, 0xff, 0xff, 0xff, 0xff, 0xff, 0xff, 0xff, 0xff, 0xff,
    0xff, 0xff, 0xff, 0xff, 0xff, 0xff, 0xff, 0xff, 0xff, 0xff, 0xff, 0xff,
    0xb8, 0xb8, 0xb8, 0xff, 0x59, 0x59, 0x59, 0xff, 0x55, 0x55, 0x55, 0xff,
    0x55, 0x55, 0x55, 0xff, 0x55, 0x55, 0x55, 0xff, 0x55, 0x55, 0x55, 0xff,
    0x55, 0x55, 0x55, 0xff, 0x55, 0x55, 0x55, 0xff, 0x9b, 0x9b, 0x9b, 0xff,
    0xfb, 0xfb, 0xfb, 0xff, 0xff, 0xff, 0xff, 0xff, 0xff, 0xff, 0xff, 0xff,
    0xff, 0xff, 0xff, 0xff, 0xff, 0xff, 0xff, 0xff, 0xff, 0xff, 0xff, 0xff,
    0xff, 0xff, 0xff, 0xff, 0xff, 0xff, 0xff, 0xff, 0xff, 0xff, 0xff, 0xff,
    0xff, 0xff, 0xff, 0xff, 0xe1, 0xe1, 0xe1, 0xff, 0x60, 0x60, 0x60, 0xff,
    0x55, 0x55, 0x55, 0xff, 0x55, 0x55, 0x55, 0xff, 0x55, 0x55, 0x55, 0xff,
    0x55, 0x55, 0x55, 0xff, 0x55, 0x55, 0x55, 0xff, 0x55, 0x55, 0x55, 0xff,
    0x54, 0x54, 0x54, 0xff, 0x67, 0x67, 0x67, 0xff, 0xe4, 0xe4, 0xe4, 0xff,
    0xff, 0xff, 0xff, 0xff, 0xff, 0xff, 0xff, 0xff, 0xff, 0xff, 0xff, 0xff,
    0xff, 0xff, 0xff, 0xff, 0xf2, 0xf2, 0xf2, 0xff, 0xaa, 0xaa, 0xaa, 0xff,
    0x57, 0x57, 0x57, 0xff, 0x31, 0x31, 0x31, 0xff, 0x15, 0x15, 0x15, 0xff,
    0x0d, 0x0d, 0x0d, 0xff, 0x0c, 0x0c, 0x0c, 0xff, 0x16, 0x16, 0x16, 0xff,
    0x33, 0x33, 0x33, 0xff, 0x53, 0x53, 0x53, 0xff, 0x9e, 0x9e, 0x9e, 0xff,
    0xe1, 0xe1, 0xe1, 0xff, 0xfe, 0xfe, 0xfe, 0xff, 0xd2, 0xd2, 0xd2, 0xff,
    0x5a, 0x5a, 0x5a, 0xff, 0x55, 0x55, 0x55, 0xff, 0x55, 0x55, 0x55, 0xff,
    0x55, 0x55, 0x55, 0xff, 0x55, 0x55, 0x55, 0xff, 0x5e, 0x5e, 0x5e, 0xff,
    0xca, 0xca, 0xca, 0xff, 0xff, 0xff, 0xff, 0xff, 0xff, 0xff, 0xff, 0xff,
    0xff, 0xff, 0xff, 0xff, 0xff, 0xff, 0xff, 0xff, 0xff, 0xff, 0xff, 0xff,
    0xff, 0xff, 0xff, 0xff, 0xff, 0xff, 0xff, 0xff, 0xff, 0xff, 0xff, 0xff,
    0xff, 0xff, 0xff, 0xff, 0xff, 0xff, 0xff, 0xff, 0xff, 0xff, 0xff, 0xff,
    0xff, 0xff, 0xff, 0xff, 0xff, 0xff, 0xff, 0xff, 0xff, 0xff, 0xff, 0xff,
    0xff, 0xff, 0xff, 0xff, 0xff, 0xff, 0xff, 0xff, 0xff, 0xff, 0xff, 0xff,
    0xff, 0xff, 0xff, 0xff, 0xff, 0xff, 0xff, 0xff, 0xff, 0xff, 0xff, 0xff,
    0xff, 0xff, 0xff, 0xff, 0xff, 0xff, 0xff, 0xff, 0xff, 0xff, 0xff, 0xff,
    0xff, 0xff, 0xff, 0xff, 0xff, 0xff, 0xff, 0xff, 0xff, 0xff, 0xff, 0xff,
    0xff, 0xff, 0xff, 0xff, 0xff, 0xff, 0xff, 0xff, 0xff, 0xff, 0xff, 0xff,
    0xff, 0xff, 0xff, 0xff, 0xff, 0xff, 0xff, 0xff, 0xff, 0xff, 0xff, 0xff,
    0xff, 0xff, 0xff, 0xff, 0xdb, 0xdb, 0xdb, 0xff, 0x78, 0x51, 0x51, 0xff,
    0x78, 0x09, 0x09, 0xff, 0x8e, 0x21, 0x21, 0xff, 0xaa, 0x5d, 0x5d, 0xff,
    0xe7, 0xd1, 0xd1, 0xff, 0xff, 0xff, 0xfd, 0xff, 0xff, 0xff, 0xfc, 0xff,
    0xfe, 0xfc, 0xf7, 0xff, 0xec, 0xd5, 0xd0, 0xff, 0xdf, 0xbc, 0xb7, 0xff,
    0xf6, 0xec, 0xe7, 0xff, 0xff, 0xff, 0xfd, 0xff, 0xff, 0xff, 0xfd, 0xff,
    0xff, 0xff, 0xfb, 0xff, 0xff, 0xff, 0xfa, 0xff, 0xff, 0xff, 0xfe, 0xff,
    0xcb, 0x9b, 0x9a, 0xff, 0x8b, 0x21, 0x21, 0xff, 0x91, 0x2a, 0x2a, 0xff,
    0x81, 0x08, 0x08, 0xff, 0x8b, 0x1d, 0x1d, 0xff, 0x95, 0x2e, 0x29, 0xff,
    0x86, 0x0a, 0x05, 0xff, 0x8f, 0x1f, 0x19, 0xff, 0x97, 0x2e, 0x24, 0xff,
    0x8c, 0x18, 0x12, 0xff, 0x95, 0x2a, 0x22, 0xff, 0x94, 0x2e, 0x25, 0xff,
    0x85, 0x0c, 0x07, 0xff, 0x8a, 0x13, 0x0d, 0xff, 0x97, 0x2f, 0x26, 0xff,
    0x85, 0x09, 0x03, 0xff, 0x89, 0x17, 0x11, 0xff, 0x97, 0x30, 0x26, 0xff,
    0x87, 0x0c, 0x06, 0xff, 0x8e, 0x20, 0x1b, 0xff, 0x99, 0x39, 0x31, 0xff,
    0x85, 0x0b, 0x06, 0xff, 0x8a, 0x15, 0x0e, 0xff, 0x98, 0x31, 0x27, 0xff,
    0x88, 0x10, 0x0a, 0xff, 0x8b, 0x17, 0x12, 0xff, 0x98, 0x32, 0x29, 0xff,
    0x89, 0x11, 0x0a, 0xff, 0x88, 0x0d, 0x08, 0xff, 0xa2, 0x45, 0x40, 0xff,
    0x97, 0x31, 0x2c, 0xff, 0x85, 0x0b, 0x07, 0xff, 0x95, 0x31, 0x30, 0xff,
    0x88, 0x15, 0x15, 0xff, 0x84, 0x0f, 0x0f, 0xff, 0x93, 0x2f, 0x2f, 0xff,
    0x87, 0x13, 0x13, 0xff, 0x85, 0x0c, 0x0c, 0xff, 0x92, 0x2f, 0x2f, 0xff,
    0x99, 0x3d, 0x3d, 0xff, 0xa1, 0x4d, 0x4d, 0xff, 0x93, 0x31, 0x31, 0xff,
    0x89, 0x18, 0x18, 0xff, 0x83, 0x0d, 0x0b, 0xff, 0x94, 0x2d, 0x25, 0xff,
    0x88, 0x18, 0x12, 0xff, 0xd0, 0xa3, 0x9e, 0xff, 0xff, 0xff, 0xfe, 0xff,
    0xff, 0xff, 0xfa, 0xff, 0xff, 0xff, 0xfa, 0xff, 0xff, 0xff, 0xfb, 0xff,
    0xff, 0xff, 0xfd, 0xff, 0xfa, 0xf3, 0xef, 0xff, 0xc3, 0x8a, 0x85, 0xff,
    0x8f, 0x20, 0x1b, 0xff, 0x83, 0x05, 0x00, 0xff, 0x96, 0x2d, 0x24, 0xff,
    0x8c, 0x1d, 0x1b, 0xff, 0x82, 0x09, 0x09, 0xff, 0x96, 0x34, 0x34, 0xff,
    0xa3, 0x4f, 0x4f, 0xff, 0x85, 0x14, 0x14, 0xff, 0x8f, 0x29, 0x29, 0xff,
    0x8e, 0x20, 0x1f, 0xff, 0x84, 0x02, 0x00, 0xff, 0x92, 0x27, 0x20, 0xff,
    0x92, 0x27, 0x20, 0xff, 0x85, 0x08, 0x03, 0xff, 0x94, 0x29, 0x20, 0xff,
    0x92, 0x27, 0x1f, 0xff, 0x8a, 0x1b, 0x16, 0xff, 0x91, 0x29, 0x21, 0xff,
    0x93, 0x28, 0x20, 0xff, 0x83, 0x02, 0x00, 0xff, 0x92, 0x27, 0x21, 0xff,
    0x8f, 0x27, 0x27, 0xff, 0xbf, 0x86, 0x86, 0xff, 0xfe, 0xff, 0xfe, 0xff,
    0xff, 0xff, 0xfd, 0xff, 0xfb, 0xf8, 0xf8, 0xff, 0xd6, 0xb8, 0xc0, 0xff,
    0x8f, 0x38, 0x49, 0xff, 0x72, 0x01, 0x18, 0xff, 0x82, 0x21, 0x38, 0xff,
    0x88, 0x2d, 0x42, 0xff, 0x7a, 0x09, 0x1d, 0xff, 0x87, 0x1e, 0x2d, 0xff,
    0x91, 0x2c, 0x2d, 0xff, 0x83, 0x08, 0x03, 0xff, 0x8c, 0x21, 0x1f, 0xff,
    0x9c, 0x42, 0x42, 0xff, 0x82, 0x0a, 0x0a, 0xff, 0x8d, 0x1e, 0x1e, 0xff,
    0x90, 0x2b, 0x2b, 0xff, 0x81, 0x08, 0x08, 0xff, 0x8b, 0x1c, 0x1c, 0xff,
    0x92, 0x2c, 0x2c, 0xff, 0x81, 0x06, 0x06, 0xff, 0x89, 0x1c, 0x1c, 0xff,
    0x93, 0x2e, 0x2e, 0xff, 0x88, 0x14, 0x14, 0xff, 0x8d, 0x1f, 0x1f, 0xff,
    0x94, 0x30, 0x30, 0xff, 0x85, 0x0e, 0x0e, 0xff, 0x84, 0x14, 0x14, 0xff,
    0x6e, 0x34, 0x34, 0xff, 0x9d, 0x96, 0x96, 0xff, 0xf9, 0xf9, 0xf9, 0xff,
    0xff, 0xff, 0xff, 0xff, 0xff, 0xff, 0xff, 0xff, 0xff, 0xff, 0xff, 0xff,
    0xff, 0xff, 0xff, 0xff, 0xff, 0xff, 0xff, 0xff, 0xff, 0xff, 0xff, 0xff,
    0xff, 0xff, 0xff, 0xff, 0xff, 0xff, 0xff, 0xff, 0xff, 0xff, 0xff, 0xff,
    0xff, 0xff, 0xff, 0xff, 0xff, 0xff, 0xff, 0xff, 0xff, 0xff, 0xff, 0xff,
    0xff, 0xff, 0xff, 0xff, 0xfe, 0xfe, 0xfe, 0xff, 0xfe, 0xfe, 0xfe, 0xff,
    0xfe, 0xfe, 0xfe, 0xff, 0xfe, 0xfe, 0xfe, 0xff, 0xfe, 0xfe, 0xfe, 0xff,
    0xfe, 0xfe, 0xfe, 0xff, 0xfe, 0xfe, 0xfe, 0xff, 0xfe, 0xfe, 0xfe, 0xff,
    0xfe, 0xfe, 0xfe, 0xff, 0xfe, 0xfe, 0xfe, 0xff, 0xfe, 0xfe, 0xfe, 0xff,
    0xfe, 0xfe, 0xfe, 0xff, 0xfe, 0xfe, 0xfe, 0xff, 0xfe, 0xfe, 0xfe, 0xff,
    0xfe, 0xfe, 0xfe, 0xff, 0xfe, 0xfe, 0xfe, 0xff, 0xfe, 0xfe, 0xfe, 0xff,
    0xfe, 0xfe, 0xfe, 0xff, 0xfe, 0xfe, 0xfe, 0xff, 0xfe, 0xfe, 0xfe, 0xff,
    0xfe, 0xfe, 0xfe, 0xff, 0xfe, 0xfe, 0xfe, 0xff, 0xff, 0xff, 0xff, 0xff,
    0xff, 0xff, 0xff, 0xff, 0xff, 0xff, 0xff, 0xff, 0xff, 0xff, 0xff, 0xff,
    0xff, 0xff, 0xff, 0xff, 0xff, 0xff, 0xff, 0xff, 0xff, 0xff, 0xff, 0xff,
    0xff, 0xff, 0xff, 0xff, 0xff, 0xff, 0xff, 0xff, 0xff, 0xff, 0xff, 0xff,
    0xeb, 0xeb, 0xeb, 0xff, 0xc9, 0xc9, 0xc9, 0xff, 0xaf, 0xaf, 0xaf, 0xff,
    0x98, 0x98, 0x98, 0xff, 0x90, 0x90, 0x90, 0xff, 0x8e, 0x8e, 0x8e, 0xff,
    0x93, 0x93, 0x93, 0xff, 0xa8, 0xa8, 0xa8, 0xff, 0xc7, 0xc7, 0xc7, 0xff,
    0xe8, 0xe8, 0xe8, 0xff, 0xff, 0xff, 0xff, 0xff, 0xff, 0xff, 0xff, 0xff,
    0xff, 0xff, 0xff, 0xff, 0xff, 0xff, 0xff, 0xff, 0xff, 0xff, 0xff, 0xff,
    0xff, 0xff, 0xff, 0xff, 0xff, 0xff, 0xff, 0xff, 0xff, 0xff, 0xff, 0xff,
    0xff, 0xff, 0xff, 0xff, 0xff, 0xff, 0xff, 0xff, 0xff, 0xff, 0xff, 0xff,
    0xff, 0xff, 0xff, 0xff, 0xff, 0xff, 0xff, 0xff, 0xfe, 0xfe, 0xfe, 0xff,
    0xfe, 0xfe, 0xfe, 0xff, 0xfe, 0xfe, 0xfe, 0xff, 0xfe, 0xfe, 0xfe, 0xff,
    0xfe, 0xfe, 0xfe, 0xff, 0xfe, 0xfe, 0xfe, 0xff, 0xfe, 0xfe, 0xfe, 0xff,
    0xfe, 0xfe, 0xfe, 0xff, 0xff, 0xff, 0xff, 0xff, 0xff, 0xff, 0xff, 0xff,
    0xff, 0xff, 0xff, 0xff, 0xff, 0xff, 0xff, 0xff, 0xff, 0xff, 0xff, 0xff,
    0xff, 0xff, 0xff, 0xff, 0xff, 0xff, 0xff, 0xff, 0xff, 0xff, 0xff, 0xff,
    0xff, 0xff, 0xff, 0xff, 0xff, 0xff, 0xff, 0xff, 0xff, 0xff, 0xff, 0xff,
    0xff, 0xff, 0xff, 0xff, 0xfe, 0xfe, 0xfe, 0xff, 0xfe, 0xfe, 0xfe, 0xff,
    0xfe, 0xfe, 0xfe, 0xff, 0xfe, 0xfe, 0xfe, 0xff, 0xfe, 0xfe, 0xfe, 0xff,
    0xfe, 0xfe, 0xfe, 0xff, 0xfe, 0xfe, 0xfe, 0xff, 0xfd, 0xfd, 0xfd, 0xff,
    0xfe, 0xfe, 0xfe, 0xff, 0xff, 0xff, 0xff, 0xff, 0xff, 0xff, 0xff, 0xff,
    0xff, 0xff, 0xff, 0xff, 0xff, 0xff, 0xff, 0xff, 0xff, 0xff, 0xff, 0xff,
    0xff, 0xff, 0xff, 0xff, 0xf7, 0xf7, 0xf7, 0xff, 0xdb, 0xdb, 0xdb, 0xff,
    0xc0, 0xc0, 0xc0, 0xff, 0xb7, 0xb7, 0xb7, 0xff, 0xb6, 0xb6, 0xb6, 0xff,
    0xc2, 0xc2, 0xc2, 0xff, 0xdd, 0xdd, 0xdd, 0xff, 0xf8, 0xf8, 0xf8, 0xff,
    0xff, 0xff, 0xff, 0xff, 0xff, 0xff, 0xff, 0xff, 0xff, 0xff, 0xff, 0xff,
    0xff, 0xff, 0xff, 0xff, 0xfe, 0xfe, 0xfe, 0xff, 0xfe, 0xfe, 0xfe, 0xff,
    0xfe, 0xfe, 0xfe, 0xff, 0xfe, 0xfe, 0xfe, 0xff, 0xfe, 0xfe, 0xfe, 0xff,
    0xfd, 0xfd, 0xfd, 0xff, 0xfe, 0xfe, 0xfe, 0xff, 0xff, 0xff, 0xff, 0xff,
    0xff, 0xff, 0xff, 0xff, 0xff, 0xff, 0xff, 0xff, 0xff, 0xff, 0xff, 0xff,
    0xff, 0xff, 0xff, 0xff, 0xff, 0xff, 0xff, 0xff, 0xff, 0xff, 0xff, 0xff,
    0xff, 0xff, 0xff, 0xff, 0xff, 0xff, 0xff, 0xff, 0xff, 0xff, 0xff, 0xff,
    0xff, 0xff, 0xff, 0xff, 0xff, 0xff, 0xff, 0xff, 0xff, 0xff, 0xff, 0xff,
    0xff, 0xff, 0xff, 0xff, 0xff, 0xff, 0xff, 0xff, 0xff, 0xff, 0xff, 0xff,
    0xff, 0xff, 0xff, 0xff, 0xff, 0xff, 0xff, 0xff, 0xff, 0xff, 0xff, 0xff,
    0xff, 0xff, 0xff, 0xff, 0xff, 0xff, 0xff, 0xff, 0xff, 0xff, 0xff, 0xff,
    0xff, 0xff, 0xff, 0xff, 0xff, 0xff, 0xff, 0xff, 0xff, 0xff, 0xff, 0xff,
    0xff, 0xff, 0xff, 0xff, 0xff, 0xff, 0xff, 0xff, 0xff, 0xff, 0xff, 0xff,
    0xff, 0xff, 0xff, 0xff, 0xff, 0xff, 0xff, 0xff, 0xff, 0xff, 0xff, 0xff,
    0xff, 0xff, 0xff, 0xff, 0xff, 0xff, 0xff, 0xff, 0xff, 0xff, 0xff, 0xff,
    0xcb, 0xcc, 0xcc, 0xff, 0x62, 0x39, 0x39, 0xff, 0x6f, 0x00, 0x00, 0xff,
    0x7d, 0x00, 0x00, 0xff, 0xa6, 0x53, 0x53, 0xff, 0xef, 0xe1, 0xe1, 0xff,
    0xf5, 0xee, 0xee, 0xff, 0xcb, 0x9a, 0x9a, 0xff, 0x8e, 0x26, 0x26, 0xff,
    0x83, 0x0e, 0x0e, 0xff, 0x9d, 0x43, 0x43, 0xff, 0xd3, 0xac, 0xac, 0xff,
    0xeb, 0xdc, 0xdc, 0xff, 0xfb, 0xfb, 0xfb, 0xff, 0xfb, 0xfc, 0xfc, 0xff,
    0xfd, 0xfe, 0xfe, 0xff, 0xda, 0xb9, 0xb9, 0xff, 0x83, 0x0f, 0x0f, 0xff,
    0x7e, 0x00, 0x00, 0xff, 0x80, 0x00, 0x00, 0xff, 0x7f, 0x00, 0x00, 0xff,
    0x7e, 0x00, 0x00, 0xff, 0x7f, 0x00, 0x00, 0xff, 0x80, 0x03, 0x04, 0xff,
    0x84, 0x0f, 0x10, 0xff, 0x8a, 0x1e, 0x1e, 0xff, 0x9b, 0x40, 0x40, 0xff,
    0x80, 0x06, 0x06, 0xff, 0x7f, 0x00, 0x00, 0xff, 0x7f, 0x00, 0x00, 0xff,
    0x7e, 0x00, 0x00, 0xff, 0x7f, 0x00, 0x00, 0xff, 0x7f, 0x00, 0x00, 0xff,
    0x7e, 0x00, 0x00, 0xff, 0x7e, 0x00, 0x00, 0xff, 0x85, 0x15, 0x15, 0xff,
    0x9b, 0x40, 0x40, 0xff, 0x7f, 0x03, 0x03, 0xff, 0x7f, 0x00, 0x00, 0xff,
    0x7e, 0x00, 0x00, 0xff, 0x7f, 0x00, 0x00, 0xff, 0x7f, 0x00, 0x00, 0xff,
    0x7e, 0x00, 0x00, 0xff, 0x7f, 0x00, 0x00, 0xff, 0x7f, 0x00, 0x00, 0xff,
    0x81, 0x03, 0x03, 0xff, 0x85, 0x0f, 0x0f, 0xff, 0x7f, 0x00, 0x00, 0xff,
    0x7e, 0x00, 0x00, 0xff, 0x7f, 0x00, 0x00, 0xff, 0x7f, 0x00, 0x00, 0xff,
    0x7e, 0x00, 0x00, 0xff, 0x7f, 0x00, 0x00, 0xff, 0x7f, 0x00, 0x00, 0xff,
    0x7e, 0x00, 0x00, 0xff, 0x85, 0x0f, 0x0f, 0xff, 0x8a, 0x18, 0x18, 0xff,
    0x7e, 0x00, 0x00, 0xff, 0x7f, 0x00, 0x00, 0xff, 0x7f, 0x00, 0x00, 0xff,
    0x7e, 0x00, 0x00, 0xff, 0x7d, 0x03, 0x03, 0xff, 0xcf, 0xa7, 0xa7, 0xff,
    0xfd, 0xfe, 0xfe, 0xff, 0xfa, 0xfa, 0xfa, 0xff, 0xfb, 0xfa, 0xfa, 0xff,
    0xf9, 0xf7, 0xf7, 0xff, 0xf6, 0xf0, 0xf0, 0xff, 0xc8, 0x96, 0x96, 0xff,
    0x82, 0x0c, 0x0c, 0xff, 0x7e, 0x00, 0x00, 0xff, 0x7f, 0x00, 0x00, 0xff,
    0x7e, 0x00, 0x00, 0xff, 0x7f, 0x00, 0x00, 0xff, 0x7f, 0x00, 0x00, 0xff,
    0x80, 0x06, 0x06, 0xff, 0x84, 0x0e, 0x0e, 0xff, 0x7f, 0x00, 0x00, 0xff,
    0x7e, 0x00, 0x00, 0xff, 0x7f, 0x00, 0x00, 0xff, 0x7f, 0x00, 0x00, 0xff,
    0x7e, 0x00, 0x00, 0xff, 0x7e, 0x00, 0x00, 0xff, 0x7f, 0x00, 0x00, 0xff,
    0x7d, 0x00, 0x00, 0xff, 0x8d, 0x21, 0x21, 0xff, 0x99, 0x39, 0x39, 0xff,
    0x7e, 0x01, 0x01, 0xff, 0x7f, 0x00, 0x00, 0xff, 0x7f, 0x00, 0x00, 0xff,
    0x7e, 0x00, 0x00, 0xff, 0x7f, 0x06, 0x06, 0xff, 0xc5, 0x93, 0x93, 0xff,
    0xe7, 0xd3, 0xd3, 0xff, 0xdf, 0xc2, 0xc2, 0xff, 0xc2, 0x88, 0x88, 0xff,
    0xa4, 0x4e, 0x4e, 0xff, 0x7e, 0x02, 0x01, 0xff, 0x80, 0x00, 0x00, 0xff,
    0x7f, 0x00, 0x00, 0xff, 0x7f, 0x00, 0x00, 0xff, 0x80, 0x00, 0x00, 0xff,
    0x7f, 0x00, 0x00, 0xff, 0x7f, 0x00, 0x00, 0xff, 0x7e, 0x00, 0x00, 0xff,
    0x89, 0x19, 0x19, 0xff, 0x99, 0x3c, 0x3c, 0xff, 0x80, 0x04, 0x04, 0xff,
    0x7f, 0x00, 0x00, 0xff, 0x7e, 0x00, 0x00, 0xff, 0x7f, 0x00, 0x00, 0xff,
    0x7f, 0x00, 0x00, 0xff, 0x7e, 0x00, 0x00, 0xff, 0x7f, 0x00, 0x00, 0xff,
    0x7d, 0x00, 0x00, 0xff, 0x8e, 0x23, 0x23, 0xff, 0x98, 0x38, 0x38, 0xff,
    0x7e, 0x00, 0x00, 0xff, 0x7f, 0x00, 0x00, 0xff, 0x7f, 0x00, 0x00, 0xff,
    0x5d, 0x04, 0x04, 0xff, 0x8a, 0x7c, 0x7c, 0xff, 0xf4, 0xf5, 0xf5, 0xff,
    0xff, 0xff, 0xff, 0xff, 0xff, 0xff, 0xff, 0xff, 0xff, 0xff, 0xff, 0xff,
    0xff, 0xff, 0xff, 0xff, 0xff, 0xff, 0xff, 0xff, 0xff, 0xff, 0xff, 0xff,
    0xff, 0xff, 0xff, 0xff, 0xff, 0xff, 0xff, 0xff, 0xff, 0xff, 0xff, 0xff,
    0xff, 0xff, 0xff, 0xff, 0xff, 0xff, 0xff, 0xff, 0xff, 0xff, 0xff, 0xff,
    0xff, 0xff, 0xff, 0xff, 0xff, 0xff, 0xff, 0xff, 0xff, 0xff, 0xff, 0xff,
    0xff, 0xff, 0xff, 0xff, 0xff, 0xff, 0xff, 0xff, 0xff, 0xff, 0xff, 0xff,
    0xff, 0xff, 0xff, 0xff, 0xff, 0xff, 0xff, 0xff, 0xff, 0xff, 0xff, 0xff,
    0xff, 0xff, 0xff, 0xff, 0xff, 0xff, 0xff, 0xff, 0xff, 0xff, 0xff, 0xff,
    0xff, 0xff, 0xff, 0xff, 0xff, 0xff, 0xff, 0xff, 0xff, 0xff, 0xff, 0xff,
    0xff, 0xff, 0xff, 0xff, 0xff, 0xff, 0xff, 0xff, 0xff, 0xff, 0xff, 0xff,
    0xff, 0xff, 0xff, 0xff, 0xff, 0xff, 0xff, 0xff, 0xff, 0xff, 0xff, 0xff,
    0xff, 0xff, 0xff, 0xff, 0xff, 0xff, 0xff, 0xff, 0xff, 0xff, 0xff, 0xff,
    0xff, 0xff, 0xff, 0xff, 0xff, 0xff, 0xff, 0xff, 0xff, 0xff, 0xff, 0xff,
    0xff, 0xff, 0xff, 0xff, 0xff, 0xff, 0xff, 0xff, 0xff, 0xff, 0xfe, 0xff,
    0xff, 0xff, 0xff, 0xff, 0xff, 0xff, 0xff, 0xff, 0xff, 0xff, 0xff, 0xff,
    0xff, 0xff, 0xff, 0xff, 0xff, 0xff, 0xff, 0xff, 0xff, 0xff, 0xff, 0xff,
    0xff, 0xff, 0xff, 0xff, 0xff, 0xff, 0xff, 0xff, 0xff, 0xff, 0xff, 0xff,
    0xff, 0xff, 0xff, 0xff, 0xff, 0xff, 0xff, 0xff, 0xff, 0xff, 0xff, 0xff,
    0xff, 0xff, 0xff, 0xff, 0xff, 0xff, 0xff, 0xff, 0xff, 0xff, 0xff, 0xff,
    0xff, 0xff, 0xff, 0xff, 0xff, 0xff, 0xff, 0xff, 0xff, 0xff, 0xff, 0xff,
    0xff, 0xff, 0xff, 0xff, 0xff, 0xff, 0xff, 0xff, 0xff, 0xff, 0xff, 0xff,
    0xff, 0xff, 0xff, 0xff, 0xff, 0xff, 0xff, 0xff, 0xff, 0xff, 0xff, 0xff,
    0xff, 0xff, 0xff, 0xff, 0xff, 0xff, 0xff, 0xff, 0xff, 0xff, 0xff, 0xff,
    0xff, 0xff, 0xff, 0xff, 0xff, 0xff, 0xff, 0xff, 0xff, 0xff, 0xff, 0xff,
    0xff, 0xff, 0xff, 0xff, 0xff, 0xff, 0xff, 0xff, 0xff, 0xff, 0xff, 0xff,
    0xff, 0xff, 0xff, 0xff, 0xff, 0xff, 0xff, 0xff, 0xff, 0xff, 0xff, 0xff,
    0xff, 0xff, 0xff, 0xff, 0xff, 0xff, 0xff, 0xff, 0xff, 0xff, 0xff, 0xff,
    0xff, 0xff, 0xff, 0xff, 0xff, 0xff, 0xff, 0xff, 0xff, 0xff, 0xff, 0xff,
    0xff, 0xff, 0xff, 0xff, 0xff, 0xff, 0xff, 0xff, 0xff, 0xff, 0xff, 0xff,
    0xff, 0xff, 0xff, 0xff, 0xff, 0xff, 0xff, 0xff, 0xff, 0xff, 0xff, 0xff,
    0xff, 0xff, 0xff, 0xff, 0xff, 0xff, 0xff, 0xff, 0xff, 0xff, 0xff, 0xff,
    0xff, 0xff, 0xff, 0xff, 0xff, 0xff, 0xff, 0xff, 0xff, 0xff, 0xff, 0xff,
    0xff, 0xff, 0xff, 0xff, 0xff, 0xff, 0xff, 0xff, 0xff, 0xff, 0xff, 0xff,
    0xff, 0xff, 0xff, 0xff, 0xff, 0xff, 0xff, 0xff, 0xff, 0xff, 0xff, 0xff,
    0xff, 0xff, 0xff, 0xff, 0xff, 0xff, 0xff, 0xff, 0xff, 0xff, 0xff, 0xff,
    0xff, 0xff, 0xff, 0xff, 0xff, 0xff, 0xff, 0xff, 0xff, 0xff, 0xff, 0xff,
    0xff, 0xff, 0xff, 0xff, 0xff, 0xff, 0xff, 0xff, 0xff, 0xff, 0xff, 0xff,
    0xff, 0xff, 0xff, 0xff, 0xff, 0xff, 0xff, 0xff, 0xff, 0xff, 0xff, 0xff,
    0xff, 0xff, 0xff, 0xff, 0xff, 0xff, 0xff, 0xff, 0xff, 0xff, 0xff, 0xff,
    0xff, 0xff, 0xff, 0xff, 0xff, 0xff, 0xff, 0xff, 0xff, 0xff, 0xff, 0xff,
    0xff, 0xff, 0xff, 0xff, 0xff, 0xff, 0xff, 0xff, 0xff, 0xff, 0xff, 0xff,
    0xff, 0xff, 0xff, 0xff, 0xff, 0xff, 0xff, 0xff, 0xff, 0xff, 0xff, 0xff,
    0xff, 0xff, 0xff, 0xff, 0xff, 0xff, 0xff, 0xff, 0xff, 0xff, 0xff, 0xff,
    0xff, 0xff, 0xff, 0xff, 0xff, 0xff, 0xff, 0xff, 0xff, 0xff, 0xff, 0xff,
    0xff, 0xff, 0xff, 0xff, 0xff, 0xff, 0xff, 0xff, 0xff, 0xff, 0xff, 0xff,
    0xff, 0xff, 0xff, 0xff, 0xff, 0xff, 0xff, 0xff, 0xff, 0xff, 0xff, 0xff,
    0xff, 0xff, 0xff, 0xff, 0xff, 0xff, 0xff, 0xff, 0xff, 0xff, 0xff, 0xff,
    0xff, 0xff, 0xff, 0xff, 0xff, 0xff, 0xff, 0xff, 0xff, 0xff, 0xff, 0xff,
    0xff, 0xff, 0xff, 0xff, 0xff, 0xff, 0xff, 0xff, 0xff, 0xff, 0xff, 0xff,
    0xff, 0xff, 0xff, 0xff, 0xff, 0xff, 0xff, 0xff, 0xff, 0xff, 0xff, 0xff,
    0xff, 0xff, 0xff, 0xff, 0xff, 0xff, 0xff, 0xff, 0xff, 0xff, 0xff, 0xff,
    0xff, 0xff, 0xff, 0xff, 0xff, 0xff, 0xff, 0xff, 0xff, 0xff, 0xff, 0xff,
    0xff, 0xff, 0xff, 0xff, 0xff, 0xff, 0xff, 0xff, 0xcb, 0xcb, 0xcb, 0xff,
    0x67, 0x3f, 0x3f, 0xff, 0x6e, 0x01, 0x01, 0xff, 0x82, 0x05, 0x05, 0xff,
    0x9b, 0x3c, 0x3c, 0xff, 0x9f, 0x46, 0x46, 0xff, 0x85, 0x13, 0x13, 0xff,
    0x80, 0x03, 0x03, 0xff, 0x7e, 0x00, 0x00, 0xff, 0x7d, 0x00, 0x00, 0xff,
    0x89, 0x18, 0x18, 0xff, 0x97, 0x3a, 0x3a, 0xff, 0xc2, 0x8c, 0x8c, 0xff,
    0xf3, 0xe9, 0xe9, 0xff, 0xfe, 0xff, 0xff, 0xff, 0xf5, 0xee, 0xee, 0xff,
    0xac, 0x60, 0x60, 0xff, 0x7f, 0x03, 0x03, 0xff, 0x7f, 0x00, 0x00, 0xff,
    0x80, 0x00, 0x00, 0xff, 0x80, 0x00, 0x00, 0xff, 0x7f, 0x00, 0x00, 0xff,
    0x81, 0x04, 0x04, 0xff, 0x93, 0x2c, 0x2c, 0xff, 0x95, 0x30, 0x30, 0xff,
    0x89, 0x1d, 0x1d, 0xff, 0x81, 0x04, 0x04, 0xff, 0x7f, 0x00, 0x00, 0xff,
    0x80, 0x00, 0x00, 0xff, 0x80, 0x00, 0x00, 0xff, 0x80, 0x00, 0x00, 0xff,
    0x80, 0x00, 0x00, 0xff, 0x80, 0x00, 0x00, 0xff, 0x80, 0x00, 0x00, 0xff,
    0x7f, 0x03, 0x03, 0xff, 0x8d, 0x21, 0x21, 0xff, 0x80, 0x02, 0x02, 0xff,
    0x7f, 0x00, 0x00, 0xff, 0x80, 0x00, 0x00, 0xff, 0x80, 0x00, 0x00, 0xff,
    0x80, 0x00, 0x00, 0xff, 0x80, 0x00, 0x00, 0xff, 0x80, 0x00, 0x00, 0xff,
    0x7f, 0x00, 0x00, 0xff, 0x82, 0x08, 0x08, 0xff, 0x95, 0x33, 0x33, 0xff,
    0x84, 0x0c, 0x0c, 0xff, 0x7f, 0x00, 0x00, 0xff, 0x80, 0x00, 0x00, 0xff,
    0x80, 0x00, 0x00, 0xff, 0x80, 0x00, 0x00, 0xff, 0x80, 0x00, 0x00, 0xff,
    0x80, 0x00, 0x00, 0xff, 0x7f, 0x00, 0x00, 0xff, 0x81, 0x05, 0x05, 0xff,
    0x87, 0x13, 0x13, 0xff, 0x80, 0x02, 0x02, 0xff, 0x7f, 0x00, 0x00, 0xff,
    0x80, 0x00, 0x00, 0xff, 0x7e, 0x00, 0x00, 0xff, 0x8f, 0x27, 0x27, 0xff,
    0xe5, 0xd0, 0xd0, 0xff, 0xfc, 0xfe, 0xfe, 0xff, 0xfa, 0xfa, 0xfa, 0xff,
    0xfc, 0xfd, 0xfd, 0xff, 0xf4, 0xec, 0xec, 0xff, 0xb4, 0x73, 0x73, 0xff,
    0x87, 0x16, 0x16, 0xff, 0x7e, 0x00, 0x00, 0xff, 0x80, 0x00, 0x00, 0xff,
    0x80, 0x00, 0x00, 0xff, 0x80, 0x00, 0x00, 0xff, 0x80, 0x00, 0x00, 0xff,
    0x7f, 0x00, 0x00, 0xff, 0x8e, 0x23, 0x23, 0xff, 0x8c, 0x20, 0x20, 0xff,
    0x7e, 0x00, 0x00, 0xff, 0x80, 0x00, 0x00, 0xff, 0x80, 0x00, 0x00, 0xff,
    0x80, 0x00, 0x00, 0xff, 0x80, 0x00, 0x00, 0xff, 0x80, 0x00, 0x00, 0xff,
    0x80, 0x00, 0x00, 0xff, 0x7e, 0x00, 0x00, 0xff, 0x88, 0x17, 0x17, 0xff,
    0x85, 0x11, 0x11, 0xff, 0x7f, 0x00, 0x00, 0xff, 0x80, 0x00, 0x00, 0xff,
    0x80, 0x00, 0x00, 0xff, 0x80, 0x00, 0x00, 0xff, 0x7f, 0x02, 0x02, 0xff,
    0x8c, 0x23, 0x23, 0xff, 0x87, 0x18, 0x18, 0xff, 0x83, 0x10, 0x10, 0xff,
    0x85, 0x12, 0x12, 0xff, 0x85, 0x0f, 0x0f, 0xff, 0x7f, 0x00, 0x00, 0xff,
    0x80, 0x00, 0x00, 0xff, 0x80, 0x00, 0x00, 0xff, 0x80, 0x00, 0x00, 0xff,
    0x80, 0x00, 0x00, 0xff, 0x80, 0x00, 0x00, 0xff, 0x7f, 0x00, 0x00, 0xff,
    0x84, 0x0e, 0x0e, 0xff, 0x85, 0x0d, 0x0d, 0xff, 0x82, 0x08, 0x08, 0xff,
    0x7f, 0x00, 0x00, 0xff, 0x80, 0x00, 0x00, 0xff, 0x80, 0x00, 0x00, 0xff,
    0x80, 0x00, 0x00, 0xff, 0x80, 0x00, 0x00, 0xff, 0x80, 0x00, 0x00, 0xff,
    0x7f, 0x01, 0x01, 0xff, 0x82, 0x0b, 0x0b, 0xff, 0x89, 0x18, 0x18, 0xff,
    0x85, 0x0d, 0x0d, 0xff, 0x80, 0x00, 0x00, 0xff, 0x7d, 0x00, 0x00, 0xff,
    0x64, 0x13, 0x13, 0xff, 0x8b, 0x7c, 0x7c, 0xff, 0xf1, 0xf1, 0xf1, 0xff,
    0xff, 0xff, 0xff, 0xff, 0xff, 0xff, 0xff, 0xff, 0xff, 0xff, 0xff, 0xff,
    0xff, 0xff, 0xff, 0xff, 0xff, 0xff, 0xff, 0xff, 0xff, 0xff, 0xff, 0xff,
    0xff, 0xff, 0xff, 0xff, 0xff, 0xff, 0xff, 0xff, 0xff, 0xff, 0xff, 0xff,
    0xff, 0xff, 0xff, 0xff, 0xff, 0xff, 0xff, 0xff, 0xff, 0xff, 0xff, 0xff,
    0xff, 0xff, 0xff, 0xff, 0xff, 0xff, 0xff, 0xff, 0xff, 0xff, 0xff, 0xff,
    0xff, 0xff, 0xff, 0xff, 0xff, 0xff, 0xff, 0xff, 0xff, 0xff, 0xff, 0xff,
    0xff, 0xff, 0xff, 0xff, 0xff, 0xff, 0xff, 0xff, 0xff, 0xff, 0xff, 0xff,
    0xff, 0xff, 0xff, 0xff, 0xff, 0xff, 0xff, 0xff, 0xff, 0xff, 0xff, 0xff,
    0xff, 0xff, 0xff, 0xff, 0xff, 0xff, 0xff, 0xff, 0xff, 0xff, 0xff, 0xff,
    0xff, 0xff, 0xff, 0xff, 0xff, 0xff, 0xff, 0xff, 0xff, 0xff, 0xff, 0xff,
    0xff, 0xff, 0xff, 0xff, 0xff, 0xff, 0xff, 0xff, 0xff, 0xff, 0xff, 0xff,
    0xff, 0xff, 0xff, 0xff, 0xff, 0xff, 0xff, 0xff, 0xff, 0xff, 0xff, 0xff,
    0xff, 0xff, 0xff, 0xff, 0xff, 0xff, 0xff, 0xff, 0xff, 0xff, 0xff, 0xff,
    0xff, 0xff, 0xff, 0xff, 0xff, 0xff, 0xff, 0xff, 0xfe, 0xfc, 0xf8, 0xff,
    0xf5, 0xd4, 0x95, 0xff, 0xf7, 0xdc, 0xa7, 0xff, 0xfd, 0xf7, 0xeb, 0xff,
    0xff, 0xff, 0xff, 0xff, 0xff, 0xff, 0xff, 0xff, 0xff, 0xff, 0xff, 0xff,
    0xff, 0xff, 0xff, 0xff, 0xff, 0xff, 0xff, 0xff, 0xff, 0xff, 0xff, 0xff,
    0xff, 0xff, 0xff, 0xff, 0xff, 0xff, 0xff, 0xff, 0xff, 0xff, 0xff, 0xff,
    0xff, 0xff, 0xff, 0xff, 0xff, 0xff, 0xff, 0xff, 0xff, 0xff, 0xff, 0xff,
    0xff, 0xff, 0xff, 0xff, 0xff, 0xff, 0xff, 0xff, 0xfe, 0xfe, 0xfd, 0xff,
    0xfc, 0xf3, 0xe2, 0xff, 0xfa, 0xeb, 0xce, 0xff, 0xfe, 0xfe, 0xfd, 0xff,
    0xff, 0xff, 0xff, 0xff, 0xff, 0xff, 0xff, 0xff, 0xff, 0xff, 0xff, 0xff,
    0xff, 0xff, 0xff, 0xff, 0xff, 0xff, 0xff, 0xff, 0xff, 0xff, 0xff, 0xff,
    0xff, 0xff, 0xff, 0xff, 0xff, 0xff, 0xff, 0xff, 0xff, 0xff, 0xff, 0xff,
    0xff, 0xff, 0xff, 0xff, 0xff, 0xff, 0xff, 0xff, 0xff, 0xff, 0xff, 0xff,
    0xff, 0xff, 0xff, 0xff, 0xff, 0xff, 0xff, 0xff, 0xff, 0xff, 0xff, 0xff,
    0xff, 0xff, 0xff, 0xff, 0xff, 0xff, 0xff, 0xff, 0xff, 0xff, 0xff, 0xff,
    0xff, 0xff, 0xff, 0xff, 0xff, 0xff, 0xff, 0xff, 0xff, 0xff, 0xff, 0xff,
    0xff, 0xff, 0xff, 0xff, 0xff, 0xff, 0xff, 0xff, 0xff, 0xff, 0xff, 0xff,
    0xff, 0xff, 0xff, 0xff, 0xff, 0xff, 0xff, 0xff, 0xff, 0xff, 0xff, 0xff,
    0xff, 0xff, 0xff, 0xff, 0xff, 0xff, 0xff, 0xff, 0xff, 0xff, 0xff, 0xff,
    0xff, 0xff, 0xff, 0xff, 0xff, 0xff, 0xff, 0xff, 0xff, 0xff, 0xff, 0xff,
    0xff, 0xff, 0xff, 0xff, 0xff, 0xff, 0xff, 0xff, 0xff, 0xff, 0xff, 0xff,
    0xff, 0xff, 0xff, 0xff, 0xff, 0xff, 0xff, 0xff, 0xff, 0xff, 0xff, 0xff,
    0xff, 0xff, 0xff, 0xff, 0xff, 0xff, 0xff, 0xff, 0xff, 0xff, 0xff, 0xff,
    0xff, 0xff, 0xff, 0xff, 0xff, 0xff, 0xff, 0xff, 0xff, 0xff, 0xff, 0xff,
    0xff, 0xff, 0xff, 0xff, 0xff, 0xff, 0xff, 0xff, 0xff, 0xff, 0xff, 0xff,
    0xff, 0xff, 0xff, 0xff, 0xff, 0xff, 0xff, 0xff, 0xff, 0xff, 0xff, 0xff,
    0xff, 0xff, 0xff, 0xff, 0xff, 0xff, 0xff, 0xff, 0xff, 0xff, 0xff, 0xff,
    0xff, 0xff, 0xff, 0xff, 0xff, 0xff, 0xff, 0xff, 0xff, 0xff, 0xff, 0xff,
    0xff, 0xff, 0xff, 0xff, 0xff, 0xff, 0xff, 0xff, 0xff, 0xff, 0xff, 0xff,
    0xff, 0xff, 0xff, 0xff, 0xff, 0xff, 0xff, 0xff, 0xff, 0xff, 0xff, 0xff,
    0xff, 0xff, 0xff, 0xff, 0xff, 0xff, 0xff, 0xff, 0xff, 0xff, 0xff, 0xff,
    0xff, 0xff, 0xff, 0xff, 0xff, 0xff, 0xff, 0xff, 0xff, 0xff, 0xff, 0xff,
    0xff, 0xff, 0xff, 0xff, 0xff, 0xff, 0xff, 0xff, 0xff, 0xff, 0xff, 0xff,
    0xff, 0xff, 0xff, 0xff, 0xff, 0xff, 0xff, 0xff, 0xff, 0xff, 0xff, 0xff,
    0xff, 0xff, 0xff, 0xff, 0xff, 0xff, 0xff, 0xff, 0xff, 0xff, 0xff, 0xff,
    0xff, 0xff, 0xff, 0xff, 0xff, 0xff, 0xff, 0xff, 0xff, 0xff, 0xff, 0xff,
    0xff, 0xff, 0xff, 0xff, 0xff, 0xff, 0xff, 0xff, 0xff, 0xff, 0xff, 0xff,
    0xff, 0xff, 0xff, 0xff, 0xff, 0xff, 0xff, 0xff, 0xff, 0xff, 0xff, 0xff,
    0xff, 0xff, 0xff, 0xff, 0xff, 0xff, 0xff, 0xff, 0xff, 0xff, 0xff, 0xff,
    0xff, 0xff, 0xff, 0xff, 0xff, 0xff, 0xff, 0xff, 0xff, 0xff, 0xff, 0xff,
    0xff, 0xff, 0xff, 0xff, 0xff, 0xff, 0xff, 0xff, 0xff, 0xff, 0xff, 0xff,
    0xff, 0xff, 0xff, 0xff, 0xd9, 0xd9, 0xd9, 0xff, 0x78, 0x59, 0x59, 0xff,
    0x66, 0x03, 0x03, 0xff, 0x7f, 0x00, 0x00, 0xff, 0x7d, 0x00, 0x00, 0xff,
    0x87, 0x13, 0x13, 0xff, 0x9f, 0x44, 0x44, 0xff, 0x84, 0x0d, 0x0d, 0xff,
    0x7f, 0x00, 0x00, 0xff, 0x7f, 0x00, 0x00, 0xff, 0x7d, 0x00, 0x00, 0xff,
    0x7e, 0x03, 0x03, 0xff, 0xa8, 0x56, 0x56, 0xff, 0xd2, 0xaa, 0xaa, 0xff,
    0xd7, 0xb3, 0xb3, 0xff, 0xb7, 0x76, 0x76, 0xff, 0x90, 0x2a, 0x2a, 0xff,
    0x7e, 0x00, 0x00, 0xff, 0x80, 0x00, 0x00, 0xff, 0x80, 0x00, 0x00, 0xff,
    0x80, 0x00, 0x00, 0xff, 0x7f, 0x00, 0x00, 0xff, 0x7e, 0x02, 0x02, 0xff,
    0x96, 0x34, 0x34, 0xff, 0xc2, 0x8c, 0x8c, 0xff, 0xa5, 0x4e, 0x4e, 0xff,
    0x88, 0x14, 0x14, 0xff, 0x7f, 0x00, 0x00, 0xff, 0x80, 0x00, 0x00, 0xff,
    0x80, 0x00, 0x00, 0xff, 0x80, 0x00, 0x00, 0xff, 0x80, 0x00, 0x00, 0xff,
    0x80, 0x00, 0x00, 0xff, 0x7f, 0x00, 0x00, 0xff, 0x82, 0x0a, 0x0a, 0xff,
    0x8d, 0x1f, 0x1f, 0xff, 0x80, 0x02, 0x02, 0xff, 0x7f, 0x00, 0x00, 0xff,
    0x80, 0x00, 0x00, 0xff, 0x80, 0x00, 0x00, 0xff, 0x80, 0x00, 0x00, 0xff,
    0x80, 0x00, 0x00, 0xff, 0x7f, 0x00, 0x00, 0xff, 0x80, 0x03, 0x03, 0xff,
    0x97, 0x35, 0x35, 0xff, 0x8a, 0x1a, 0x1a, 0xff, 0x7e, 0x00, 0x00, 0xff,
    0x80, 0x00, 0x00, 0xff, 0x80, 0x00, 0x00, 0xff, 0x80, 0x00, 0x00, 0xff,
    0x80, 0x00, 0x00, 0xff, 0x80, 0x00, 0x00, 0xff, 0x7f, 0x00, 0x00, 0xff,
    0x81, 0x04, 0x04, 0xff, 0x9b, 0x3c, 0x3c, 0xff, 0x82, 0x0b, 0x0b, 0xff,
    0x7f, 0x00, 0x00, 0xff, 0x80, 0x00, 0x00, 0xff, 0x7c, 0x00, 0x00, 0xff,
    0xa8, 0x59, 0x59, 0xff, 0xf7, 0xf3, 0xf3, 0xff, 0xfb, 0xfc, 0xfc, 0xff,
    0xfb, 0xfc, 0xfc, 0xff, 0xf3, 0xea, 0xea, 0xff, 0xd2, 0xa9, 0xa9, 0xff,
    0x8f, 0x24, 0x24, 0xff, 0x7d, 0x00, 0x00, 0xff, 0x80, 0x00, 0x00, 0xff,
    0x80, 0x00, 0x00, 0xff, 0x80, 0x00, 0x00, 0xff, 0x80, 0x00, 0x00, 0xff,
    0x80, 0x00, 0x00, 0xff, 0x7f, 0x02, 0x02, 0xff, 0x9b, 0x3c, 0x3c, 0xff,
    0x89, 0x16, 0x16, 0xff, 0x7f, 0x00, 0x00, 0xff, 0x80, 0x00, 0x00, 0xff,
    0x80, 0x00, 0x00, 0xff, 0x80, 0x00, 0x00, 0xff, 0x80, 0x00, 0x00, 0xff,
    0x80, 0x00, 0x00, 0xff, 0x7f, 0x00, 0x00, 0xff, 0x84, 0x0e, 0x0e, 0xff,
    0x87, 0x1a, 0x1a, 0xff, 0x7e, 0x00, 0x00, 0xff, 0x80, 0x00, 0x00, 0xff,
    0x80, 0x00, 0x00, 0xff, 0x80, 0x00, 0x00, 0xff, 0x80, 0x00, 0x00, 0xff,
    0x7f, 0x00, 0x00, 0xff, 0x7e, 0x00, 0x00, 0xff, 0x7f, 0x01, 0x01, 0xff,
    0x93, 0x30, 0x30, 0xff, 0x8a, 0x18, 0x18, 0xff, 0x7e, 0x00, 0x00, 0xff,
    0x80, 0x00, 0x00, 0xff, 0x80, 0x00, 0x00, 0xff, 0x80, 0x00, 0x00, 0xff,
    0x80, 0x00, 0x00, 0xff, 0x80, 0x00, 0x00, 0xff, 0x7f, 0x00, 0x00, 0xff,
    0x85, 0x10, 0x10, 0xff, 0xa0, 0x46, 0x46, 0xff, 0x85, 0x0f, 0x0f, 0xff,
    0x7f, 0x00, 0x00, 0xff, 0x80, 0x00, 0x00, 0xff, 0x80, 0x00, 0x00, 0xff,
    0x80, 0x00, 0x00, 0xff, 0x80, 0x00, 0x00, 0xff, 0x7f, 0x00, 0x00, 0xff,
    0x7e, 0x00, 0x00, 0xff, 0x92, 0x2a, 0x2a, 0xff, 0x96, 0x35, 0x35, 0xff,
    0x7e, 0x00, 0x00, 0xff, 0x80, 0x00, 0x00, 0xff, 0x78, 0x00, 0x00, 0xff,
    0x65, 0x21, 0x21, 0xff, 0xa4, 0x9c, 0x9c, 0xff, 0xf5, 0xf7, 0xf7, 0xff,
    0xff, 0xff, 0xff, 0xff, 0xff, 0xff, 0xff, 0xff, 0xff, 0xff, 0xff, 0xff,
    0xff, 0xff, 0xff, 0xff, 0xff, 0xff, 0xff, 0xff, 0xff, 0xff, 0xff, 0xff,
    0xff, 0xff, 0xff, 0xff, 0xff, 0xff, 0xff, 0xff, 0xff, 0xff, 0xff, 0xff,
    0xff, 0xff, 0xff, 0xff, 0xff, 0xff, 0xff, 0xff, 0xff, 0xff, 0xff, 0xff,
    0xff, 0xff, 0xff, 0xff, 0xff, 0xff, 0xff, 0xff, 0xff, 0xff, 0xff, 0xff,
    0xff, 0xff, 0xff, 0xff, 0xff, 0xff, 0xff, 0xff, 0xff, 0xff, 0xff, 0xff,
    0xff, 0xff, 0xff, 0xff, 0xff, 0xff, 0xff, 0xff, 0xff, 0xff, 0xff, 0xff,
    0xff, 0xff, 0xff, 0xff, 0xff, 0xff, 0xff, 0xff, 0xff, 0xff, 0xff, 0xff,
    0xff, 0xff, 0xff, 0xff, 0xff, 0xff, 0xff, 0xff, 0xff, 0xff, 0xff, 0xff,
    0xff, 0xff, 0xff, 0xff, 0xff, 0xff, 0xff, 0xff, 0xff, 0xff, 0xff, 0xff,
    0xff, 0xff, 0xff, 0xff, 0xff, 0xff, 0xff, 0xff, 0xff, 0xff, 0xff, 0xff,
    0xff, 0xff, 0xff, 0xff, 0xff, 0xff, 0xff, 0xff, 0xff, 0xff, 0xff, 0xff,
    0xff, 0xff, 0xff, 0xff, 0xff, 0xff, 0xff, 0xff, 0xff, 0xff, 0xff, 0xff,
    0xff, 0xff, 0xff, 0xff, 0xff, 0xff, 0xff, 0xff, 0xfe, 0xfe, 0xfd, 0xff,
    0xf7, 0xdc, 0xa7, 0xff, 0xea, 0xa3, 0x12, 0xff, 0xe9, 0xa1, 0x06, 0xff,
    0xef, 0xb8, 0x49, 0xff, 0xf6, 0xd8, 0x9d, 0xff, 0xfb, 0xef, 0xd7, 0xff,
    0xfe, 0xfc, 0xf7, 0xff, 0xff, 0xfe, 0xff, 0xff, 0xff, 0xff, 0xff, 0xff,
    0xff, 0xff, 0xff, 0xff, 0xff, 0xff, 0xff, 0xff, 0xff, 0xff, 0xff, 0xff,
    0xff, 0xff, 0xff, 0xff, 0xff, 0xff, 0xff, 0xff, 0xff, 0xff, 0xff, 0xff,
    0xfe, 0xfe, 0xfe, 0xff, 0xfd, 0xf9, 0xf0, 0xff, 0xf9, 0xe6, 0xc3, 0xff,
    0xf4, 0xcd, 0x7f, 0xff, 0xed, 0xb1, 0x38, 0xff, 0xec, 0xad, 0x2a, 0xff,
    0xf9, 0xe8, 0xc4, 0xff, 0xfe, 0xfe, 0xfe, 0xff, 0xff, 0xff, 0xff, 0xff,
    0xff, 0xff, 0xff, 0xff, 0xff, 0xff, 0xff, 0xff, 0xff, 0xff, 0xff, 0xff,
    0xff, 0xff, 0xff, 0xff, 0xff, 0xff, 0xff, 0xff, 0xff, 0xff, 0xff, 0xff,
    0xff, 0xff, 0xff, 0xff, 0xff, 0xff, 0xff, 0xff, 0xff, 0xff, 0xff, 0xff,
    0xff, 0xff, 0xff, 0xff, 0xff, 0xff, 0xff, 0xff, 0xff, 0xff, 0xff, 0xff,
    0xff, 0xff, 0xff, 0xff, 0xff, 0xff, 0xff, 0xff, 0xff, 0xff, 0xff, 0xff,
    0xff, 0xff, 0xff, 0xff, 0xff, 0xff, 0xff, 0xff, 0xff, 0xff, 0xff, 0xff,
    0xff, 0xff, 0xff, 0xff, 0xff, 0xff, 0xff, 0xff, 0xff, 0xff, 0xff, 0xff,
    0xff, 0xff, 0xff, 0xff, 0xff, 0xff, 0xff, 0xff, 0xff, 0xff, 0xff, 0xff,
    0xff, 0xff, 0xff, 0xff, 0xff, 0xff, 0xff, 0xff, 0xff, 0xff, 0xff, 0xff,
    0xff, 0xff, 0xff, 0xff, 0xff, 0xff, 0xff, 0xff, 0xff, 0xff, 0xff, 0xff,
    0xff, 0xff, 0xff, 0xff, 0xff, 0xff, 0xff, 0xff, 0xff, 0xff, 0xff, 0xff,
    0xff, 0xff, 0xff, 0xff, 0xff, 0xff, 0xff, 0xff, 0xff, 0xff, 0xff, 0xff,
    0xff, 0xff, 0xff, 0xff, 0xff, 0xff, 0xff, 0xff, 0xff, 0xff, 0xff, 0xff,
    0xff, 0xff, 0xff, 0xff, 0xff, 0xff, 0xff, 0xff, 0xff, 0xff, 0xff, 0xff,
    0xff, 0xff, 0xff, 0xff, 0xff, 0xff, 0xff, 0xff, 0xff, 0xff, 0xff, 0xff,
    0xff, 0xff, 0xff, 0xff, 0xff, 0xff, 0xff, 0xff, 0xff, 0xff, 0xff, 0xff,
    0xff, 0xff, 0xff, 0xff, 0xff, 0xff, 0xff, 0xff, 0xff, 0xff, 0xff, 0xff,
    0xff, 0xff, 0xff, 0xff, 0xff, 0xff, 0xff, 0xff, 0xff, 0xff, 0xff, 0xff,
    0xff, 0xff, 0xff, 0xff, 0xff, 0xff, 0xff, 0xff, 0xff, 0xff, 0xff, 0xff,
    0xff, 0xff, 0xff, 0xff, 0xff, 0xff, 0xff, 0xff, 0xff, 0xff, 0xff, 0xff,
    0xff, 0xff, 0xff, 0xff, 0xff, 0xff, 0xff, 0xff, 0xff, 0xff, 0xff, 0xff,
    0xff, 0xff, 0xff, 0xff, 0xff, 0xff, 0xff, 0xff, 0xff, 0xff, 0xff, 0xff,
    0xff, 0xff, 0xff, 0xff, 0xff, 0xff, 0xff, 0xff, 0xff, 0xff, 0xff, 0xff,
    0xff, 0xff, 0xff, 0xff, 0xff, 0xff, 0xff, 0xff, 0xff, 0xff, 0xff, 0xff,
    0xff, 0xff, 0xff, 0xff, 0xff, 0xff, 0xff, 0xff, 0xff, 0xff, 0xff, 0xff,
    0xff, 0xff, 0xff, 0xff, 0xff, 0xff, 0xff, 0xff, 0xff, 0xff, 0xff, 0xff,
    0xff, 0xff, 0xff, 0xff, 0xff, 0xff, 0xff, 0xff, 0xff, 0xff, 0xff, 0xff,
    0xff, 0xff, 0xff, 0xff, 0xff, 0xff, 0xff, 0xff, 0xff, 0xff, 0xff, 0xff,
    0xff, 0xff, 0xff, 0xff, 0xff, 0xff, 0xff, 0xff, 0xff, 0xff, 0xff, 0xff,
    0xff, 0xff, 0xff, 0xff, 0xff, 0xff, 0xff, 0xff, 0xff, 0xff, 0xff, 0xff,
    0xff, 0xff, 0xff, 0xff, 0xff, 0xff, 0xff, 0xff, 0xff, 0xff, 0xff, 0xff,
    0xff, 0xff, 0xff, 0xff, 0xff, 0xff, 0xff, 0xff, 0xff, 0xff, 0xff, 0xff,
    0xe5, 0xe6, 0xe6, 0xff, 0x80, 0x6d, 0x6d, 0xff, 0x5e, 0x0e, 0x0e, 0xff,
    0x7b, 0x00, 0x00, 0xff, 0x81, 0x01, 0x01, 0xff, 0x8b, 0x1c, 0x1c, 0xff,
    0x84, 0x10, 0x10, 0xff, 0x83, 0x0c, 0x0c, 0xff, 0x7f, 0x01, 0x01, 0xff,
    0x80, 0x00, 0x00, 0xff, 0x7f, 0x00, 0x00, 0xff, 0x7e, 0x00, 0x00, 0xff,
    0x80, 0x07, 0x07, 0xff, 0x82, 0x08, 0x08, 0xff, 0x93, 0x2b, 0x2b, 0xff,
    0xac, 0x5e, 0x5e, 0xff, 0x85, 0x0e, 0x0e, 0xff, 0x7f, 0x00, 0x00, 0xff,
    0x7f, 0x00, 0x00, 0xff, 0x80, 0x00, 0x00, 0xff, 0x80, 0x00, 0x00, 0xff,
    0x7e, 0x00, 0x00, 0xff, 0x89, 0x19, 0x19, 0xff, 0xcd, 0xa0, 0xa0, 0xff,
    0xa2, 0x4c, 0x4c, 0xff, 0x89, 0x17, 0x17, 0xff, 0x7e, 0x00, 0x00, 0xff,
    0x7f, 0x00, 0x00, 0xff, 0x80, 0x00, 0x00, 0xff, 0x80, 0x00, 0x00, 0xff,
    0x80, 0x00, 0x00, 0xff, 0x80, 0x00, 0x00, 0xff, 0x7f, 0x00, 0x00, 0xff,
    0x82, 0x07, 0x07, 0xff, 0x9c, 0x40, 0x40, 0xff, 0x8a, 0x1b, 0x1b, 0xff,
    0x7f, 0x00, 0x00, 0xff, 0x80, 0x00, 0x00, 0xff, 0x80, 0x00, 0x00, 0xff,
    0x80, 0x00, 0x00, 0xff, 0x80, 0x00, 0x00, 0xff, 0x80, 0x00, 0x00, 0xff,
    0x7f, 0x00, 0x00, 0xff, 0x83, 0x0b, 0x0b, 0xff, 0x84, 0x0c, 0x0c, 0xff,
    0x7f, 0x00, 0x00, 0xff, 0x80, 0x00, 0x00, 0xff, 0x80, 0x00, 0x00, 0xff,
    0x80, 0x00, 0x00, 0xff, 0x80, 0x00, 0x00, 0xff, 0x80, 0x00, 0x00, 0xff,
    0x80, 0x00, 0x00, 0xff, 0x7f, 0x00, 0x00, 0xff, 0x89, 0x1a, 0x1a, 0xff,
    0x80, 0x05, 0x05, 0xff, 0x7f, 0x00, 0x00, 0xff, 0x80, 0x00, 0x00, 0xff,
    0x7d, 0x00, 0x00, 0xff, 0xae, 0x61, 0x61, 0xff, 0xf9, 0xf7, 0xf7, 0xff,
    0xfc, 0xfd, 0xfd, 0xff, 0xea, 0xd7, 0xd7, 0xff, 0xad, 0x61, 0x61, 0xff,
    0x83, 0x0b, 0x0b, 0xff, 0x7f, 0x00, 0x00, 0xff, 0x80, 0x00, 0x00, 0xff,
    0x80, 0x00, 0x00, 0xff, 0x80, 0x00, 0x00, 0xff, 0x80, 0x00, 0x00, 0xff,
    0x80, 0x00, 0x00, 0xff, 0x80, 0x00, 0x00, 0xff, 0x7f, 0x01, 0x01, 0xff,
    0x88, 0x15, 0x15, 0xff, 0x80, 0x00, 0x00, 0xff, 0x80, 0x00, 0x00, 0xff,
    0x80, 0x00, 0x00, 0xff, 0x80, 0x00, 0x00, 0xff, 0x80, 0x00, 0x00, 0xff,
    0x80, 0x00, 0x00, 0xff, 0x80, 0x00, 0x00, 0xff, 0x7e, 0x00, 0x00, 0xff,
    0x9a, 0x3b, 0x3b, 0xff, 0x8f, 0x25, 0x25, 0xff, 0x7f, 0x00, 0x00, 0xff,
    0x80, 0x00, 0x00, 0xff, 0x80, 0x00, 0x00, 0xff, 0x80, 0x00, 0x00, 0xff,
    0x80, 0x00, 0x00, 0xff, 0x80, 0x00, 0x00, 0xff, 0x7f, 0x00, 0x00, 0xff,
    0x80, 0x04, 0x04, 0xff, 0x8e, 0x22, 0x22, 0xff, 0x83, 0x08, 0x08, 0xff,
    0x7f, 0x00, 0x00, 0xff, 0x80, 0x00, 0x00, 0xff, 0x80, 0x00, 0x00, 0xff,
    0x80, 0x00, 0x00, 0xff, 0x80, 0x00, 0x00, 0xff, 0x7f, 0x00, 0x00, 0xff,
    0x80, 0x04, 0x04, 0xff, 0x86, 0x0e, 0x0e, 0xff, 0x8a, 0x17, 0x17, 0xff,
    0x7f, 0x00, 0x00, 0xff, 0x7f, 0x00, 0x00, 0xff, 0x80, 0x00, 0x00, 0xff,
    0x80, 0x00, 0x00, 0xff, 0x80, 0x00, 0x00, 0xff, 0x7f, 0x00, 0x00, 0xff,
    0x82, 0x08, 0x08, 0xff, 0x84, 0x0e, 0x0e, 0xff, 0x87, 0x1a, 0x1a, 0xff,
    0x83, 0x0b, 0x0b, 0xff, 0x81, 0x00, 0x00, 0xff, 0x70, 0x00, 0x00, 0xff,
    0x60, 0x2c, 0x2c, 0xff, 0xb7, 0xb3, 0xb3, 0xff, 0xfd, 0xfd, 0xfd, 0xff,
    0xff, 0xff, 0xff, 0xff, 0xff, 0xff, 0xff, 0xff, 0xff, 0xff, 0xff, 0xff,
    0xff, 0xff, 0xff, 0xff, 0xff, 0xff, 0xff, 0xff, 0xff, 0xff, 0xff, 0xff,
    0xff, 0xff, 0xff, 0xff, 0xff, 0xff, 0xff, 0xff, 0xff, 0xff, 0xff, 0xff,
    0xff, 0xff, 0xff, 0xff, 0xff, 0xff, 0xff, 0xff, 0xff, 0xff, 0xff, 0xff,
    0xff, 0xff, 0xff, 0xff, 0xff, 0xff, 0xff, 0xff, 0xff, 0xff, 0xff, 0xff,
    0xff, 0xff, 0xff, 0xff, 0xff, 0xff, 0xff, 0xff, 0xff, 0xff, 0xff, 0xff,
    0xff, 0xff, 0xff, 0xff, 0xff, 0xff, 0xff, 0xff, 0xff, 0xff, 0xff, 0xff,
    0xff, 0xff, 0xff, 0xff, 0xff, 0xff, 0xff, 0xff, 0xff, 0xff, 0xff, 0xff,
    0xff, 0xff, 0xff, 0xff, 0xff, 0xff, 0xff, 0xff, 0xff, 0xff, 0xff, 0xff,
    0xff, 0xff, 0xff, 0xff, 0xff, 0xff, 0xff, 0xff, 0xff, 0xff, 0xff, 0xff,
    0xff, 0xff, 0xff, 0xff, 0xff, 0xff, 0xff, 0xff, 0xff, 0xff, 0xff, 0xff,
    0xff, 0xff, 0xff, 0xff, 0xff, 0xff, 0xff, 0xff, 0xff, 0xff, 0xff, 0xff,
    0xff, 0xff, 0xff, 0xff, 0xff, 0xff, 0xff, 0xff, 0xff, 0xff, 0xff, 0xff,
    0xff, 0xff, 0xff, 0xff, 0xff, 0xff, 0xff, 0xff, 0xff, 0xff, 0xff, 0xff,
    0xfe, 0xfe, 0xfc, 0xff, 0xf8, 0xe1, 0xb3, 0xff, 0xed, 0xb2, 0x38, 0xff,
    0xe9, 0xa1, 0x09, 0xff, 0xe8, 0x9c, 0x00, 0xff, 0xe9, 0xa0, 0x08, 0xff,
    0xec, 0xac, 0x28, 0xff, 0xef, 0xbb, 0x4f, 0xff, 0xf4, 0xce, 0x84, 0xff,
    0xf7, 0xde, 0xab, 0xff, 0xf9, 0xe7, 0xbf, 0xff, 0xf9, 0xe8, 0xc2, 0xff,
    0xf9, 0xe8, 0xc2, 0xff, 0xf9, 0xe8, 0xc2, 0xff, 0xf8, 0xe3, 0xb8, 0xff,
    0xf6, 0xd8, 0x9d, 0xff, 0xf3, 0xcb, 0x7c, 0xff, 0xee, 0xb5, 0x3e, 0xff,
    0xeb, 0xa7, 0x1b, 0xff, 0xe8, 0x9d, 0x00, 0xff, 0xe8, 0x9c, 0x00, 0xff,
    0xea, 0xa6, 0x15, 0xff, 0xf5, 0xd6, 0x94, 0xff, 0xfe, 0xfd, 0xfc, 0xff,
    0xff, 0xff, 0xff, 0xff, 0xff, 0xff, 0xff, 0xff, 0xff, 0xff, 0xff, 0xff,
    0xff, 0xff, 0xff, 0xff, 0xff, 0xff, 0xff, 0xff, 0xff, 0xff, 0xff, 0xff,
    0xff, 0xff, 0xff, 0xff, 0xff, 0xff, 0xff, 0xff, 0xff, 0xff, 0xff, 0xff,
    0xff, 0xff, 0xff, 0xff, 0xff, 0xff, 0xff, 0xff, 0xff, 0xff, 0xff, 0xff,
    0xff, 0xff, 0xff, 0xff, 0xff, 0xff, 0xff, 0xff, 0xff, 0xff, 0xff, 0xff,
    0xff, 0xff, 0xff, 0xff, 0xff, 0xff, 0xff, 0xff, 0xff, 0xff, 0xff, 0xff,
    0xff, 0xff, 0xff, 0xff, 0xff, 0xff, 0xff, 0xff, 0xff, 0xff, 0xff, 0xff,
    0xff, 0xff, 0xff, 0xff, 0xff, 0xff, 0xff, 0xff, 0xff, 0xff, 0xff, 0xff,
    0xff, 0xff, 0xff, 0xff, 0xff, 0xff, 0xff, 0xff, 0xff, 0xff, 0xff, 0xff,
    0xff, 0xff, 0xff, 0xff, 0xff, 0xff, 0xff, 0xff, 0xff, 0xff, 0xff, 0xff,
    0xff, 0xff, 0xff, 0xff, 0xff, 0xff, 0xff, 0xff, 0xff, 0xff, 0xff, 0xff,
    0xff, 0xff, 0xff, 0xff, 0xff, 0xff, 0xff, 0xff, 0xff, 0xff, 0xff, 0xff,
    0xff, 0xff, 0xff, 0xff, 0xff, 0xff, 0xff, 0xff, 0xff, 0xff, 0xff, 0xff,
    0xff, 0xff, 0xff, 0xff, 0xff, 0xff, 0xff, 0xff, 0xff, 0xff, 0xff, 0xff,
    0xff, 0xff, 0xff, 0xff, 0xff, 0xff, 0xff, 0xff, 0xff, 0xff, 0xff, 0xff,
    0xff, 0xff, 0xff, 0xff, 0xff, 0xff, 0xff, 0xff, 0xff, 0xff, 0xff, 0xff,
    0xff, 0xff, 0xff, 0xff, 0xff, 0xff, 0xff, 0xff, 0xff, 0xff, 0xff, 0xff,
    0xff, 0xff, 0xff, 0xff, 0xff, 0xff, 0xff, 0xff, 0xff, 0xff, 0xff, 0xff,
    0xff, 0xff, 0xff, 0xff, 0xff, 0xff, 0xff, 0xff, 0xff, 0xff, 0xff, 0xff,
    0xff, 0xff, 0xff, 0xff, 0xff, 0xff, 0xff, 0xff, 0xff, 0xff, 0xff, 0xff,
    0xff, 0xff, 0xff, 0xff, 0xff, 0xff, 0xff, 0xff, 0xff, 0xff, 0xff, 0xff,
    0xff, 0xff, 0xff, 0xff, 0xff, 0xff, 0xff, 0xff, 0xff, 0xff, 0xff, 0xff,
    0xff, 0xff, 0xff, 0xff, 0xff, 0xff, 0xff, 0xff, 0xff, 0xff, 0xff, 0xff,
    0xff, 0xff, 0xff, 0xff, 0xff, 0xff, 0xff, 0xff, 0xff, 0xff, 0xff, 0xff,
    0xff, 0xff, 0xff, 0xff, 0xff, 0xff, 0xff, 0xff, 0xff, 0xff, 0xff, 0xff,
    0xff, 0xff, 0xff, 0xff, 0xff, 0xff, 0xff, 0xff, 0xff, 0xff, 0xff, 0xff,
    0xff, 0xff, 0xff, 0xff, 0xff, 0xff, 0xff, 0xff, 0xff, 0xff, 0xff, 0xff,
    0xff, 0xff, 0xff, 0xff, 0xff, 0xff, 0xff, 0xff, 0xff, 0xff, 0xff, 0xff,
    0xff, 0xff, 0xff, 0xff, 0xff, 0xff, 0xff, 0xff, 0xff, 0xff, 0xff, 0xff,
    0xff, 0xff, 0xff, 0xff, 0xff, 0xff, 0xff, 0xff, 0xff, 0xff, 0xff, 0xff,
    0xff, 0xff, 0xff, 0xff, 0xff, 0xff, 0xff, 0xff, 0xff, 0xff, 0xff, 0xff,
    0xff, 0xff, 0xff, 0xff, 0xff, 0xff, 0xff, 0xff, 0xff, 0xff, 0xff, 0xff,
    0xff, 0xff, 0xff, 0xff, 0xff, 0xff, 0xff, 0xff, 0xf1, 0xf2, 0xf2, 0xff,
    0x9d, 0x98, 0x98, 0xff, 0x60, 0x23, 0x23, 0xff, 0x73, 0x00, 0x00, 0xff,
    0x80, 0x00, 0x00, 0xff, 0x80, 0x02, 0x02, 0xff, 0x9d, 0x41, 0x41, 0xff,
    0x8e, 0x23, 0x23, 0xff, 0x7e, 0x00, 0x00, 0xff, 0x7f, 0x00, 0x00, 0xff,
    0x80, 0x00, 0x00, 0xff, 0x7f, 0x00, 0x00, 0xff, 0x7f, 0x00, 0x00, 0xff,
    0x8a, 0x1a, 0x1a, 0xff, 0xb6, 0x75, 0x75, 0xff, 0xa2, 0x48, 0x48, 0xff,
    0x92, 0x2f, 0x2f, 0xff, 0x7f, 0x02, 0x02, 0xff, 0x7f, 0x00, 0x00, 0xff,
    0x80, 0x00, 0x00, 0xff, 0x7e, 0x00, 0x00, 0xff, 0x8d, 0x21, 0x21, 0xff,
    0xd8, 0xb5, 0xb5, 0xff, 0x94, 0x2d, 0x2d, 0xff, 0x80, 0x03, 0x03, 0xff,
    0x8f, 0x26, 0x26, 0xff, 0x81, 0x06, 0x06, 0xff, 0x7f, 0x00, 0x00, 0xff,
    0x80, 0x00, 0x00, 0xff, 0x80, 0x00, 0x00, 0xff, 0x80, 0x00, 0x00, 0xff,
    0x80, 0x00, 0x00, 0xff, 0x7f, 0x00, 0x00, 0xff, 0x84, 0x0c, 0x0c, 0xff,
    0x86, 0x10, 0x10, 0xff, 0x80, 0x00, 0x00, 0xff, 0x80, 0x00, 0x00, 0xff,
    0x80, 0x00, 0x00, 0xff, 0x80, 0x00, 0x00, 0xff, 0x80, 0x00, 0x00, 0xff,
    0x80, 0x00, 0x00, 0xff, 0x7f, 0x00, 0x00, 0xff, 0x82, 0x07, 0x07, 0xff,
    0x94, 0x2f, 0x2f, 0xff, 0x83, 0x08, 0x08, 0xff, 0x7f, 0x00, 0x00, 0xff,
    0x80, 0x00, 0x00, 0xff, 0x80, 0x00, 0x00, 0xff, 0x80, 0x00, 0x00, 0xff,
    0x80, 0x00, 0x00, 0xff, 0x80, 0x00, 0x00, 0xff, 0x7e, 0x00, 0x00, 0xff,
    0x87, 0x18, 0x18, 0xff, 0x82, 0x05, 0x05, 0xff, 0x7f, 0x00, 0x00, 0xff,
    0x7f, 0x00, 0x00, 0xff, 0x7e, 0x02, 0x02, 0xff, 0xaa, 0x5a, 0x5a, 0xff,
    0xf5, 0xed, 0xed, 0xff, 0xfc, 0xfb, 0xfb, 0xff, 0xbc, 0x7a, 0x7a, 0xff,
    0x8b, 0x20, 0x20, 0xff, 0x84, 0x0e, 0x0e, 0xff, 0x7f, 0x00, 0x00, 0xff,
    0x80, 0x00, 0x00, 0xff, 0x80, 0x00, 0x00, 0xff, 0x80, 0x00, 0x00, 0xff,
    0x80, 0x00, 0x00, 0xff, 0x80, 0x00, 0x00, 0xff, 0x7e, 0x00, 0x00, 0xff,
    0x8e, 0x21, 0x21, 0xff, 0x8d, 0x21, 0x21, 0xff, 0x7f, 0x00, 0x00, 0xff,
    0x80, 0x00, 0x00, 0xff, 0x80, 0x00, 0x00, 0xff, 0x80, 0x00, 0x00, 0xff,
    0x80, 0x00, 0x00, 0xff, 0x80, 0x00, 0x00, 0xff, 0x7f, 0x00, 0x00, 0xff,
    0x80, 0x02, 0x02, 0xff, 0x88, 0x12, 0x12, 0xff, 0x81, 0x03, 0x03, 0xff,
    0x7f, 0x00, 0x00, 0xff, 0x80, 0x00, 0x00, 0xff, 0x80, 0x00, 0x00, 0xff,
    0x80, 0x00, 0x00, 0xff, 0x80, 0x00, 0x00, 0xff, 0x7f, 0x00, 0x00, 0xff,
    0x88, 0x16, 0x16, 0xff, 0x88, 0x18, 0x18, 0xff, 0x7f, 0x00, 0x00, 0xff,
    0x7f, 0x00, 0x00, 0xff, 0x80, 0x00, 0x00, 0xff, 0x80, 0x00, 0x00, 0xff,
    0x80, 0x00, 0x00, 0xff, 0x80, 0x00, 0x00, 0xff, 0x7f, 0x00, 0x00, 0xff,
    0x86, 0x11, 0x11, 0xff, 0x9a, 0x3d, 0x3d, 0xff, 0x83, 0x09, 0x09, 0xff,
    0x7f, 0x00, 0x00, 0xff, 0x80, 0x00, 0x00, 0xff, 0x80, 0x00, 0x00, 0xff,
    0x80, 0x00, 0x00, 0xff, 0x80, 0x00, 0x00, 0xff, 0x7f, 0x00, 0x00, 0xff,
    0x81, 0x07, 0x07, 0xff, 0x9f, 0x45, 0x45, 0xff, 0x8e, 0x21, 0x21, 0xff,
    0x7f, 0x00, 0x00, 0xff, 0x7d, 0x00, 0x00, 0xff, 0x66, 0x08, 0x08, 0xff,
    0x71, 0x53, 0x53, 0xff, 0xcd, 0xcd, 0xcd, 0xff, 0xfe, 0xfe, 0xfe, 0xff,
    0xff, 0xff, 0xff, 0xff, 0xff, 0xff, 0xff, 0xff, 0xff, 0xff, 0xff, 0xff,
    0xff, 0xff, 0xff, 0xff, 0xff, 0xff, 0xff, 0xff, 0xff, 0xff, 0xff, 0xff,
    0xff, 0xff, 0xff, 0xff, 0xff, 0xff, 0xff, 0xff, 0xff, 0xff, 0xff, 0xff,
    0xff, 0xff, 0xff, 0xff, 0xff, 0xff, 0xff, 0xff, 0xff, 0xff, 0xff, 0xff,
    0xff, 0xff, 0xff, 0xff, 0xff, 0xff, 0xff, 0xff, 0xff, 0xff, 0xff, 0xff,
    0xff, 0xff, 0xff, 0xff, 0xff, 0xff, 0xff, 0xff, 0xff, 0xff, 0xff, 0xff,
    0xff, 0xff, 0xff, 0xff, 0xff, 0xff, 0xff, 0xff, 0xff, 0xff, 0xff, 0xff,
    0xff, 0xff, 0xff, 0xff, 0xff, 0xff, 0xff, 0xff, 0xff, 0xff, 0xff, 0xff,
    0xff, 0xff, 0xff, 0xff, 0xff, 0xff, 0xff, 0xff, 0xff, 0xff, 0xff, 0xff,
    0xff, 0xff, 0xff, 0xff, 0xff, 0xff, 0xff, 0xff, 0xff, 0xff, 0xff, 0xff,
    0xff, 0xff, 0xff, 0xff, 0xff, 0xff, 0xff, 0xff, 0xff, 0xff, 0xff, 0xff,
    0xff, 0xff, 0xff, 0xff, 0xff, 0xff, 0xff, 0xff, 0xff, 0xff, 0xff, 0xff,
    0xff, 0xff, 0xff, 0xff, 0xff, 0xff, 0xff, 0xff, 0xff, 0xff, 0xff, 0xff,
    0xff, 0xff, 0xff, 0xff, 0xff, 0xff, 0xff, 0xff, 0xff, 0xff, 0xff, 0xff,
    0xff, 0xff, 0xff, 0xff, 0xff, 0xff, 0xfe, 0xff, 0xfe, 0xfe, 0xfe, 0xff,
    0xfc, 0xf6, 0xe8, 0xff, 0xf6, 0xd9, 0x9c, 0xff, 0xf0, 0xba, 0x50, 0xff,
    0xea, 0xa6, 0x15, 0xff, 0xe9, 0x9d, 0x00, 0xff, 0xe8, 0x9d, 0x00, 0xff,
    0xe9, 0x9d, 0x00, 0xff, 0xe9, 0x9f, 0x02, 0xff, 0xe9, 0xa1, 0x04, 0xff,
    0xe9, 0xa2, 0x05, 0xff, 0xe9, 0xa2, 0x05, 0xff, 0xe9, 0xa2, 0x05, 0xff,
    0xe9, 0xa0, 0x03, 0xff, 0xe9, 0x9e, 0x00, 0xff, 0xe8, 0x9d, 0x00, 0xff,
    0xe8, 0x9d, 0x00, 0xff, 0xe9, 0x9f, 0x02, 0xff, 0xec, 0xac, 0x29, 0xff,
    0xf2, 0xc7, 0x6e, 0xff, 0xf9, 0xe5, 0xbe, 0xff, 0xfe, 0xfb, 0xf5, 0xff,
    0xfe, 0xfe, 0xfe, 0xff, 0xff, 0xff, 0xff, 0xff, 0xff, 0xff, 0xff, 0xff,
    0xff, 0xff, 0xff, 0xff, 0xff, 0xff, 0xff, 0xff, 0xff, 0xff, 0xff, 0xff,
    0xff, 0xff, 0xff, 0xff, 0xff, 0xff, 0xff, 0xff, 0xff, 0xff, 0xff, 0xff,
    0xff, 0xff, 0xff, 0xff, 0xff, 0xff, 0xff, 0xff, 0xff, 0xff, 0xff, 0xff,
    0xff, 0xff, 0xff, 0xff, 0xff, 0xff, 0xff, 0xff, 0xff, 0xff, 0xff, 0xff,
    0xff, 0xff, 0xff, 0xff, 0xff, 0xff, 0xff, 0xff, 0xff, 0xff, 0xff, 0xff,
    0xff, 0xff, 0xff, 0xff, 0xff, 0xff, 0xff, 0xff, 0xff, 0xff, 0xff, 0xff,
    0xff, 0xff, 0xff, 0xff, 0xff, 0xff, 0xff, 0xff, 0xff, 0xff, 0xff, 0xff,
    0xff, 0xff, 0xff, 0xff, 0xff, 0xff, 0xff, 0xff, 0xff, 0xff, 0xff, 0xff,
    0xff, 0xff, 0xff, 0xff, 0xff, 0xff, 0xff, 0xff, 0xff, 0xff, 0xff, 0xff,
    0xff, 0xff, 0xff, 0xff, 0xff, 0xff, 0xff, 0xff, 0xff, 0xff, 0xff, 0xff,
    0xff, 0xff, 0xff, 0xff, 0xff, 0xff, 0xff, 0xff, 0xff, 0xff, 0xff, 0xff,
    0xff, 0xff, 0xff, 0xff, 0xff, 0xff, 0xff, 0xff, 0xff, 0xff, 0xff, 0xff,
    0xff, 0xff, 0xff, 0xff, 0xff, 0xff, 0xff, 0xff, 0xff, 0xff, 0xff, 0xff,
    0xff, 0xff, 0xff, 0xff, 0xff, 0xff, 0xff, 0xff, 0xff, 0xff, 0xff, 0xff,
    0xff, 0xff, 0xff, 0xff, 0xff, 0xff, 0xff, 0xff, 0xff, 0xff, 0xff, 0xff,
    0xff, 0xff, 0xff, 0xff, 0xff, 0xff, 0xff, 0xff, 0xff, 0xff, 0xff, 0xff,
    0xff, 0xff, 0xff, 0xff, 0xff, 0xff, 0xff, 0xff, 0xff, 0xff, 0xff, 0xff,
    0xff, 0xff, 0xff, 0xff, 0xff, 0xff, 0xff, 0xff, 0xff, 0xff, 0xff, 0xff,
    0xff, 0xff, 0xff, 0xff, 0xff, 0xff, 0xff, 0xff, 0xff, 0xff, 0xff, 0xff,
    0xff, 0xff, 0xff, 0xff, 0xff, 0xff, 0xff, 0xff, 0xff, 0xff, 0xff, 0xff,
    0xff, 0xff, 0xff, 0xff, 0xff, 0xff, 0xff, 0xff, 0xff, 0xff, 0xff, 0xff,
    0xff, 0xff, 0xff, 0xff, 0xff, 0xff, 0xff, 0xff, 0xff, 0xff, 0xff, 0xff,
    0xff, 0xff, 0xff, 0xff, 0xff, 0xff, 0xff, 0xff, 0xff, 0xff, 0xff, 0xff,
    0xff, 0xff, 0xff, 0xff, 0xff, 0xff, 0xff, 0xff, 0xff, 0xff, 0xff, 0xff,
    0xff, 0xff, 0xff, 0xff, 0xff, 0xff, 0xff, 0xff, 0xff, 0xff, 0xff, 0xff,
    0xff, 0xff, 0xff, 0xff, 0xff, 0xff, 0xff, 0xff, 0xff, 0xff, 0xff, 0xff,
    0xff, 0xff, 0xff, 0xff, 0xff, 0xff, 0xff, 0xff, 0xff, 0xff, 0xff, 0xff,
    0xff, 0xff, 0xff, 0xff, 0xff, 0xff, 0xff, 0xff, 0xff, 0xff, 0xff, 0xff,
    0xff, 0xff, 0xff, 0xff, 0xff, 0xff, 0xff, 0xff, 0xff, 0xff, 0xff, 0xff,
    0xff, 0xff, 0xff, 0xff, 0xff, 0xff, 0xff, 0xff, 0xff, 0xff, 0xff, 0xff,
    0xff, 0xff, 0xff, 0xff, 0xff, 0xff, 0xff, 0xff, 0xff, 0xff, 0xff, 0xff,
    0xff, 0xff, 0xff, 0xff, 0xff, 0xff, 0xff, 0xff, 0xff, 0xff, 0xff, 0xff,
    0xff, 0xff, 0xff, 0xff, 0xfc, 0xfd, 0xfd, 0xff, 0xc5, 0xc3, 0xc3, 0xff,
    0x6d, 0x4c, 0x4c, 0xff, 0x66, 0x08, 0x08, 0xff, 0x7c, 0x00, 0x00, 0xff,
    0x86, 0x0c, 0x0c, 0xff, 0x88, 0x16, 0x16, 0xff, 0x85, 0x13, 0x13, 0xff,
    0x84, 0x0e, 0x0e, 0xff, 0x7f, 0x00, 0x00, 0xff, 0x80, 0x00, 0x00, 0xff,
    0x80, 0x00, 0x00, 0xff, 0x7f, 0x00, 0x00, 0xff, 0x80, 0x04, 0x04, 0xff,
    0x85, 0x0b, 0x0b, 0xff, 0x8e, 0x24, 0x24, 0xff, 0x81, 0x08, 0x08, 0xff,
    0x80, 0x01, 0x01, 0xff, 0x7f, 0x00, 0x00, 0xff, 0x7e, 0x00, 0x00, 0xff,
    0x8f, 0x23, 0x23, 0xff, 0xda, 0xb9, 0xb9, 0xff, 0x9e, 0x43, 0x43, 0xff,
    0x7d, 0x02, 0x02, 0xff, 0x95, 0x33, 0x33, 0xff, 0x89, 0x1a, 0x1a, 0xff,
    0x7e, 0x00, 0x00, 0xff, 0x7f, 0x00, 0x00, 0xff, 0x80, 0x00, 0x00, 0xff,
    0x80, 0x00, 0x00, 0xff, 0x80, 0x00, 0x00, 0xff, 0x80, 0x00, 0x00, 0xff,
    0x7f, 0x00, 0x00, 0xff, 0x8d, 0x21, 0x21, 0xff, 0x8a, 0x1b, 0x1b, 0xff,
    0x7f, 0x00, 0x00, 0xff, 0x80, 0x00, 0x00, 0xff, 0x80, 0x00, 0x00, 0xff,
    0x80, 0x00, 0x00, 0xff, 0x80, 0x00, 0x00, 0xff, 0x80, 0x00, 0x00, 0xff,
    0x7f, 0x01, 0x01, 0xff, 0x91, 0x28, 0x28, 0xff, 0x85, 0x0f, 0x0f, 0xff,
    0x7f, 0x00, 0x00, 0xff, 0x80, 0x00, 0x00, 0xff, 0x80, 0x00, 0x00, 0xff,
    0x80, 0x00, 0x00, 0xff, 0x80, 0x00, 0x00, 0xff, 0x80, 0x00, 0x00, 0xff,
    0x7e, 0x00, 0x00, 0xff, 0x95, 0x33, 0x33, 0xff, 0x85, 0x0a, 0x0a, 0xff,
    0x7f, 0x00, 0x00, 0xff, 0x7f, 0x00, 0x00, 0xff, 0x80, 0x06, 0x06, 0xff,
    0xb7, 0x79, 0x79, 0xff, 0xfa, 0xf6, 0xf6, 0xff, 0xe0, 0xc4, 0xc4, 0xff,
    0x8d, 0x1f, 0x1f, 0xff, 0x94, 0x31, 0x31, 0xff, 0x87, 0x13, 0x13, 0xff,
    0x7f, 0x00, 0x00, 0xff, 0x80, 0x00, 0x00, 0xff, 0x80, 0x00, 0x00, 0xff,
    0x80, 0x00, 0x00, 0xff, 0x80, 0x00, 0x00, 0xff, 0x80, 0x00, 0x00, 0xff,
    0x7e, 0x00, 0x00, 0xff, 0x8e, 0x1f, 0x1f, 0xff, 0x87, 0x12, 0x12, 0xff,
    0x7f, 0x00, 0x00, 0xff, 0x80, 0x00, 0x00, 0xff, 0x80, 0x00, 0x00, 0xff,
    0x80, 0x00, 0x00, 0xff, 0x80, 0x00, 0x00, 0xff, 0x7f, 0x00, 0x00, 0xff,
    0x81, 0x06, 0x06, 0xff, 0x91, 0x2a, 0x2a, 0xff, 0x84, 0x0b, 0x0b, 0xff,
    0x7f, 0x00, 0x00, 0xff, 0x80, 0x00, 0x00, 0xff, 0x80, 0x00, 0x00, 0xff,
    0x80, 0x00, 0x00, 0xff, 0x7f, 0x00, 0x00, 0xff, 0x7f, 0x00, 0x00, 0xff,
    0x80, 0x02, 0x02, 0xff, 0x99, 0x38, 0x38, 0xff, 0x8c, 0x1c, 0x1c, 0xff,
    0x7f, 0x00, 0x00, 0xff, 0x80, 0x00, 0x00, 0xff, 0x80, 0x00, 0x00, 0xff,
    0x80, 0x00, 0x00, 0xff, 0x7f, 0x00, 0x00, 0xff, 0x7f, 0x00, 0x00, 0xff,
    0x81, 0x06, 0x06, 0xff, 0x88, 0x13, 0x13, 0xff, 0x8c, 0x1c, 0x1c, 0xff,
    0x7f, 0x00, 0x00, 0xff, 0x7f, 0x00, 0x00, 0xff, 0x80, 0x00, 0x00, 0xff,
    0x80, 0x00, 0x00, 0xff, 0x7f, 0x00, 0x00, 0xff, 0x81, 0x04, 0x04, 0xff,
    0x88, 0x17, 0x17, 0xff, 0x83, 0x0d, 0x0d, 0xff, 0x8d, 0x1e, 0x1e, 0xff,
    0x83, 0x03, 0x03, 0xff, 0x73, 0x00, 0x00, 0xff, 0x5e, 0x20, 0x20, 0xff,
    0x94, 0x87, 0x87, 0xff, 0xe8, 0xe9, 0xe9, 0xff, 0xff, 0xff, 0xff, 0xff,
    0xff, 0xff, 0xff, 0xff, 0xff, 0xff, 0xff, 0xff, 0xff, 0xff, 0xff, 0xff,
    0xff, 0xff, 0xff, 0xff, 0xff, 0xff, 0xff, 0xff, 0xff, 0xff, 0xff, 0xff,
    0xff, 0xff, 0xff, 0xff, 0xff, 0xff, 0xff, 0xff, 0xff, 0xff, 0xff, 0xff,
    0xff, 0xff, 0xff, 0xff, 0xff, 0xff, 0xff, 0xff, 0xff, 0xff, 0xff, 0xff,
    0xff, 0xff, 0xff, 0xff, 0xff, 0xff, 0xff, 0xff, 0xff, 0xff, 0xff, 0xff,
    0xff, 0xff, 0xff, 0xff, 0xff, 0xff, 0xff, 0xff, 0xff, 0xff, 0xff, 0xff,
    0xff, 0xff, 0xff, 0xff, 0xff, 0xff, 0xff, 0xff, 0xff, 0xff, 0xff, 0xff,
    0xff, 0xff, 0xff, 0xff, 0xff, 0xff, 0xff, 0xff, 0xff, 0xff, 0xff, 0xff,
    0xff, 0xff, 0xff, 0xff, 0xff, 0xff, 0xff, 0xff, 0xff, 0xff, 0xff, 0xff,
    0xff, 0xff, 0xff, 0xff, 0xff, 0xff, 0xff, 0xff, 0xff, 0xff, 0xff, 0xff,
    0xff, 0xff, 0xff, 0xff, 0xff, 0xff, 0xff, 0xff, 0xff, 0xff, 0xff, 0xff,
    0xff, 0xff, 0xff, 0xff, 0xff, 0xff, 0xff, 0xff, 0xff, 0xff, 0xff, 0xff,
    0xff, 0xff, 0xff, 0xff, 0xff, 0xff, 0xff, 0xff, 0xff, 0xff, 0xff, 0xff,
    0xff, 0xff, 0xff, 0xff, 0xff, 0xff, 0xff, 0xff, 0xff, 0xff, 0xff, 0xff,
    0xff, 0xff, 0xff, 0xff, 0xff, 0xff, 0xff, 0xff, 0xff, 0xff, 0xff, 0xff,
    0xff, 0xff, 0xff, 0xff, 0xff, 0xff, 0xff, 0xff, 0xff, 0xff, 0xff, 0xff,
    0xfd, 0xf8, 0xee, 0xff, 0xfa, 0xe9, 0xc8, 0xff, 0xf5, 0xd1, 0x8e, 0xff,
    0xf0, 0xbe, 0x5b, 0xff, 0xed, 0xb0, 0x33, 0xff, 0xec, 0xaa, 0x24, 0xff,
    0xeb, 0xa6, 0x17, 0xff, 0xea, 0xa3, 0x11, 0xff, 0xea, 0xa3, 0x0f, 0xff,
    0xea, 0xa5, 0x14, 0xff, 0xeb, 0xa7, 0x1c, 0xff, 0xec, 0xac, 0x29, 0xff,
    0xef, 0xb6, 0x45, 0xff, 0xf2, 0xc6, 0x71, 0xff, 0xf7, 0xdd, 0xaa, 0xff,
    0xfb, 0xf0, 0xda, 0xff, 0xfe, 0xfd, 0xfb, 0xff, 0xff, 0xff, 0xff, 0xff,
    0xff, 0xff, 0xff, 0xff, 0xff, 0xff, 0xff, 0xff, 0xff, 0xff, 0xff, 0xff,
    0xff, 0xff, 0xff, 0xff, 0xff, 0xff, 0xff, 0xff, 0xff, 0xff, 0xff, 0xff,
    0xff, 0xff, 0xff, 0xff, 0xff, 0xff, 0xff, 0xff, 0xff, 0xff, 0xff, 0xff,
    0xff, 0xff, 0xff, 0xff, 0xff, 0xff, 0xff, 0xff, 0xff, 0xff, 0xff, 0xff,
    0xff, 0xff, 0xff, 0xff, 0xff, 0xff, 0xff, 0xff, 0xff, 0xff, 0xff, 0xff,
    0xff, 0xff, 0xff, 0xff, 0xff, 0xff, 0xff, 0xff, 0xff, 0xff, 0xff, 0xff,
    0xff, 0xff, 0xff, 0xff, 0xff, 0xff, 0xff, 0xff, 0xff, 0xff, 0xff, 0xff,
    0xff, 0xff, 0xff, 0xff, 0xff, 0xff, 0xff, 0xff, 0xff, 0xff, 0xff, 0xff,
    0xff, 0xff, 0xff, 0xff, 0xff, 0xff, 0xff, 0xff, 0xff, 0xff, 0xff, 0xff,
    0xff, 0xff, 0xff, 0xff, 0xff, 0xff, 0xff, 0xff, 0xff, 0xff, 0xff, 0xff,
    0xff, 0xff, 0xff, 0xff, 0xff, 0xff, 0xff, 0xff, 0xff, 0xff, 0xff, 0xff,
    0xff, 0xff, 0xff, 0xff, 0xff, 0xff, 0xff, 0xff, 0xff, 0xff, 0xff, 0xff,
    0xff, 0xff, 0xff, 0xff, 0xff, 0xff, 0xff, 0xff, 0xff, 0xff, 0xff, 0xff,
    0xff, 0xff, 0xff, 0xff, 0xff, 0xff, 0xff, 0xff, 0xff, 0xff, 0xff, 0xff,
    0xff, 0xff, 0xff, 0xff, 0xff, 0xff, 0xff, 0xff, 0xff, 0xff, 0xff, 0xff,
    0xff, 0xff, 0xff, 0xff, 0xff, 0xff, 0xff, 0xff, 0xff, 0xff, 0xff, 0xff,
    0xff, 0xff, 0xff, 0xff, 0xff, 0xff, 0xff, 0xff, 0xff, 0xff, 0xff, 0xff,
    0xff, 0xff, 0xff, 0xff, 0xff, 0xff, 0xff, 0xff, 0xff, 0xff, 0xff, 0xff,
    0xff, 0xff, 0xff, 0xff, 0xff, 0xff, 0xff, 0xff, 0xff, 0xff, 0xff, 0xff,
    0xff, 0xff, 0xff, 0xff, 0xff, 0xff, 0xff, 0xff, 0xff, 0xff, 0xff, 0xff,
    0xff, 0xff, 0xff, 0xff, 0xff, 0xff, 0xff, 0xff, 0xff, 0xff, 0xff, 0xff,
    0xff, 0xff, 0xff, 0xff, 0xff, 0xff, 0xff, 0xff, 0xff, 0xff, 0xff, 0xff,
    0xff, 0xff, 0xff, 0xff, 0xff, 0xff, 0xff, 0xff, 0xff, 0xff, 0xff, 0xff,
    0xff, 0xff, 0xff, 0xff, 0xff, 0xff, 0xff, 0xff, 0xff, 0xff, 0xff, 0xff,
    0xff, 0xff, 0xff, 0xff, 0xff, 0xff, 0xff, 0xff, 0xff, 0xff, 0xff, 0xff,
    0xff, 0xff, 0xff, 0xff, 0xff, 0xff, 0xff, 0xff, 0xff, 0xff, 0xff, 0xff,
    0xff, 0xff, 0xff, 0xff, 0xff, 0xff, 0xff, 0xff, 0xff, 0xff, 0xff, 0xff,
    0xff, 0xff, 0xff, 0xff, 0xff, 0xff, 0xff, 0xff, 0xff, 0xff, 0xff, 0xff,
    0xff, 0xff, 0xff, 0xff, 0xff, 0xff, 0xff, 0xff, 0xff, 0xff, 0xff, 0xff,
    0xff, 0xff, 0xff, 0xff, 0xff, 0xff, 0xff, 0xff, 0xff, 0xff, 0xff, 0xff,
    0xff, 0xff, 0xff, 0xff, 0xff, 0xff, 0xff, 0xff, 0xff, 0xff, 0xff, 0xff,
    0xff, 0xff, 0xff, 0xff, 0xff, 0xff, 0xff, 0xff, 0xff, 0xff, 0xff, 0xff,
    0xff, 0xff, 0xff, 0xff, 0xff, 0xff, 0xff, 0xff, 0xff, 0xff, 0xff, 0xff,
    0xff, 0xff, 0xff, 0xff, 0xff, 0xff, 0xff, 0xff, 0xff, 0xff, 0xff, 0xff,
    0xff, 0xff, 0xff, 0xff, 0xe8, 0xe9, 0xe9, 0xff, 0x99, 0x8d, 0x8d, 0xff,
    0x5f, 0x20, 0x20, 0xff, 0x6e, 0x00, 0x00, 0xff, 0x7f, 0x00, 0x00, 0xff,
    0x8f, 0x22, 0x22, 0xff, 0x9d, 0x40, 0x40, 0xff, 0x82, 0x08, 0x08, 0xff,
    0x7e, 0x00, 0x00, 0xff, 0x7f, 0x00, 0x00, 0xff, 0x80, 0x00, 0x00, 0xff,
    0x80, 0x00, 0x00, 0xff, 0x7f, 0x00, 0x00, 0xff, 0x7e, 0x00, 0x00, 0xff,
    0x8a, 0x1c, 0x1c, 0xff, 0x9d, 0x42, 0x42, 0xff, 0x82, 0x06, 0x06, 0xff,
    0x7f, 0x00, 0x00, 0xff, 0x80, 0x03, 0x03, 0xff, 0x8b, 0x1e, 0x1e, 0xff,
    0x87, 0x13, 0x13, 0xff, 0x7f, 0x00, 0x00, 0xff, 0x80, 0x03, 0x03, 0xff,
    0x82, 0x08, 0x08, 0xff, 0x87, 0x14, 0x14, 0xff, 0x7f, 0x02, 0x02, 0xff,
    0x7f, 0x00, 0x00, 0xff, 0x80, 0x00, 0x00, 0xff, 0x80, 0x00, 0x00, 0xff,
    0x80, 0x00, 0x00, 0xff, 0x7f, 0x00, 0x00, 0xff, 0x87, 0x13, 0x13, 0xff,
    0x95, 0x32, 0x32, 0xff, 0x80, 0x05, 0x05, 0xff, 0x7f, 0x00, 0x00, 0xff,
    0x80, 0x00, 0x00, 0xff, 0x80, 0x00, 0x00, 0xff, 0x80, 0x00, 0x00, 0xff,
    0x7f, 0x00, 0x00, 0xff, 0x7f, 0x00, 0x00, 0xff, 0x81, 0x05, 0x05, 0xff,
    0x86, 0x0e, 0x0e, 0xff, 0x80, 0x00, 0x00, 0xff, 0x7f, 0x00, 0x00, 0xff,
    0x80, 0x00, 0x00, 0xff, 0x80, 0x00, 0x00, 0xff, 0x80, 0x00, 0x00, 0xff,
    0x80, 0x00, 0x00, 0xff, 0x7f, 0x00, 0x00, 0xff, 0x84, 0x09, 0x09, 0xff,
    0x80, 0x01, 0x01, 0xff, 0x7f, 0x00, 0x00, 0xff, 0x7f, 0x00, 0x00, 0xff,
    0x83, 0x0b, 0x0b, 0xff, 0xce, 0xa1, 0xa1, 0xff, 0xfe, 0xff, 0xff, 0xff,
    0xd2, 0xa7, 0xa7, 0xff, 0x84, 0x11, 0x11, 0xff, 0x82, 0x09, 0x09, 0xff,
    0x80, 0x02, 0x02, 0xff, 0x7f, 0x00, 0x00, 0xff, 0x80, 0x00, 0x00, 0xff,
    0x80, 0x00, 0x00, 0xff, 0x80, 0x00, 0x00, 0xff, 0x7f, 0x00, 0x00, 0xff,
    0x7f, 0x00, 0x00, 0xff, 0x81, 0x03, 0x03, 0xff, 0x84, 0x0b, 0x0b, 0xff,
    0x7f, 0x00, 0x00, 0xff, 0x80, 0x00, 0x00, 0xff, 0x80, 0x00, 0x00, 0xff,
    0x80, 0x00, 0x00, 0xff, 0x80, 0x00, 0x00, 0xff, 0x80, 0x00, 0x00, 0xff,
    0x7f, 0x00, 0x00, 0xff, 0x87, 0x15, 0x15, 0xff, 0x92, 0x2b, 0x2b, 0xff,
    0x80, 0x02, 0x02, 0xff, 0x7f, 0x00, 0x00, 0xff, 0x80, 0x00, 0x00, 0xff,
    0x80, 0x00, 0x00, 0xff, 0x80, 0x00, 0x00, 0xff, 0x7f, 0x00, 0x00, 0xff,
    0x83, 0x0c, 0x0c, 0xff, 0x85, 0x0e, 0x0e, 0xff, 0x82, 0x08, 0x08, 0xff,
    0x80, 0x01, 0x01, 0xff, 0x7f, 0x00, 0x00, 0xff, 0x80, 0x00, 0x00, 0xff,
    0x80, 0x00, 0x00, 0xff, 0x7f, 0x00, 0x00, 0xff, 0x7f, 0x00, 0x00, 0xff,
    0x8e, 0x1e, 0x1e, 0xff, 0x9b, 0x40, 0x40, 0xff, 0x80, 0x09, 0x09, 0xff,
    0x88, 0x17, 0x17, 0xff, 0x82, 0x06, 0x06, 0xff, 0x7f, 0x00, 0x00, 0xff,
    0x7f, 0x00, 0x00, 0xff, 0x7e, 0x00, 0x00, 0xff, 0x7e, 0x00, 0x00, 0xff,
    0x8e, 0x21, 0x21, 0xff, 0x9a, 0x3d, 0x3d, 0xff, 0x82, 0x08, 0x08, 0xff,
    0x7a, 0x00, 0x00, 0xff, 0x63, 0x09, 0x09, 0xff, 0x72, 0x51, 0x51, 0xff,
    0xc3, 0xc2, 0xc2, 0xff, 0xf9, 0xfa, 0xfa, 0xff, 0xff, 0xff, 0xff, 0xff,
    0xff, 0xff, 0xff, 0xff, 0xff, 0xff, 0xff, 0xff, 0xff, 0xff, 0xff, 0xff,
    0xff, 0xff, 0xff, 0xff, 0xff, 0xff, 0xff, 0xff, 0xff, 0xff, 0xff, 0xff,
    0xff, 0xff, 0xff, 0xff, 0xff, 0xff, 0xff, 0xff, 0xff, 0xff, 0xff, 0xff,
    0xff, 0xff, 0xff, 0xff, 0xff, 0xff, 0xff, 0xff, 0xff, 0xff, 0xff, 0xff,
    0xff, 0xff, 0xff, 0xff, 0xff, 0xff, 0xff, 0xff, 0xff, 0xff, 0xff, 0xff,
    0xff, 0xff, 0xff, 0xff, 0xff, 0xff, 0xff, 0xff, 0xff, 0xff, 0xff, 0xff,
    0xff, 0xff, 0xff, 0xff, 0xff, 0xff, 0xff, 0xff, 0xff, 0xff, 0xff, 0xff,
    0xff, 0xff, 0xff, 0xff, 0xff, 0xff, 0xff, 0xff, 0xff, 0xff, 0xff, 0xff,
    0xff, 0xff, 0xff, 0xff, 0xff, 0xff, 0xff, 0xff, 0xff, 0xff, 0xff, 0xff,
    0xff, 0xff, 0xff, 0xff, 0xff, 0xff, 0xff, 0xff, 0xff, 0xff, 0xff, 0xff,
    0xff, 0xff, 0xff, 0xff, 0xff, 0xff, 0xff, 0xff, 0xff, 0xff, 0xff, 0xff,
    0xff, 0xff, 0xff, 0xff, 0xff, 0xff, 0xff, 0xff, 0xff, 0xff, 0xff, 0xff,
    0xff, 0xff, 0xff, 0xff, 0xff, 0xff, 0xff, 0xff, 0xff, 0xff, 0xff, 0xff,
    0xff, 0xff, 0xff, 0xff, 0xff, 0xff, 0xff, 0xff, 0xff, 0xff, 0xff, 0xff,
    0xff, 0xff, 0xff, 0xff, 0xf9, 0xe3, 0xbb, 0xff, 0xf9, 0xe4, 0xbd, 0xff,
    0xfe, 0xfd, 0xf9, 0xff, 0xff, 0xff, 0xff, 0xff, 0xff, 0xff, 0xff, 0xff,
    0xff, 0xff, 0xff, 0xff, 0xff, 0xff, 0xff, 0xff, 0xff, 0xff, 0xff, 0xff,
    0xff, 0xff, 0xff, 0xff, 0xfe, 0xfd, 0xfa, 0xff, 0xfd, 0xf7, 0xeb, 0xff,
    0xfb, 0xed, 0xd4, 0xff, 0xf9, 0xe3, 0xbc, 0xff, 0xf8, 0xdf, 0xb2, 0xff,
    0xf7, 0xdd, 0xae, 0xff, 0xf8, 0xe1, 0xb7, 0xff, 0xfa, 0xe7, 0xc5, 0xff,
    0xfb, 0xf1, 0xdd, 0xff, 0xfe, 0xfa, 0xf3, 0xff, 0xfe, 0xfe, 0xfd, 0xff,
    0xff, 0xff, 0xff, 0xff, 0xff, 0xff, 0xff, 0xff, 0xff, 0xff, 0xff, 0xff,
    0xff, 0xff, 0xff, 0xff, 0xff, 0xff, 0xff, 0xff, 0xff, 0xff, 0xff, 0xff,
    0xfc, 0xf5, 0xe6, 0xff, 0xfc, 0xf2, 0xe0, 0xff, 0xff, 0xff, 0xff, 0xff,
    0xff, 0xff, 0xff, 0xff, 0xff, 0xff, 0xff, 0xff, 0xff, 0xff, 0xff, 0xff,
    0xff, 0xff, 0xff, 0xff, 0xff, 0xff, 0xff, 0xff, 0xff, 0xff, 0xff, 0xff,
    0xff, 0xff, 0xff, 0xff, 0xff, 0xff, 0xff, 0xff, 0xff, 0xff, 0xff, 0xff,
    0xff, 0xff, 0xff, 0xff, 0xff, 0xff, 0xff, 0xff, 0xff, 0xff, 0xff, 0xff,
    0xff, 0xff, 0xff, 0xff, 0xff, 0xff, 0xff, 0xff, 0xff, 0xff, 0xff, 0xff,
    0xff, 0xff, 0xff, 0xff, 0xff, 0xff, 0xff, 0xff, 0xff, 0xff, 0xff, 0xff,
    0xff, 0xff, 0xff, 0xff, 0xff, 0xff, 0xff, 0xff, 0xff, 0xff, 0xff, 0xff,
    0xff, 0xff, 0xff, 0xff, 0xff, 0xff, 0xff, 0xff, 0xff, 0xff, 0xff, 0xff,
    0xff, 0xff, 0xff, 0xff, 0xff, 0xff, 0xff, 0xff, 0xff, 0xff, 0xff, 0xff,
    0xff, 0xff, 0xff, 0xff, 0xff, 0xff, 0xff, 0xff, 0xff, 0xff, 0xff, 0xff,
    0xff, 0xff, 0xff, 0xff, 0xff, 0xff, 0xff, 0xff, 0xff, 0xff, 0xff, 0xff,
    0xff, 0xff, 0xff, 0xff, 0xff, 0xff, 0xff, 0xff, 0xff, 0xff, 0xff, 0xff,
    0xff, 0xff, 0xff, 0xff, 0xff, 0xff, 0xff, 0xff, 0xff, 0xff, 0xff, 0xff,
    0xff, 0xff, 0xff, 0xff, 0xff, 0xff, 0xff, 0xff, 0xff, 0xff, 0xff, 0xff,
    0xff, 0xff, 0xff, 0xff, 0xff, 0xff, 0xff, 0xff, 0xff, 0xff, 0xff, 0xff,
    0xff, 0xff, 0xff, 0xff, 0xff, 0xff, 0xff, 0xff, 0xff, 0xff, 0xff, 0xff,
    0xff, 0xff, 0xff, 0xff, 0xff, 0xff, 0xff, 0xff, 0xff, 0xff, 0xff, 0xff,
    0xff, 0xff, 0xff, 0xff, 0xff, 0xff, 0xff, 0xff, 0xff, 0xff, 0xff, 0xff,
    0xff, 0xff, 0xff, 0xff, 0xff, 0xff, 0xff, 0xff, 0xff, 0xff, 0xff, 0xff,
    0xff, 0xff, 0xff, 0xff, 0xff, 0xff, 0xff, 0xff, 0xff, 0xff, 0xff, 0xff,
    0xff, 0xff, 0xff, 0xff, 0xff, 0xff, 0xff, 0xff, 0xff, 0xff, 0xff, 0xff,
    0xff, 0xff, 0xff, 0xff, 0xff, 0xff, 0xff, 0xff, 0xff, 0xff, 0xff, 0xff,
    0xff, 0xff, 0xff, 0xff, 0xff, 0xff, 0xff, 0xff, 0xff, 0xff, 0xff, 0xff,
    0xff, 0xff, 0xff, 0xff, 0xff, 0xff, 0xff, 0xff, 0xff, 0xff, 0xff, 0xff,
    0xff, 0xff, 0xff, 0xff, 0xff, 0xff, 0xff, 0xff, 0xff, 0xff, 0xff, 0xff,
    0xff, 0xff, 0xff, 0xff, 0xff, 0xff, 0xff, 0xff, 0xff, 0xff, 0xff, 0xff,
    0xff, 0xff, 0xff, 0xff, 0xff, 0xff, 0xff, 0xff, 0xff, 0xff, 0xff, 0xff,
    0xff, 0xff, 0xff, 0xff, 0xff, 0xff, 0xff, 0xff, 0xff, 0xff, 0xff, 0xff,
    0xff, 0xff, 0xff, 0xff, 0xff, 0xff, 0xff, 0xff, 0xff, 0xff, 0xff, 0xff,
    0xff, 0xff, 0xff, 0xff, 0xff, 0xff, 0xff, 0xff, 0xff, 0xff, 0xff, 0xff,
    0xff, 0xff, 0xff, 0xff, 0xff, 0xff, 0xff, 0xff, 0xff, 0xff, 0xff, 0xff,
    0xff, 0xff, 0xff, 0xff, 0xff, 0xff, 0xff, 0xff, 0xff, 0xff, 0xff, 0xff,
    0xff, 0xff, 0xff, 0xff, 0xff, 0xff, 0xff, 0xff, 0xff, 0xff, 0xff, 0xff,
    0xfc, 0xfd, 0xfd, 0xff, 0xc7, 0xc7, 0xc7, 0xff, 0x77, 0x62, 0x62, 0xff,
    0x58, 0x11, 0x11, 0xff, 0x76, 0x00, 0x00, 0xff, 0x84, 0x07, 0x07, 0xff,
    0x85, 0x0d, 0x0d, 0xff, 0x92, 0x2e, 0x2e, 0xff, 0x86, 0x10, 0x10, 0xff,
    0x7f, 0x00, 0x00, 0xff, 0x7f, 0x00, 0x00, 0xff, 0x80, 0x00, 0x00, 0xff,
    0x7f, 0x00, 0x00, 0xff, 0x82, 0x06, 0x06, 0xff, 0x91, 0x27, 0x27, 0xff,
    0x86, 0x10, 0x10, 0xff, 0x85, 0x11, 0x11, 0xff, 0x80, 0x01, 0x01, 0xff,
    0x7e, 0x00, 0x00, 0xff, 0x7f, 0x00, 0x00, 0xff, 0x80, 0x00, 0x00, 0xff,
    0x7f, 0x00, 0x00, 0xff, 0x81, 0x04, 0x04, 0xff, 0x9b, 0x3d, 0x3d, 0xff,
    0x8c, 0x1f, 0x1f, 0xff, 0x7e, 0x00, 0x00, 0xff, 0x7f, 0x00, 0x00, 0xff,
    0x80, 0x00, 0x00, 0xff, 0x80, 0x00, 0x00, 0xff, 0x80, 0x00, 0x00, 0xff,
    0x7f, 0x00, 0x00, 0xff, 0x81, 0x07, 0x07, 0xff, 0x8c, 0x1e, 0x1e, 0xff,
    0x82, 0x05, 0x05, 0xff, 0x7f, 0x00, 0x00, 0xff, 0x80, 0x00, 0x00, 0xff,
    0x80, 0x00, 0x00, 0xff, 0x80, 0x00, 0x00, 0xff, 0x7f, 0x00, 0x00, 0xff,
    0x82, 0x07, 0x07, 0xff, 0x9b, 0x3c, 0x3c, 0xff, 0x87, 0x12, 0x12, 0xff,
    0x7f, 0x00, 0x00, 0xff, 0x80, 0x00, 0x00, 0xff, 0x80, 0x00, 0x00, 0xff,
    0x80, 0x00, 0x00, 0xff, 0x80, 0x00, 0x00, 0xff, 0x7f, 0x00, 0x00, 0xff,
    0x8b, 0x1c, 0x1c, 0xff, 0x8b, 0x1d, 0x1d, 0xff, 0x7f, 0x00, 0x00, 0xff,
    0x7f, 0x00, 0x00, 0xff, 0x83, 0x0a, 0x0a, 0xff, 0xcd, 0x9f, 0x9f, 0xff,
    0xf3, 0xea, 0xea, 0xff, 0xa0, 0x46, 0x46, 0xff, 0x81, 0x0a, 0x0a, 0xff,
    0x97, 0x35, 0x35, 0xff, 0x83, 0x0a, 0x0a, 0xff, 0x7f, 0x00, 0x00, 0xff,
    0x80, 0x00, 0x00, 0xff, 0x80, 0x00, 0x00, 0xff, 0x80, 0x00, 0x00, 0xff,
    0x80, 0x00, 0x00, 0xff, 0x7e, 0x00, 0x00, 0xff, 0x96, 0x30, 0x30, 0xff,
    0x8e, 0x24, 0x24, 0xff, 0x7e, 0x00, 0x00, 0xff, 0x80, 0x00, 0x00, 0xff,
    0x80, 0x00, 0x00, 0xff, 0x80, 0x00, 0x00, 0xff, 0x80, 0x00, 0x00, 0xff,
    0x7f, 0x00, 0x00, 0xff, 0x87, 0x12, 0x12, 0xff, 0x87, 0x14, 0x14, 0xff,
    0x7f, 0x01, 0x01, 0xff, 0x7f, 0x00, 0x00, 0xff, 0x80, 0x00, 0x00, 0xff,
    0x80, 0x00, 0x00, 0xff, 0x80, 0x00, 0x00, 0xff, 0x7f, 0x00, 0x00, 0xff,
    0x80, 0x01, 0x01, 0xff, 0x9a, 0x3d, 0x3d, 0xff, 0x8c, 0x1e, 0x1e, 0xff,
    0x7e, 0x00, 0x00, 0xff, 0x7f, 0x00, 0x00, 0xff, 0x80, 0x00, 0x00, 0xff,
    0x80, 0x00, 0x00, 0xff, 0x7f, 0x00, 0x00, 0xff, 0x81, 0x08, 0x08, 0xff,
    0x84, 0x10, 0x10, 0xff, 0x8c, 0x1f, 0x1f, 0xff, 0x8a, 0x19, 0x19, 0xff,
    0x80, 0x02, 0x02, 0xff, 0x89, 0x19, 0x19, 0xff, 0x82, 0x06, 0x06, 0xff,
    0x7e, 0x00, 0x00, 0xff, 0x80, 0x01, 0x01, 0xff, 0x8f, 0x25, 0x25, 0xff,
    0x8e, 0x20, 0x20, 0xff, 0x83, 0x06, 0x06, 0xff, 0x7f, 0x04, 0x04, 0xff,
    0x64, 0x03, 0x03, 0xff, 0x59, 0x2a, 0x2a, 0xff, 0x9b, 0x93, 0x93, 0xff,
    0xe9, 0xeb, 0xeb, 0xff, 0xff, 0xff, 0xff, 0xff, 0xff, 0xff, 0xff, 0xff,
    0xff, 0xff, 0xff, 0xff, 0xff, 0xff, 0xff, 0xff, 0xff, 0xff, 0xff, 0xff,
    0xff, 0xff, 0xff, 0xff, 0xff, 0xff, 0xff, 0xff, 0xff, 0xff, 0xff, 0xff,
    0xff, 0xff, 0xff, 0xff, 0xff, 0xff, 0xff, 0xff, 0xff, 0xff, 0xff, 0xff,
    0xff, 0xff, 0xff, 0xff, 0xff, 0xff, 0xff, 0xff, 0xff, 0xff, 0xff, 0xff,
    0xff, 0xff, 0xff, 0xff, 0xff, 0xff, 0xff, 0xff, 0xff, 0xff, 0xff, 0xff,
    0xff, 0xff, 0xff, 0xff, 0xff, 0xff, 0xff, 0xff, 0xff, 0xff, 0xff, 0xff,
    0xff, 0xff, 0xff, 0xff, 0xff, 0xff, 0xff, 0xff, 0xff, 0xff, 0xff, 0xff,
    0xff, 0xff, 0xff, 0xff, 0xff, 0xff, 0xff, 0xff, 0xff, 0xff, 0xff, 0xff,
    0xff, 0xff, 0xff, 0xff, 0xff, 0xff, 0xff, 0xff, 0xff, 0xff, 0xff, 0xff,
    0xff, 0xff, 0xff, 0xff, 0xff, 0xff, 0xff, 0xff, 0xff, 0xff, 0xff, 0xff,
    0xff, 0xff, 0xff, 0xff, 0xff, 0xff, 0xff, 0xff, 0xff, 0xff, 0xff, 0xff,
    0xff, 0xff, 0xff, 0xff, 0xff, 0xff, 0xff, 0xff, 0xff, 0xff, 0xff, 0xff,
    0xff, 0xff, 0xff, 0xff, 0xff, 0xff, 0xff, 0xff, 0xff, 0xff, 0xff, 0xff,
    0xff, 0xff, 0xff, 0xff, 0xff, 0xff, 0xff, 0xff, 0xff, 0xff, 0xff, 0xff,
    0xfe, 0xfe, 0xff, 0xff, 0xfa, 0xea, 0xcb, 0xff, 0xed, 0xae, 0x2e, 0xff,
    0xea, 0xa5, 0x15, 0xff, 0xf2, 0xc6, 0x6e, 0xff, 0xf9, 0xe8, 0xc3, 0xff,
    0xfe, 0xfb, 0xf5, 0xff, 0xff, 0xff, 0xff, 0xff, 0xff, 0xff, 0xff, 0xff,
    0xff, 0xff, 0xff, 0xff, 0xff, 0xff, 0xff, 0xff, 0xff, 0xff, 0xff, 0xff,
    0xff, 0xff, 0xff, 0xff, 0xff, 0xff, 0xff, 0xff, 0xff, 0xff, 0xff, 0xff,
    0xff, 0xff, 0xff, 0xff, 0xff, 0xff, 0xff, 0xff, 0xff, 0xff, 0xff, 0xff,
    0xff, 0xff, 0xff, 0xff, 0xff, 0xff, 0xff, 0xff, 0xff, 0xff, 0xff, 0xff,
    0xff, 0xff, 0xff, 0xff, 0xff, 0xff, 0xff, 0xff, 0xff, 0xff, 0xff, 0xff,
    0xff, 0xff, 0xff, 0xff, 0xff, 0xff, 0xff, 0xff, 0xfc, 0xf3, 0xe1, 0xff,
    0xf6, 0xd9, 0x9d, 0xff, 0xee, 0xb3, 0x38, 0xff, 0xef, 0xba, 0x4d, 0xff,
    0xfc, 0xf4, 0xe3, 0xff, 0xff, 0xff, 0xff, 0xff, 0xff, 0xff, 0xff, 0xff,
    0xff, 0xff, 0xff, 0xff, 0xff, 0xff, 0xff, 0xff, 0xff, 0xff, 0xff, 0xff,
    0xff, 0xff, 0xff, 0xff, 0xff, 0xff, 0xff, 0xff, 0xff, 0xff, 0xff, 0xff,
    0xff, 0xff, 0xff, 0xff, 0xff, 0xff, 0xff, 0xff, 0xff, 0xff, 0xff, 0xff,
    0xff, 0xff, 0xff, 0xff, 0xff, 0xff, 0xff, 0xff, 0xff, 0xff, 0xff, 0xff,
    0xff, 0xff, 0xff, 0xff, 0xff, 0xff, 0xff, 0xff, 0xff, 0xff, 0xff, 0xff,
    0xff, 0xff, 0xff, 0xff, 0xff, 0xff, 0xff, 0xff, 0xff, 0xff, 0xff, 0xff,
    0xff, 0xff, 0xff, 0xff, 0xff, 0xff, 0xff, 0xff, 0xff, 0xff, 0xff, 0xff,
    0xff, 0xff, 0xff, 0xff, 0xff, 0xff, 0xff, 0xff, 0xff, 0xff, 0xff, 0xff,
    0xff, 0xff, 0xff, 0xff, 0xff, 0xff, 0xff, 0xff, 0xff, 0xff, 0xff, 0xff,
    0xff, 0xff, 0xff, 0xff, 0xff, 0xff, 0xff, 0xff, 0xff, 0xff, 0xff, 0xff,
    0xff, 0xff, 0xff, 0xff, 0xff, 0xff, 0xff, 0xff, 0xff, 0xff, 0xff, 0xff,
    0xff, 0xff, 0xff, 0xff, 0xff, 0xff, 0xff, 0xff, 0xff, 0xff, 0xff, 0xff,
    0xff, 0xff, 0xff, 0xff, 0xff, 0xff, 0xff, 0xff, 0xff, 0xff, 0xff, 0xff,
    0xff, 0xff, 0xff, 0xff, 0xff, 0xff, 0xff, 0xff, 0xff, 0xff, 0xff, 0xff,
    0xff, 0xff, 0xff, 0xff, 0xff, 0xff, 0xff, 0xff, 0xff, 0xff, 0xff, 0xff,
    0xff, 0xff, 0xff, 0xff, 0xff, 0xff, 0xff, 0xff, 0xff, 0xff, 0xff, 0xff,
    0xff, 0xff, 0xff, 0xff, 0xff, 0xff, 0xff, 0xff, 0xff, 0xff, 0xff, 0xff,
    0xff, 0xff, 0xff, 0xff, 0xff, 0xff, 0xff, 0xff, 0xff, 0xff, 0xff, 0xff,
    0xff, 0xff, 0xff, 0xff, 0xff, 0xff, 0xff, 0xff, 0xff, 0xff, 0xff, 0xff,
    0xff, 0xff, 0xff, 0xff, 0xff, 0xff, 0xff, 0xff, 0xff, 0xff, 0xff, 0xff,
    0xff, 0xff, 0xff, 0xff, 0xff, 0xff, 0xff, 0xff, 0xff, 0xff, 0xff, 0xff,
    0xff, 0xff, 0xff, 0xff, 0xff, 0xff, 0xff, 0xff, 0xff, 0xff, 0xff, 0xff,
    0xff, 0xff, 0xff, 0xff, 0xff, 0xff, 0xff, 0xff, 0xff, 0xff, 0xff, 0xff,
    0xff, 0xff, 0xff, 0xff, 0xff, 0xff, 0xff, 0xff, 0xff, 0xff, 0xff, 0xff,
    0xff, 0xff, 0xff, 0xff, 0xff, 0xff, 0xff, 0xff, 0xff, 0xff, 0xff, 0xff,
    0xff, 0xff, 0xff, 0xff, 0xff, 0xff, 0xff, 0xff, 0xff, 0xff, 0xff, 0xff,
    0xff, 0xff, 0xff, 0xff, 0xff, 0xff, 0xff, 0xff, 0xff, 0xff, 0xff, 0xff,
    0xff, 0xff, 0xff, 0xff, 0xff, 0xff, 0xff, 0xff, 0xff, 0xff, 0xff, 0xff,
    0xff, 0xff, 0xff, 0xff, 0xff, 0xff, 0xff, 0xff, 0xff, 0xff, 0xff, 0xff,
    0xff, 0xff, 0xff, 0xff, 0xff, 0xff, 0xff, 0xff, 0xff, 0xff, 0xff, 0xff,
    0xff, 0xff, 0xff, 0xff, 0xff, 0xff, 0xff, 0xff, 0xff, 0xff, 0xff, 0xff,
    0xff, 0xff, 0xff, 0xff, 0xff, 0xff, 0xff, 0xff, 0xff, 0xff, 0xff, 0xff,
    0xff, 0xff, 0xff, 0xff, 0xff, 0xff, 0xff, 0xff, 0xff, 0xff, 0xff, 0xff,
    0xf1, 0xf3, 0xf3, 0xff, 0xbe, 0xbc, 0xbc, 0xff, 0x7b, 0x59, 0x5a, 0xff,
    0x5d, 0x0b, 0x0b, 0xff, 0x73, 0x01, 0x01, 0xff, 0x93, 0x2b, 0x2b, 0xff,
    0x8a, 0x1c, 0x1c, 0xff, 0x86, 0x12, 0x12, 0xff, 0x82, 0x0a, 0x0a, 0xff,
    0x7f, 0x00, 0x00, 0xff, 0x80, 0x00, 0x00, 0xff, 0x7f, 0x00, 0x00, 0xff,
    0x7e, 0x00, 0x00, 0xff, 0x82, 0x09, 0x09, 0xff, 0x9d, 0x45, 0x45, 0xff,
    0x8e, 0x23, 0x23, 0xff, 0x7e, 0x00, 0x00, 0xff, 0x7f, 0x00, 0x00, 0xff,
    0x80, 0x00, 0x00, 0xff, 0x80, 0x00, 0x00, 0xff, 0x7f, 0x00, 0x00, 0xff,
    0x84, 0x09, 0x09, 0xff, 0x85, 0x0b, 0x0b, 0xff, 0x89, 0x16, 0x16, 0xff,
    0x82, 0x06, 0x06, 0xff, 0x7f, 0x00, 0x00, 0xff, 0x80, 0x00, 0x00, 0xff,
    0x80, 0x00, 0x00, 0xff, 0x80, 0x00, 0x00, 0xff, 0x7f, 0x01, 0x01, 0xff,
    0x95, 0x37, 0x37, 0xff, 0x92, 0x2a, 0x2a, 0xff, 0x7f, 0x00, 0x00, 0xff,
    0x7f, 0x00, 0x00, 0xff, 0x80, 0x00, 0x00, 0xff, 0x80, 0x00, 0x00, 0xff,
    0x80, 0x00, 0x00, 0xff, 0x7f, 0x00, 0x00, 0xff, 0x8c, 0x1c, 0x1c, 0xff,
    0x86, 0x0f, 0x0f, 0xff, 0x7f, 0x00, 0x00, 0xff, 0x80, 0x00, 0x00, 0xff,
    0x80, 0x00, 0x00, 0xff, 0x80, 0x00, 0x00, 0xff, 0x80, 0x00, 0x00, 0xff,
    0x7f, 0x00, 0x00, 0xff, 0x8e, 0x21, 0x21, 0xff, 0x95, 0x31, 0x31, 0xff,
    0x7e, 0x00, 0x00, 0xff, 0x7f, 0x00, 0x00, 0xff, 0x7f, 0x00, 0x00, 0xff,
    0x9d, 0x3e, 0x3e, 0xff, 0xd2, 0xa9, 0xa9, 0xff, 0xa3, 0x50, 0x50, 0xff,
    0x86, 0x15, 0x15, 0xff, 0xa0, 0x47, 0x47, 0xff, 0x83, 0x0a, 0x0a, 0xff,
    0x7f, 0x00, 0x00, 0xff, 0x80, 0x00, 0x00, 0xff, 0x80, 0x00, 0x00, 0xff,
    0x80, 0x00, 0x00, 0xff, 0x80, 0x00, 0x00, 0xff, 0x7e, 0x00, 0x00, 0xff,
    0x90, 0x26, 0x26, 0xff, 0x84, 0x0b, 0x0b, 0xff, 0x7f, 0x00, 0x00, 0xff,
    0x80, 0x00, 0x00, 0xff, 0x80, 0x00, 0x00, 0xff, 0x80, 0x00, 0x00, 0xff,
    0x7f, 0x00, 0x00, 0xff, 0x83, 0x09, 0x09, 0xff, 0x9e, 0x43, 0x43, 0xff,
    0x88, 0x15, 0x15, 0xff, 0x7f, 0x00, 0x00, 0xff, 0x80, 0x00, 0x00, 0xff,
    0x80, 0x00, 0x00, 0xff, 0x80, 0x00, 0x00, 0xff, 0x7f, 0x00, 0x00, 0xff,
    0x86, 0x10, 0x10, 0xff, 0x87, 0x0f, 0x0f, 0xff, 0x85, 0x0e, 0x0e, 0xff,
    0x80, 0x03, 0x03, 0xff, 0x7f, 0x00, 0x00, 0xff, 0x80, 0x00, 0x00, 0xff,
    0x7f, 0x00, 0x00, 0xff, 0x7e, 0x00, 0x00, 0xff, 0x82, 0x08, 0x08, 0xff,
    0x9e, 0x44, 0x44, 0xff, 0x8f, 0x27, 0x27, 0xff, 0x7e, 0x00, 0x00, 0xff,
    0x7f, 0x00, 0x00, 0xff, 0x7f, 0x00, 0x00, 0xff, 0x7f, 0x00, 0x00, 0xff,
    0x7f, 0x00, 0x00, 0xff, 0x86, 0x14, 0x14, 0xff, 0x83, 0x0e, 0x0e, 0xff,
    0x96, 0x31, 0x31, 0xff, 0x86, 0x11, 0x11, 0xff, 0x64, 0x00, 0x00, 0xff,
    0x65, 0x27, 0x27, 0xff, 0x98, 0x89, 0x89, 0xff, 0xd6, 0xd8, 0xd8, 0xff,
    0xfd, 0xfe, 0xfe, 0xff, 0xff, 0xff, 0xff, 0xff, 0xff, 0xff, 0xff, 0xff,
    0xff, 0xff, 0xff, 0xff, 0xff, 0xff, 0xff, 0xff, 0xff, 0xff, 0xff, 0xff,
    0xff, 0xff, 0xff, 0xff, 0xff, 0xff, 0xff, 0xff, 0xff, 0xff, 0xff, 0xff,
    0xff, 0xff, 0xff, 0xff, 0xff, 0xff, 0xff, 0xff, 0xff, 0xff, 0xff, 0xff,
    0xff, 0xff, 0xff, 0xff, 0xff, 0xff, 0xff, 0xff, 0xff, 0xff, 0xff, 0xff,
    0xff, 0xff, 0xff, 0xff, 0xff, 0xff, 0xff, 0xff, 0xff, 0xff, 0xff, 0xff,
    0xff, 0xff, 0xff, 0xff, 0xff, 0xff, 0xff, 0xff, 0xff, 0xff, 0xff, 0xff,
    0xff, 0xff, 0xff, 0xff, 0xff, 0xff, 0xff, 0xff, 0xff, 0xff, 0xff, 0xff,
    0xff, 0xff, 0xff, 0xff, 0xff, 0xff, 0xff, 0xff, 0xff, 0xff, 0xff, 0xff,
    0xff, 0xff, 0xff, 0xff, 0xff, 0xff, 0xff, 0xff, 0xff, 0xff, 0xff, 0xff,
    0xff, 0xff, 0xff, 0xff, 0xff, 0xff, 0xff, 0xff, 0xff, 0xff, 0xff, 0xff,
    0xff, 0xff, 0xff, 0xff, 0xff, 0xff, 0xff, 0xff, 0xff, 0xff, 0xff, 0xff,
    0xff, 0xff, 0xff, 0xff, 0xff, 0xff, 0xff, 0xff, 0xff, 0xff, 0xff, 0xff,
    0xff, 0xff, 0xff, 0xff, 0xff, 0xff, 0xff, 0xff, 0xff, 0xff, 0xff, 0xff,
    0xff, 0xff, 0xff, 0xff, 0xff, 0xff, 0xff, 0xff, 0xff, 0xff, 0xff, 0xff,
    0xff, 0xff, 0xff, 0xff, 0xfe, 0xfa, 0xf3, 0xff, 0xf0, 0xbe, 0x5c, 0xff,
    0xe8, 0x9d, 0x00, 0xff, 0xe8, 0x9e, 0x00, 0xff, 0xe9, 0x9e, 0x00, 0xff,
    0xeb, 0xa7, 0x17, 0xff, 0xf1, 0xbf, 0x5b, 0xff, 0xf6, 0xda, 0xa3, 0xff,
    0xfc, 0xf2, 0xdf, 0xff, 0xfe, 0xfc, 0xf8, 0xff, 0xfe, 0xfe, 0xff, 0xff,
    0xff, 0xff, 0xff, 0xff, 0xff, 0xff, 0xff, 0xff, 0xff, 0xff, 0xff, 0xff,
    0xff, 0xff, 0xff, 0xff, 0xff, 0xff, 0xff, 0xff, 0xff, 0xff, 0xff, 0xff,
    0xff, 0xff, 0xff, 0xff, 0xff, 0xff, 0xff, 0xff, 0xff, 0xff, 0xff, 0xff,
    0xff, 0xff, 0xff, 0xff, 0xff, 0xff, 0xff, 0xff, 0xfe, 0xfd, 0xfc, 0xff,
    0xfd, 0xf8, 0xee, 0xff, 0xfa, 0xe8, 0xc6, 0xff, 0xf3, 0xcc, 0x7e, 0xff,
    0xee, 0xb2, 0x39, 0xff, 0xe9, 0xa0, 0x03, 0xff, 0xe8, 0x9e, 0x00, 0xff,
    0xe8, 0x9d, 0x00, 0xff, 0xf2, 0xc9, 0x75, 0xff, 0xfe, 0xfd, 0xf9, 0xff,
    0xff, 0xff, 0xff, 0xff, 0xff, 0xff, 0xff, 0xff, 0xff, 0xff, 0xff, 0xff,
    0xff, 0xff, 0xff, 0xff, 0xff, 0xff, 0xff, 0xff, 0xff, 0xff, 0xff, 0xff,
    0xff, 0xff, 0xff, 0xff, 0xff, 0xff, 0xff, 0xff, 0xff, 0xff, 0xff, 0xff,
    0xff, 0xff, 0xff, 0xff, 0xff, 0xff, 0xff, 0xff, 0xff, 0xff, 0xff, 0xff,
    0xff, 0xff, 0xff, 0xff, 0xff, 0xff, 0xff, 0xff, 0xff, 0xff, 0xff, 0xff,
    0xff, 0xff, 0xff, 0xff, 0xff, 0xff, 0xff, 0xff, 0xff, 0xff, 0xff, 0xff,
    0xff, 0xff, 0xff, 0xff, 0xff, 0xff, 0xff, 0xff, 0xff, 0xff, 0xff, 0xff,
    0xff, 0xff, 0xff, 0xff, 0xff, 0xff, 0xff, 0xff, 0xff, 0xff, 0xff, 0xff,
    0xff, 0xff, 0xff, 0xff, 0xff, 0xff, 0xff, 0xff, 0xff, 0xff, 0xff, 0xff,
    0xff, 0xff, 0xff, 0xff, 0xff, 0xff, 0xff, 0xff, 0xff, 0xff, 0xff, 0xff,
    0xff, 0xff, 0xff, 0xff, 0xff, 0xff, 0xff, 0xff, 0xff, 0xff, 0xff, 0xff,
    0xff, 0xff, 0xff, 0xff, 0xff, 0xff, 0xff, 0xff, 0xff, 0xff, 0xff, 0xff,
    0xff, 0xff, 0xff, 0xff, 0xff, 0xff, 0xff, 0xff, 0xff, 0xff, 0xff, 0xff,
    0xff, 0xff, 0xff, 0xff, 0xff, 0xff, 0xff, 0xff, 0xff, 0xff, 0xff, 0xff,
    0xff, 0xff, 0xff, 0xff, 0xff, 0xff, 0xff, 0xff, 0xff, 0xff, 0xff, 0xff,
    0xff, 0xff, 0xff, 0xff, 0xff, 0xff, 0xff, 0xff, 0xff, 0xff, 0xff, 0xff,
    0xff, 0xff, 0xff, 0xff, 0xff, 0xff, 0xff, 0xff, 0xff, 0xff, 0xff, 0xff,
    0xff, 0xff, 0xff, 0xff, 0xff, 0xff, 0xff, 0xff, 0xff, 0xff, 0xff, 0xff,
    0xff, 0xff, 0xff, 0xff, 0xff, 0xff, 0xff, 0xff, 0xff, 0xff, 0xff, 0xff,
    0xff, 0xff, 0xff, 0xff, 0xff, 0xff, 0xff, 0xff, 0xff, 0xff, 0xff, 0xff,
    0xff, 0xff, 0xff, 0xff, 0xff, 0xff, 0xff, 0xff, 0xff, 0xff, 0xff, 0xff,
    0xff, 0xff, 0xff, 0xff, 0xff, 0xff, 0xff, 0xff, 0xff, 0xff, 0xff, 0xff,
    0xff, 0xff, 0xff, 0xff, 0xff, 0xff, 0xff, 0xff, 0xff, 0xff, 0xff, 0xff,
    0xff, 0xff, 0xff, 0xff, 0xff, 0xff, 0xff, 0xff, 0xff, 0xff, 0xff, 0xff,
    0xff, 0xff, 0xff, 0xff, 0xff, 0xff, 0xff, 0xff, 0xff, 0xff, 0xff, 0xff,
    0xff, 0xff, 0xff, 0xff, 0xff, 0xff, 0xff, 0xff, 0xff, 0xff, 0xff, 0xff,
    0xff, 0xff, 0xff, 0xff, 0xff, 0xff, 0xff, 0xff, 0xff, 0xff, 0xff, 0xff,
    0xff, 0xff, 0xff, 0xff, 0xff, 0xff, 0xff, 0xff, 0xff, 0xff, 0xff, 0xff,
    0xff, 0xff, 0xff, 0xff, 0xff, 0xff, 0xff, 0xff, 0xff, 0xff, 0xff, 0xff,
    0xff, 0xff, 0xff, 0xff, 0xff, 0xff, 0xff, 0xff, 0xff, 0xff, 0xff, 0xff,
    0xff, 0xff, 0xff, 0xff, 0xff, 0xff, 0xff, 0xff, 0xff, 0xff, 0xff, 0xff,
    0xff, 0xff, 0xff, 0xff, 0xff, 0xff, 0xff, 0xff, 0xff, 0xff, 0xff, 0xff,
    0xff, 0xff, 0xff, 0xff, 0xff, 0xff, 0xff, 0xff, 0xff, 0xff, 0xff, 0xff,
    0xff, 0xff, 0xff, 0xff, 0xff, 0xff, 0xff, 0xff, 0xff, 0xff, 0xff, 0xff,
    0xec, 0xed, 0xed, 0xff, 0xa4, 0xa2, 0xa2, 0xff, 0x6f, 0x4c, 0x4c, 0xff,
    0x59, 0x09, 0x09, 0xff, 0x73, 0x00, 0x00, 0xff, 0x90, 0x1f, 0x1f, 0xff,
    0x9e, 0x40, 0x40, 0xff, 0x83, 0x0b, 0x0b, 0xff, 0x7f, 0x02, 0x02, 0xff,
    0x7e, 0x00, 0x00, 0xff, 0x7f, 0x00, 0x00, 0xff, 0x7e, 0x00, 0x00, 0xff,
    0x81, 0x0b, 0x0b, 0xff, 0x83, 0x11, 0x11, 0xff, 0x87, 0x16, 0x16, 0xff,
    0x86, 0x11, 0x11, 0xff, 0x7f, 0x00, 0x00, 0xff, 0x7e, 0x00, 0x00, 0xff,
    0x7e, 0x00, 0x00, 0xff, 0x7f, 0x00, 0x00, 0xff, 0x7e, 0x01, 0x01, 0xff,
    0x97, 0x36, 0x36, 0xff, 0x90, 0x2a, 0x2a, 0xff, 0x7d, 0x00, 0x00, 0xff,
    0x7e, 0x00, 0x00, 0xff, 0x7f, 0x00, 0x00, 0xff, 0x7e, 0x00, 0x00, 0xff,
    0x7d, 0x00, 0x00, 0xff, 0x82, 0x07, 0x07, 0xff, 0x86, 0x10, 0x10, 0xff,
    0x82, 0x08, 0x08, 0xff, 0x7f, 0x00, 0x00, 0xff, 0x7e, 0x00, 0x00, 0xff,
    0x7e, 0x00, 0x00, 0xff, 0x7f, 0x00, 0x00, 0xff, 0x7e, 0x00, 0x00, 0xff,
    0x7c, 0x00, 0x00, 0xff, 0x87, 0x16, 0x16, 0xff, 0x83, 0x0e, 0x0e, 0xff,
    0x7d, 0x00, 0x00, 0xff, 0x7f, 0x00, 0x00, 0xff, 0x7e, 0x00, 0x00, 0xff,
    0x7e, 0x00, 0x00, 0xff, 0x7f, 0x00, 0x00, 0xff, 0x7f, 0x00, 0x00, 0xff,
    0x82, 0x06, 0x06, 0xff, 0x7f, 0x00, 0x00, 0xff, 0x7f, 0x00, 0x00, 0xff,
    0x7d, 0x00, 0x00, 0xff, 0x7f, 0x00, 0x00, 0xff, 0x91, 0x28, 0x28, 0xff,
    0x95, 0x32, 0x32, 0xff, 0x82, 0x09, 0x09, 0xff, 0x82, 0x07, 0x07, 0xff,
    0x7d, 0x00, 0x00, 0xff, 0x7f, 0x00, 0x00, 0xff, 0x7f, 0x00, 0x00, 0xff,
    0x7d, 0x00, 0x00, 0xff, 0x7f, 0x00, 0x00, 0xff, 0x80, 0x01, 0x01, 0xff,
    0x89, 0x19, 0x19, 0xff, 0x81, 0x09, 0x09, 0xff, 0x7e, 0x00, 0x00, 0xff,
    0x7d, 0x00, 0x00, 0xff, 0x7f, 0x00, 0x00, 0xff, 0x7f, 0x00, 0x00, 0xff,
    0x7d, 0x00, 0x00, 0xff, 0x80, 0x05, 0x05, 0xff, 0x84, 0x0c, 0x0c, 0xff,
    0x84, 0x0d, 0x0d, 0xff, 0x7e, 0x00, 0x00, 0xff, 0x7f, 0x00, 0x00, 0xff,
    0x7e, 0x00, 0x00, 0xff, 0x7e, 0x00, 0x00, 0xff, 0x7e, 0x00, 0x00, 0xff,
    0x81, 0x05, 0x05, 0xff, 0x9c, 0x3f, 0x3f, 0xff, 0x89, 0x16, 0x16, 0xff,
    0x7c, 0x00, 0x00, 0xff, 0x7e, 0x00, 0x00, 0xff, 0x7f, 0x00, 0x00, 0xff,
    0x7d, 0x00, 0x00, 0xff, 0x80, 0x01, 0x01, 0xff, 0x8d, 0x22, 0x22, 0xff,
    0x82, 0x0a, 0x0a, 0xff, 0x89, 0x18, 0x18, 0xff, 0x7f, 0x02, 0x02, 0xff,
    0x7e, 0x00, 0x00, 0xff, 0x7e, 0x00, 0x00, 0xff, 0x80, 0x03, 0x03, 0xff,
    0x7e, 0x00, 0x00, 0xff, 0x8c, 0x1c, 0x1c, 0xff, 0x9f, 0x41, 0x41, 0xff,
    0x7f, 0x08, 0x08, 0xff, 0x69, 0x04, 0x04, 0xff, 0x5d, 0x23, 0x23, 0xff,
    0x83, 0x76, 0x76, 0xff, 0xcb, 0xcc, 0xcc, 0xff, 0xfc, 0xfd, 0xfd, 0xff,
    0xff, 0xff, 0xff, 0xff, 0xff, 0xff, 0xff, 0xff, 0xff, 0xff, 0xff, 0xff,
    0xff, 0xff, 0xff, 0xff, 0xff, 0xff, 0xff, 0xff, 0xff, 0xff, 0xff, 0xff,
    0xff, 0xff, 0xff, 0xff, 0xff, 0xff, 0xff, 0xff, 0xff, 0xff, 0xff, 0xff,
    0xff, 0xff, 0xff, 0xff, 0xff, 0xff, 0xff, 0xff, 0xff, 0xff, 0xff, 0xff,
    0xff, 0xff, 0xff, 0xff, 0xff, 0xff, 0xff, 0xff, 0xff, 0xff, 0xff, 0xff,
    0xff, 0xff, 0xff, 0xff, 0xff, 0xff, 0xff, 0xff, 0xff, 0xff, 0xff, 0xff,
    0xff, 0xff, 0xff, 0xff, 0xff, 0xff, 0xff, 0xff, 0xff, 0xff, 0xff, 0xff,
    0xff, 0xff, 0xff, 0xff, 0xff, 0xff, 0xff, 0xff, 0xff, 0xff, 0xff, 0xff,
    0xff, 0xff, 0xff, 0xff, 0xff, 0xff, 0xff, 0xff, 0xff, 0xff, 0xff, 0xff,
    0xff, 0xff, 0xff, 0xff, 0xff, 0xff, 0xff, 0xff, 0xff, 0xff, 0xff, 0xff,
    0xff, 0xff, 0xff, 0xff, 0xff, 0xff, 0xff, 0xff, 0xff, 0xff, 0xff, 0xff,
    0xff, 0xff, 0xff, 0xff, 0xff, 0xff, 0xff, 0xff, 0xff, 0xff, 0xff, 0xff,
    0xff, 0xff, 0xff, 0xff, 0xff, 0xff, 0xff, 0xff, 0xff, 0xff, 0xff, 0xff,
    0xff, 0xff, 0xff, 0xff, 0xff, 0xff, 0xff, 0xff, 0xff, 0xff, 0xff, 0xff,
    0xff, 0xff, 0xff, 0xff, 0xff, 0xff, 0xff, 0xff, 0xff, 0xff, 0xff, 0xff,
    0xff, 0xff, 0xff, 0xff, 0xff, 0xff, 0xff, 0xff, 0xfe, 0xfd, 0xfb, 0xff,
    0xf9, 0xe3, 0xbb, 0xff, 0xef, 0xbb, 0x50, 0xff, 0xea, 0xa2, 0x0e, 0xff,
    0xe8, 0x9e, 0x00, 0xff, 0xe8, 0x9f, 0x00, 0xff, 0xe8, 0x9d, 0x00, 0xff,
    0xea, 0xa1, 0x0b, 0xff, 0xec, 0xad, 0x27, 0xff, 0xf1, 0xc1, 0x63, 0xff,
    0xf4, 0xd3, 0x8d, 0xff, 0xf8, 0xe2, 0xb5, 0xff, 0xfa, 0xea, 0xcd, 0xff,
    0xfb, 0xf0, 0xdb, 0xff, 0xfc, 0xf4, 0xe6, 0xff, 0xfd, 0xf8, 0xef, 0xff,
    0xfd, 0xf9, 0xf1, 0xff, 0xfd, 0xf7, 0xeb, 0xff, 0xfc, 0xf2, 0xe1, 0xff,
    0xfb, 0xed, 0xd4, 0xff, 0xf9, 0xe7, 0xc4, 0xff, 0xf6, 0xdb, 0xa1, 0xff,
    0xf3, 0xca, 0x79, 0xff, 0xed, 0xb3, 0x3c, 0xff, 0xeb, 0xa6, 0x15, 0xff,
    0xe9, 0x9e, 0x01, 0xff, 0xe8, 0x9e, 0x00, 0xff, 0xe8, 0x9f, 0x00, 0xff,
    0xe9, 0x9e, 0x00, 0xff, 0xec, 0xab, 0x27, 0xff, 0xf5, 0xd2, 0x8d, 0xff,
    0xfe, 0xfb, 0xf5, 0xff, 0xff, 0xff, 0xff, 0xff, 0xff, 0xff, 0xff, 0xff,
    0xff, 0xff, 0xff, 0xff, 0xff, 0xff, 0xff, 0xff, 0xff, 0xff, 0xff, 0xff,
    0xff, 0xff, 0xff, 0xff, 0xff, 0xff, 0xff, 0xff, 0xff, 0xff, 0xff, 0xff,
    0xff, 0xff, 0xff, 0xff, 0xff, 0xff, 0xff, 0xff, 0xff, 0xff, 0xff, 0xff,
    0xff, 0xff, 0xff, 0xff, 0xff, 0xff, 0xff, 0xff, 0xff, 0xff, 0xff, 0xff,
    0xff, 0xff, 0xff, 0xff, 0xff, 0xff, 0xff, 0xff, 0xff, 0xff, 0xff, 0xff,
    0xff, 0xff, 0xff, 0xff, 0xff, 0xff, 0xff, 0xff, 0xff, 0xff, 0xff, 0xff,
    0xff, 0xff, 0xff, 0xff, 0xff, 0xff, 0xff, 0xff, 0xff, 0xff, 0xff, 0xff,
    0xff, 0xff, 0xff, 0xff, 0xff, 0xff, 0xff, 0xff, 0xff, 0xff, 0xff, 0xff,
    0xff, 0xff, 0xff, 0xff, 0xff, 0xff, 0xff, 0xff, 0xff, 0xff, 0xff, 0xff,
    0xff, 0xff, 0xff, 0xff, 0xff, 0xff, 0xff, 0xff, 0xff, 0xff, 0xff, 0xff,
    0xff, 0xff, 0xff, 0xff, 0xff, 0xff, 0xff, 0xff, 0xff, 0xff, 0xff, 0xff,
    0xff, 0xff, 0xff, 0xff, 0xff, 0xff, 0xff, 0xff, 0xff, 0xff, 0xff, 0xff,
    0xff, 0xff, 0xff, 0xff, 0xff, 0xff, 0xff, 0xff, 0xff, 0xff, 0xff, 0xff,
    0xff, 0xff, 0xff, 0xff, 0xff, 0xff, 0xff, 0xff, 0xff, 0xff, 0xff, 0xff,
    0xff, 0xff, 0xff, 0xff, 0xff, 0xff, 0xff, 0xff, 0xff, 0xff, 0xff, 0xff,
    0xff, 0xff, 0xff, 0xff, 0xff, 0xff, 0xff, 0xff, 0xff, 0xff, 0xff, 0xff,
    0xff, 0xff, 0xff, 0xff, 0xff, 0xff, 0xff, 0xff, 0xff, 0xff, 0xff, 0xff,
    0xff, 0xff, 0xff, 0xff, 0xff, 0xff, 0xff, 0xff, 0xff, 0xff, 0xff, 0xff,
    0xff, 0xff, 0xff, 0xff, 0xff, 0xff, 0xff, 0xff, 0xff, 0xff, 0xff, 0xff,
    0xff, 0xff, 0xff, 0xff, 0xff, 0xff, 0xff, 0xff, 0xff, 0xff, 0xff, 0xff,
    0xff, 0xff, 0xff, 0xff, 0xff, 0xff, 0xff, 0xff, 0xff, 0xff, 0xff, 0xff,
    0xff, 0xff, 0xff, 0xff, 0xff, 0xff, 0xff, 0xff, 0xff, 0xff, 0xff, 0xff,
    0xff, 0xff, 0xff, 0xff, 0xff, 0xff, 0xff, 0xff, 0xff, 0xff, 0xff, 0xff,
    0xff, 0xff, 0xff, 0xff, 0xff, 0xff, 0xff, 0xff, 0xff, 0xff, 0xff, 0xff,
    0xff, 0xff, 0xff, 0xff, 0xff, 0xff, 0xff, 0xff, 0xff, 0xff, 0xff, 0xff,
    0xff, 0xff, 0xff, 0xff, 0xff, 0xff, 0xff, 0xff, 0xff, 0xff, 0xff, 0xff,
    0xff, 0xff, 0xff, 0xff, 0xff, 0xff, 0xff, 0xff, 0xff, 0xff, 0xff, 0xff,
    0xff, 0xff, 0xff, 0xff, 0xff, 0xff, 0xff, 0xff, 0xff, 0xff, 0xff, 0xff,
    0xff, 0xff, 0xff, 0xff, 0xff, 0xff, 0xff, 0xff, 0xff, 0xff, 0xff, 0xff,
    0xff, 0xff, 0xff, 0xff, 0xff, 0xff, 0xff, 0xff, 0xff, 0xff, 0xff, 0xff,
    0xff, 0xff, 0xff, 0xff, 0xff, 0xff, 0xff, 0xff, 0xff, 0xff, 0xff, 0xff,
    0xff, 0xff, 0xff, 0xff, 0xff, 0xff, 0xff, 0xff, 0xff, 0xff, 0xff, 0xff,
    0xff, 0xff, 0xff, 0xff, 0xff, 0xff, 0xff, 0xff, 0xff, 0xff, 0xff, 0xff,
    0xff, 0xff, 0xff, 0xff, 0xff, 0xff, 0xff, 0xff, 0xff, 0xff, 0xff, 0xff,
    0xea, 0xeb, 0xeb, 0xff, 0xb3, 0xb0, 0xb0, 0xff, 0x79, 0x5d, 0x5d, 0xff,
    0x63, 0x17, 0x17, 0xff, 0x72, 0x11, 0x11, 0xff, 0x83, 0x0c, 0x0c, 0xff,
    0xa7, 0x53, 0x53, 0xff, 0x97, 0x36, 0x36, 0xff, 0x7e, 0x01, 0x01, 0xff,
    0x8c, 0x1f, 0x1f, 0xff, 0x90, 0x27, 0x27, 0xff, 0x80, 0x07, 0x07, 0xff,
    0x96, 0x36, 0x36, 0xff, 0xaa, 0x5c, 0x5c, 0xff, 0x84, 0x12, 0x12, 0xff,
    0x8e, 0x27, 0x27, 0xff, 0x8e, 0x25, 0x25, 0xff, 0x82, 0x06, 0x06, 0xff,
    0x8f, 0x25, 0x25, 0xff, 0x91, 0x2e, 0x2e, 0xff, 0x87, 0x17, 0x17, 0xff,
    0x91, 0x26, 0x26, 0xff, 0x94, 0x2f, 0x2f, 0xff, 0x81, 0x04, 0x04, 0xff,
    0x8b, 0x1d, 0x1d, 0xff, 0x92, 0x2a, 0x2a, 0xff, 0x82, 0x07, 0x07, 0xff,
    0x8c, 0x21, 0x21, 0xff, 0xac, 0x60, 0x60, 0xff, 0x8f, 0x22, 0x22, 0xff,
    0x88, 0x18, 0x18, 0xff, 0x93, 0x2d, 0x2d, 0xff, 0x82, 0x09, 0x09, 0xff,
    0x8b, 0x1c, 0x1c, 0xff, 0x92, 0x2c, 0x2c, 0xff, 0x91, 0x2e, 0x2e, 0xff,
    0x9b, 0x42, 0x42, 0xff, 0x92, 0x2d, 0x2d, 0xff, 0x83, 0x0c, 0x0c, 0xff,
    0x8a, 0x1a, 0x1a, 0xff, 0x92, 0x2d, 0x2d, 0xff, 0x83, 0x0a, 0x0a, 0xff,
    0x86, 0x14, 0x14, 0xff, 0x9b, 0x34, 0x34, 0xff, 0x88, 0x10, 0x10, 0xff,
    0x87, 0x14, 0x14, 0xff, 0x93, 0x2f, 0x2f, 0xff, 0x86, 0x11, 0x11, 0xff,
    0x84, 0x0d, 0x0d, 0xff, 0x91, 0x2d, 0x2d, 0xff, 0x8e, 0x23, 0x23, 0xff,
    0x8d, 0x24, 0x24, 0xff, 0x92, 0x2d, 0x2d, 0xff, 0x86, 0x0f, 0x0f, 0xff,
    0x85, 0x0e, 0x0e, 0xff, 0x93, 0x2e, 0x2e, 0xff, 0x84, 0x0f, 0x0f, 0xff,
    0x89, 0x18, 0x18, 0xff, 0xa7, 0x5b, 0x5b, 0xff, 0x89, 0x1d, 0x1d, 0xff,
    0x85, 0x12, 0x12, 0xff, 0x93, 0x30, 0x30, 0xff, 0x88, 0x15, 0x15, 0xff,
    0x84, 0x0c, 0x0c, 0xff, 0x93, 0x30, 0x30, 0xff, 0x9e, 0x45, 0x45, 0xff,
    0x8f, 0x24, 0x24, 0xff, 0x92, 0x2d, 0x2d, 0xff, 0x88, 0x16, 0x16, 0xff,
    0x84, 0x0c, 0x0c, 0xff, 0x92, 0x2c, 0x2c, 0xff, 0x8a, 0x1b, 0x1b, 0xff,
    0x90, 0x24, 0x24, 0xff, 0x96, 0x34, 0x34, 0xff, 0x8e, 0x21, 0x21, 0xff,
    0x83, 0x0b, 0x0b, 0xff, 0x92, 0x2c, 0x2c, 0xff, 0x89, 0x1a, 0x1a, 0xff,
    0x83, 0x0d, 0x0d, 0xff, 0x92, 0x30, 0x30, 0xff, 0x9a, 0x39, 0x39, 0xff,
    0x96, 0x39, 0x39, 0xff, 0x90, 0x2c, 0x2c, 0xff, 0x8c, 0x1e, 0x1e, 0xff,
    0x80, 0x03, 0x03, 0xff, 0x8e, 0x24, 0x24, 0xff, 0x90, 0x28, 0x28, 0xff,
    0xa0, 0x46, 0x46, 0xff, 0x9f, 0x43, 0x43, 0xff, 0x8a, 0x28, 0x28, 0xff,
    0x60, 0x08, 0x08, 0xff, 0x6b, 0x34, 0x34, 0xff, 0x97, 0x8a, 0x8a, 0xff,
    0xd1, 0xd1, 0xd1, 0xff, 0xfa, 0xfa, 0xfa, 0xff, 0xff, 0xff, 0xff, 0xff,
    0xff, 0xff, 0xff, 0xff, 0xff, 0xff, 0xff, 0xff, 0xff, 0xff, 0xff, 0xff,
    0xff, 0xff, 0xff, 0xff, 0xff, 0xff, 0xff, 0xff, 0xff, 0xff, 0xff, 0xff,
    0xff, 0xff, 0xff, 0xff, 0xff, 0xff, 0xff, 0xff, 0xff, 0xff, 0xff, 0xff,
    0xff, 0xff, 0xff, 0xff, 0xff, 0xff, 0xff, 0xff, 0xff, 0xff, 0xff, 0xff,
    0xff, 0xff, 0xff, 0xff, 0xff, 0xff, 0xff, 0xff, 0xff, 0xff, 0xff, 0xff,
    0xff, 0xff, 0xff, 0xff, 0xff, 0xff, 0xff, 0xff, 0xff, 0xff, 0xff, 0xff,
    0xff, 0xff, 0xff, 0xff, 0xff, 0xff, 0xff, 0xff, 0xff, 0xff, 0xff, 0xff,
    0xff, 0xff, 0xff, 0xff, 0xff, 0xff, 0xff, 0xff, 0xff, 0xff, 0xff, 0xff,
    0xff, 0xff, 0xff, 0xff, 0xff, 0xff, 0xff, 0xff, 0xff, 0xff, 0xff, 0xff,
    0xff, 0xff, 0xff, 0xff, 0xff, 0xff, 0xff, 0xff, 0xff, 0xff, 0xff, 0xff,
    0xff, 0xff, 0xff, 0xff, 0xff, 0xff, 0xff, 0xff, 0xff, 0xff, 0xff, 0xff,
    0xff, 0xff, 0xff, 0xff, 0xff, 0xff, 0xff, 0xff, 0xff, 0xff, 0xff, 0xff,
    0xff, 0xff, 0xff, 0xff, 0xff, 0xff, 0xff, 0xff, 0xff, 0xff, 0xff, 0xff,
    0xff, 0xff, 0xff, 0xff, 0xff, 0xff, 0xff, 0xff, 0xff, 0xff, 0xff, 0xff,
    0xff, 0xff, 0xff, 0xff, 0xff, 0xff, 0xff, 0xff, 0xff, 0xff, 0xff, 0xff,
    0xff, 0xff, 0xff, 0xff, 0xff, 0xff, 0xff, 0xff, 0xff, 0xff, 0xff, 0xff,
    0xff, 0xff, 0xff, 0xff, 0xff, 0xff, 0xff, 0xff, 0xfd, 0xf7, 0xed, 0xff,
    0xf8, 0xde, 0xae, 0xff, 0xf0, 0xbe, 0x58, 0xff, 0xea, 0xa5, 0x12, 0xff,
    0xe9, 0x9e, 0x01, 0xff, 0xe8, 0x9d, 0x00, 0xff, 0xe8, 0x9e, 0x00, 0xff,
    0xe8, 0x9e, 0x00, 0xff, 0xe8, 0x9e, 0x00, 0xff, 0xe9, 0xa3, 0x0c, 0xff,
    0xeb, 0xa8, 0x21, 0xff, 0xed, 0xae, 0x31, 0xff, 0xee, 0xb3, 0x3e, 0xff,
    0xef, 0xb8, 0x49, 0xff, 0xef, 0xb9, 0x4b, 0xff, 0xef, 0xb6, 0x44, 0xff,
    0xee, 0xb1, 0x38, 0xff, 0xec, 0xac, 0x29, 0xff, 0xea, 0xa6, 0x18, 0xff,
    0xe9, 0xa0, 0x02, 0xff, 0xe9, 0x9e, 0x00, 0xff, 0xe8, 0x9e, 0x00, 0xff,
    0xe8, 0x9e, 0x00, 0xff, 0xe8, 0x9e, 0x00, 0xff, 0xe9, 0xa1, 0x08, 0xff,
    0xec, 0xac, 0x25, 0xff, 0xf3, 0xca, 0x7a, 0xff, 0xfa, 0xec, 0xd1, 0xff,
    0xfe, 0xfd, 0xfb, 0xff, 0xff, 0xfe, 0xfe, 0xff, 0xff, 0xff, 0xff, 0xff,
    0xff, 0xff, 0xff, 0xff, 0xff, 0xff, 0xff, 0xff, 0xff, 0xff, 0xff, 0xff,
    0xff, 0xff, 0xff, 0xff, 0xff, 0xff, 0xff, 0xff, 0xff, 0xff, 0xff, 0xff,
    0xff, 0xff, 0xff, 0xff, 0xff, 0xff, 0xff, 0xff, 0xff, 0xff, 0xff, 0xff,
    0xff, 0xff, 0xff, 0xff, 0xff, 0xff, 0xff, 0xff, 0xff, 0xff, 0xff, 0xff,
    0xff, 0xff, 0xff, 0xff, 0xff, 0xff, 0xff, 0xff, 0xff, 0xff, 0xff, 0xff,
    0xff, 0xff, 0xff, 0xff, 0xff, 0xff, 0xff, 0xff, 0xff, 0xff, 0xff, 0xff,
    0xff, 0xff, 0xff, 0xff, 0xff, 0xff, 0xff, 0xff, 0xff, 0xff, 0xff, 0xff,
    0xff, 0xff, 0xff, 0xff, 0xff, 0xff, 0xff, 0xff, 0xff, 0xff, 0xff, 0xff,
    0xff, 0xff, 0xff, 0xff, 0xff, 0xff, 0xff, 0xff, 0xff, 0xff, 0xff, 0xff,
    0xff, 0xff, 0xff, 0xff, 0xff, 0xff, 0xff, 0xff, 0xff, 0xff, 0xff, 0xff,
    0xff, 0xff, 0xff, 0xff, 0xff, 0xff, 0xff, 0xff, 0xff, 0xff, 0xff, 0xff,
    0xff, 0xff, 0xff, 0xff, 0xff, 0xff, 0xff, 0xff, 0xff, 0xff, 0xff, 0xff,
    0xff, 0xff, 0xff, 0xff, 0xff, 0xff, 0xff, 0xff, 0xff, 0xff, 0xff, 0xff,
    0xff, 0xff, 0xff, 0xff, 0xff, 0xff, 0xff, 0xff, 0xff, 0xff, 0xff, 0xff,
    0xff, 0xff, 0xff, 0xff, 0xff, 0xff, 0xff, 0xff, 0xff, 0xff, 0xff, 0xff,
    0xff, 0xff, 0xff, 0xff, 0xff, 0xff, 0xff, 0xff, 0xff, 0xff, 0xff, 0xff,
    0xff, 0xff, 0xff, 0xff, 0xff, 0xff, 0xff, 0xff, 0xff, 0xff, 0xff, 0xff,
    0xff, 0xff, 0xff, 0xff, 0xff, 0xff, 0xff, 0xff, 0xff, 0xff, 0xff, 0xff,
    0xff, 0xff, 0xff, 0xff, 0xff, 0xff, 0xff, 0xff, 0xff, 0xff, 0xff, 0xff,
    0xff, 0xff, 0xff, 0xff, 0xff, 0xff, 0xff, 0xff, 0xff, 0xff, 0xff, 0xff,
    0xff, 0xff, 0xff, 0xff, 0xff, 0xff, 0xff, 0xff, 0xff, 0xff, 0xff, 0xff,
    0xff, 0xff, 0xff, 0xff, 0xff, 0xff, 0xff, 0xff, 0xff, 0xff, 0xff, 0xff,
    0xff, 0xff, 0xff, 0xff, 0xff, 0xff, 0xff, 0xff, 0xff, 0xff, 0xff, 0xff,
    0xff, 0xff, 0xff, 0xff, 0xff, 0xff, 0xff, 0xff, 0xff, 0xff, 0xff, 0xff,
    0xff, 0xff, 0xff, 0xff, 0xff, 0xff, 0xff, 0xff, 0xff, 0xff, 0xff, 0xff,
    0xff, 0xff, 0xff, 0xff, 0xff, 0xff, 0xff, 0xff, 0xff, 0xff, 0xff, 0xff,
    0xff, 0xff, 0xff, 0xff, 0xff, 0xff, 0xff, 0xff, 0xff, 0xff, 0xff, 0xff,
    0xff, 0xff, 0xff, 0xff, 0xff, 0xff, 0xff, 0xff, 0xff, 0xff, 0xff, 0xff,
    0xff, 0xff, 0xff, 0xff, 0xff, 0xff, 0xff, 0xff, 0xff, 0xff, 0xff, 0xff,
    0xff, 0xff, 0xff, 0xff, 0xff, 0xff, 0xff, 0xff, 0xff, 0xff, 0xff, 0xff,
    0xff, 0xff, 0xff, 0xff, 0xff, 0xff, 0xff, 0xff, 0xff, 0xff, 0xff, 0xff,
    0xff, 0xff, 0xff, 0xff, 0xff, 0xff, 0xff, 0xff, 0xff, 0xff, 0xff, 0xff,
    0xff, 0xff, 0xff, 0xff, 0xff, 0xff, 0xff, 0xff, 0xff, 0xff, 0xff, 0xff,
    0xff, 0xff, 0xff, 0xff, 0xff, 0xff, 0xff, 0xff, 0xff, 0xff, 0xff, 0xff,
    0xff, 0xff, 0xff, 0xff, 0xff, 0xff, 0xff, 0xff, 0xff, 0xff, 0xff, 0xff,
    0xf3, 0xf4, 0xf4, 0xff, 0xbe, 0xbe, 0xbe, 0xff, 0x90, 0x7f, 0x7f, 0xff,
    0x65, 0x2f, 0x2f, 0xff, 0x79, 0x3e, 0x3e, 0xff, 0x86, 0x2d, 0x2d, 0xff,
    0x8b, 0x1b, 0x1b, 0xff, 0xab, 0x5a, 0x5a, 0xff, 0x96, 0x34, 0x34, 0xff,
    0x80, 0x06, 0x06, 0xff, 0x8c, 0x24, 0x24, 0xff, 0x92, 0x2e, 0x2e, 0xff,
    0x82, 0x0b, 0x0b, 0xff, 0xab, 0x5f, 0x5f, 0xff, 0xa5, 0x4e, 0x4e, 0xff,
    0x81, 0x08, 0x08, 0xff, 0x90, 0x29, 0x29, 0xff, 0x93, 0x2f, 0x2f, 0xff,
    0x83, 0x0b, 0x0b, 0xff, 0x93, 0x2c, 0x2c, 0xff, 0xa5, 0x51, 0x51, 0xff,
    0x82, 0x09, 0x09, 0xff, 0x8d, 0x25, 0x25, 0xff, 0x94, 0x31, 0x31, 0xff,
    0x83, 0x09, 0x09, 0xff, 0x8d, 0x23, 0x23, 0xff, 0x99, 0x3e, 0x3e, 0xff,
    0x8b, 0x1a, 0x1a, 0xff, 0x90, 0x29, 0x29, 0xff, 0x96, 0x36, 0x36, 0xff,
    0x82, 0x0a, 0x0a, 0xff, 0x8c, 0x20, 0x20, 0xff, 0x95, 0x33, 0x33, 0xff,
    0x85, 0x0f, 0x0f, 0xff, 0x91, 0x2b, 0x2b, 0xff, 0x97, 0x39, 0x39, 0xff,
    0x84, 0x0e, 0x0e, 0xff, 0x8c, 0x1e, 0x1e, 0xff, 0x95, 0x34, 0x34, 0xff,
    0x83, 0x0b, 0x0b, 0xff, 0x88, 0x19, 0x19, 0xff, 0xaa, 0x5d, 0x5d, 0xff,
    0x8d, 0x21, 0x21, 0xff, 0x88, 0x17, 0x17, 0xff, 0x95, 0x36, 0x36, 0xff,
    0x86, 0x14, 0x14, 0xff, 0x85, 0x12, 0x12, 0xff, 0x95, 0x36, 0x36, 0xff,
    0x9d, 0x49, 0x49, 0xff, 0x99, 0x3f, 0x3f, 0xff, 0x94, 0x34, 0x34, 0xff,
    0x87, 0x11, 0x11, 0xff, 0x85, 0x10, 0x10, 0xff, 0x95, 0x36, 0x36, 0xff,
    0x86, 0x13, 0x13, 0xff, 0x89, 0x1a, 0x1a, 0xff, 0x96, 0x39, 0x39, 0xff,
    0x85, 0x14, 0x14, 0xff, 0x87, 0x14, 0x14, 0xff, 0x96, 0x37, 0x37, 0xff,
    0x89, 0x18, 0x18, 0xff, 0x87, 0x14, 0x14, 0xff, 0x98, 0x3c, 0x3c, 0xff,
    0x90, 0x26, 0x26, 0xff, 0x83, 0x0b, 0x0b, 0xff, 0x95, 0x35, 0x35, 0xff,
    0x89, 0x1a, 0x1a, 0xff, 0x84, 0x0f, 0x0f, 0xff, 0x94, 0x37, 0x37, 0xff,
    0x96, 0x36, 0x36, 0xff, 0x99, 0x38, 0x38, 0xff, 0x97, 0x39, 0x39, 0xff,
    0x89, 0x19, 0x19, 0xff, 0x84, 0x0c, 0x0c, 0xff, 0x94, 0x33, 0x33, 0xff,
    0x8f, 0x26, 0x26, 0xff, 0xa2, 0x4f, 0x4f, 0xff, 0xa2, 0x4e, 0x4e, 0xff,
    0x8d, 0x24, 0x24, 0xff, 0x81, 0x04, 0x04, 0xff, 0x91, 0x2c, 0x2c, 0xff,
    0x8c, 0x23, 0x23, 0xff, 0x8e, 0x23, 0x23, 0xff, 0xac, 0x5b, 0x5b, 0xff,
    0x8e, 0x2c, 0x2c, 0xff, 0x7f, 0x28, 0x28, 0xff, 0x74, 0x45, 0x45, 0xff,
    0x89, 0x74, 0x74, 0xff, 0x9e, 0x95, 0x95, 0xff, 0xd9, 0xda, 0xda, 0xff,
    0xfc, 0xfd, 0xfd, 0xff, 0xff, 0xff, 0xff, 0xff, 0xff, 0xff, 0xff, 0xff,
    0xff, 0xff, 0xff, 0xff, 0xff, 0xff, 0xff, 0xff, 0xff, 0xff, 0xff, 0xff,
    0xff, 0xff, 0xff, 0xff, 0xff, 0xff, 0xff, 0xff, 0xff, 0xff, 0xff, 0xff,
    0xff, 0xff, 0xff, 0xff, 0xff, 0xff, 0xff, 0xff, 0xff, 0xff, 0xff, 0xff,
    0xff, 0xff, 0xff, 0xff, 0xff, 0xff, 0xff, 0xff, 0xff, 0xff, 0xff, 0xff,
    0xff, 0xff, 0xff, 0xff, 0xff, 0xff, 0xff, 0xff, 0xff, 0xff, 0xff, 0xff,
    0xff, 0xff, 0xff, 0xff, 0xff, 0xff, 0xff, 0xff, 0xff, 0xff, 0xff, 0xff,
    0xff, 0xff, 0xff, 0xff, 0xff, 0xff, 0xff, 0xff, 0xff, 0xff, 0xff, 0xff,
    0xff, 0xff, 0xff, 0xff, 0xff, 0xff, 0xff, 0xff, 0xff, 0xff, 0xff, 0xff,
    0xff, 0xff, 0xff, 0xff, 0xff, 0xff, 0xff, 0xff, 0xff, 0xff, 0xff, 0xff,
    0xff, 0xff, 0xff, 0xff, 0xff, 0xff, 0xff, 0xff, 0xff, 0xff, 0xff, 0xff,
    0xff, 0xff, 0xff, 0xff, 0xff, 0xff, 0xff, 0xff, 0xff, 0xff, 0xff, 0xff,
    0xff, 0xff, 0xff, 0xff, 0xff, 0xff, 0xff, 0xff, 0xff, 0xff, 0xff, 0xff,
    0xff, 0xff, 0xff, 0xff, 0xff, 0xff, 0xff, 0xff, 0xff, 0xff, 0xff, 0xff,
    0xff, 0xff, 0xff, 0xff, 0xff, 0xff, 0xff, 0xff, 0xff, 0xff, 0xff, 0xff,
    0xff, 0xff, 0xff, 0xff, 0xff, 0xff, 0xff, 0xff, 0xff, 0xff, 0xff, 0xff,
    0xff, 0xff, 0xff, 0xff, 0xff, 0xff, 0xff, 0xff, 0xfb, 0xef, 0xd8, 0xff,
    0xfc, 0xf5, 0xe8, 0xff, 0xff, 0xff, 0xff, 0xff, 0xff, 0xff, 0xff, 0xff,
    0xff, 0xff, 0xff, 0xff, 0xff, 0xff, 0xff, 0xff, 0xfd, 0xfa, 0xf3, 0xff,
    0xfa, 0xe9, 0xc7, 0xff, 0xf3, 0xcb, 0x7c, 0xff, 0xee, 0xb4, 0x40, 0xff,
    0xeb, 0xa6, 0x18, 0xff, 0xe9, 0x9e, 0x00, 0xff, 0xe8, 0x9e, 0x00, 0xff,
    0xe8, 0x9e, 0x00, 0xff, 0xe8, 0x9e, 0x00, 0xff, 0xe8, 0x9d, 0x00, 0xff,
    0xe8, 0x9d, 0x00, 0xff, 0xe8, 0x9d, 0x00, 0xff, 0xe8, 0x9d, 0x00, 0xff,
    0xe8, 0x9d, 0x00, 0xff, 0xe8, 0x9d, 0x00, 0xff, 0xe8, 0x9e, 0x00, 0xff,
    0xe8, 0x9e, 0x00, 0xff, 0xe8, 0x9e, 0x00, 0xff, 0xe9, 0x9e, 0x00, 0xff,
    0xe9, 0x9f, 0x03, 0xff, 0xec, 0xaa, 0x27, 0xff, 0xf0, 0xbc, 0x55, 0xff,
    0xf6, 0xd7, 0x9c, 0xff, 0xfb, 0xf1, 0xdc, 0xff, 0xfe, 0xfd, 0xfb, 0xff,
    0xff, 0xff, 0xff, 0xff, 0xff, 0xff, 0xff, 0xff, 0xff, 0xff, 0xff, 0xff,
    0xfe, 0xfd, 0xfb, 0xff, 0xfe, 0xfc, 0xf7, 0xff, 0xff, 0xff, 0xff, 0xff,
    0xff, 0xff, 0xff, 0xff, 0xff, 0xff, 0xff, 0xff, 0xff, 0xff, 0xff, 0xff,
    0xff, 0xff, 0xff, 0xff, 0xff, 0xff, 0xff, 0xff, 0xff, 0xff, 0xff, 0xff,
    0xff, 0xff, 0xff, 0xff, 0xff, 0xff, 0xff, 0xff, 0xff, 0xff, 0xff, 0xff,
    0xff, 0xff, 0xff, 0xff, 0xff, 0xff, 0xff, 0xff, 0xff, 0xff, 0xff, 0xff,
    0xff, 0xff, 0xff, 0xff, 0xff, 0xff, 0xff, 0xff, 0xff, 0xff, 0xff, 0xff,
    0xff, 0xff, 0xff, 0xff, 0xff, 0xff, 0xff, 0xff, 0xff, 0xff, 0xff, 0xff,
    0xff, 0xff, 0xff, 0xff, 0xff, 0xff, 0xff, 0xff, 0xff, 0xff, 0xff, 0xff,
    0xff, 0xff, 0xff, 0xff, 0xff, 0xff, 0xff, 0xff, 0xff, 0xff, 0xff, 0xff,
    0xff, 0xff, 0xff, 0xff, 0xff, 0xff, 0xff, 0xff, 0xff, 0xff, 0xff, 0xff,
    0xff, 0xff, 0xff, 0xff, 0xff, 0xff, 0xff, 0xff, 0xff, 0xff, 0xff, 0xff,
    0xff, 0xff, 0xff, 0xff, 0xff, 0xff, 0xff, 0xff, 0xff, 0xff, 0xff, 0xff,
    0xff, 0xff, 0xff, 0xff, 0xff, 0xff, 0xff, 0xff, 0xff, 0xff, 0xff, 0xff,
    0xff, 0xff, 0xff, 0xff, 0xff, 0xff, 0xff, 0xff, 0xff, 0xff, 0xff, 0xff,
    0xff, 0xff, 0xff, 0xff, 0xff, 0xff, 0xff, 0xff, 0xff, 0xff, 0xff, 0xff,
    0xff, 0xff, 0xff, 0xff, 0xff, 0xff, 0xff, 0xff, 0xff, 0xff, 0xff, 0xff,
    0xff, 0xff, 0xff, 0xff, 0xff, 0xff, 0xff, 0xff, 0xff, 0xff, 0xff, 0xff,
    0xff, 0xff, 0xff, 0xff, 0xff, 0xff, 0xff, 0xff, 0xff, 0xff, 0xff, 0xff,
    0xff, 0xff, 0xff, 0xff, 0xff, 0xff, 0xff, 0xff, 0xff, 0xff, 0xff, 0xff,
    0xff, 0xff, 0xff, 0xff, 0xff, 0xff, 0xff, 0xff, 0xff, 0xff, 0xff, 0xff,
    0xff, 0xff, 0xff, 0xff, 0xff, 0xff, 0xff, 0xff, 0xff, 0xff, 0xff, 0xff,
    0xff, 0xff, 0xff, 0xff, 0xff, 0xff, 0xff, 0xff, 0xff, 0xff, 0xff, 0xff,
    0xff, 0xff, 0xff, 0xff, 0xff, 0xff, 0xff, 0xff, 0xff, 0xff, 0xff, 0xff,
    0xff, 0xff, 0xff, 0xff, 0xff, 0xff, 0xff, 0xff, 0xff, 0xff, 0xff, 0xff,
    0xff, 0xff, 0xff, 0xff, 0xff, 0xff, 0xff, 0xff, 0xff, 0xff, 0xff, 0xff,
    0xff, 0xff, 0xff, 0xff, 0xff, 0xff, 0xff, 0xff, 0xff, 0xff, 0xff, 0xff,
    0xff, 0xff, 0xff, 0xff, 0xff, 0xff, 0xff, 0xff, 0xff, 0xff, 0xff, 0xff,
    0xff, 0xff, 0xff, 0xff, 0xff, 0xff, 0xff, 0xff, 0xff, 0xff, 0xff, 0xff,
    0xff, 0xff, 0xff, 0xff, 0xff, 0xff, 0xff, 0xff, 0xff, 0xff, 0xff, 0xff,
    0xff, 0xff, 0xff, 0xff, 0xff, 0xff, 0xff, 0xff, 0xff, 0xff, 0xff, 0xff,
    0xff, 0xff, 0xff, 0xff, 0xff, 0xff, 0xff, 0xff, 0xff, 0xff, 0xff, 0xff,
    0xff, 0xff, 0xff, 0xff, 0xff, 0xff, 0xff, 0xff, 0xff, 0xff, 0xff, 0xff,
    0xff, 0xff, 0xff, 0xff, 0xff, 0xff, 0xff, 0xff, 0xff, 0xff, 0xff, 0xff,
    0xff, 0xff, 0xff, 0xff, 0xff, 0xff, 0xff, 0xff, 0xff, 0xff, 0xff, 0xff,
    0xff, 0xff, 0xff, 0xff, 0xff, 0xff, 0xff, 0xff, 0xff, 0xff, 0xff, 0xff,
    0xff, 0xff, 0xff, 0xff, 0xff, 0xff, 0xff, 0xff, 0xff, 0xff, 0xff, 0xff,
    0xf9, 0xfb, 0xfb, 0xff, 0xda, 0xda, 0xda, 0xff, 0xa0, 0x99, 0x99, 0xff,
    0x6f, 0x50, 0x50, 0xff, 0x66, 0x23, 0x23, 0xff, 0x72, 0x2c, 0x2c, 0xff,
    0x86, 0x22, 0x22, 0xff, 0x96, 0x31, 0x31, 0xff, 0x92, 0x2b, 0x2b, 0xff,
    0x89, 0x19, 0x19, 0xff, 0x8c, 0x20, 0x20, 0xff, 0x93, 0x30, 0x30, 0xff,
    0x8c, 0x1f, 0x1f, 0xff, 0x84, 0x0e, 0x0e, 0xff, 0x8c, 0x1f, 0x1f, 0xff,
    0x7e, 0x01, 0x01, 0xff, 0x7d, 0x00, 0x00, 0xff, 0x7c, 0x00, 0x00, 0xff,
    0x7e, 0x00, 0x00, 0xff, 0x86, 0x10, 0x10, 0xff, 0x95, 0x34, 0x34, 0xff,
    0x82, 0x0b, 0x0b, 0xff, 0x7f, 0x00, 0x00, 0xff, 0x7e, 0x00, 0x00, 0xff,
    0x7c, 0x00, 0x00, 0xff, 0x7f, 0x03, 0x03, 0xff, 0x97, 0x36, 0x36, 0xff,
    0x8c, 0x21, 0x21, 0xff, 0x7e, 0x00, 0x00, 0xff, 0x7e, 0x00, 0x00, 0xff,
    0x7d, 0x00, 0x00, 0xff, 0x7f, 0x00, 0x00, 0xff, 0x81, 0x08, 0x08, 0xff,
    0x94, 0x31, 0x31, 0xff, 0x82, 0x08, 0x08, 0xff, 0x7e, 0x00, 0x00, 0xff,
    0x7d, 0x00, 0x00, 0xff, 0x7f, 0x00, 0x00, 0xff, 0x7f, 0x00, 0x00, 0xff,
    0x81, 0x05, 0x05, 0xff, 0x81, 0x03, 0x03, 0xff, 0x7e, 0x00, 0x00, 0xff,
    0x7d, 0x00, 0x00, 0xff, 0x7e, 0x00, 0x00, 0xff, 0x7e, 0x00, 0x00, 0xff,
    0x94, 0x30, 0x30, 0xff, 0xb4, 0x71, 0x71, 0xff, 0x88, 0x18, 0x18, 0xff,
    0x7c, 0x00, 0x00, 0xff, 0x7f, 0x00, 0x00, 0xff, 0x7f, 0x00, 0x00, 0xff,
    0x7c, 0x00, 0x00, 0xff, 0x8e, 0x22, 0x22, 0xff, 0x90, 0x25, 0x25, 0xff,
    0x7d, 0x00, 0x00, 0xff, 0x7e, 0x00, 0x00, 0xff, 0x7e, 0x00, 0x00, 0xff,
    0x7c, 0x00, 0x00, 0xff, 0x80, 0x05, 0x05, 0xff, 0x9a, 0x3c, 0x3c, 0xff,
    0x87, 0x15, 0x15, 0xff, 0x7d, 0x00, 0x00, 0xff, 0x7f, 0x00, 0x00, 0xff,
    0x7c, 0x00, 0x00, 0xff, 0x7e, 0x00, 0x00, 0xff, 0x8f, 0x25, 0x25, 0xff,
    0x8a, 0x21, 0x21, 0xff, 0x7c, 0x02, 0x02, 0xff, 0x7b, 0x00, 0x00, 0xff,
    0x81, 0x09, 0x09, 0xff, 0x87, 0x13, 0x13, 0xff, 0x88, 0x14, 0x14, 0xff,
    0x8c, 0x1f, 0x1f, 0xff, 0x81, 0x07, 0x07, 0xff, 0x86, 0x18, 0x18, 0xff,
    0x7d, 0x02, 0x02, 0xff, 0x85, 0x12, 0x12, 0xff, 0x8c, 0x20, 0x20, 0xff,
    0x96, 0x33, 0x33, 0xff, 0x92, 0x33, 0x33, 0xff, 0x87, 0x3b, 0x3c, 0xff,
    0x6a, 0x1f, 0x1f, 0xff, 0x65, 0x31, 0x31, 0xff, 0x81, 0x70, 0x70, 0xff,
    0xbd, 0xb9, 0xb9, 0xff, 0xeb, 0xec, 0xec, 0xff, 0xff, 0xff, 0xff, 0xff,
    0xff, 0xff, 0xff, 0xff, 0xff, 0xff, 0xff, 0xff, 0xff, 0xff, 0xff, 0xff,
    0xff, 0xff, 0xff, 0xff, 0xff, 0xff, 0xff, 0xff, 0xff, 0xff, 0xff, 0xff,
    0xff, 0xff, 0xff, 0xff, 0xff, 0xff, 0xff, 0xff, 0xff, 0xff, 0xff, 0xff,
    0xff, 0xff, 0xff, 0xff, 0xff, 0xff, 0xff, 0xff, 0xff, 0xff, 0xff, 0xff,
    0xff, 0xff, 0xff, 0xff, 0xff, 0xff, 0xff, 0xff, 0xff, 0xff, 0xff, 0xff,
    0xff, 0xff, 0xff, 0xff, 0xff, 0xff, 0xff, 0xff, 0xff, 0xff, 0xff, 0xff,
    0xff, 0xff, 0xff, 0xff, 0xff, 0xff, 0xff, 0xff, 0xff, 0xff, 0xff, 0xff,
    0xff, 0xff, 0xff, 0xff, 0xff, 0xff, 0xff, 0xff, 0xff, 0xff, 0xff, 0xff,
    0xff, 0xff, 0xff, 0xff, 0xff, 0xff, 0xff, 0xff, 0xff, 0xff, 0xff, 0xff,
    0xff, 0xff, 0xff, 0xff, 0xff, 0xff, 0xff, 0xff, 0xff, 0xff, 0xff, 0xff,
    0xff, 0xff, 0xff, 0xff, 0xff, 0xff, 0xff, 0xff, 0xff, 0xff, 0xff, 0xff,
    0xff, 0xff, 0xff, 0xff, 0xff, 0xff, 0xff, 0xff, 0xff, 0xff, 0xff, 0xff,
    0xff, 0xff, 0xff, 0xff, 0xff, 0xff, 0xff, 0xff, 0xff, 0xff, 0xff, 0xff,
    0xff, 0xff, 0xff, 0xff, 0xff, 0xff, 0xff, 0xff, 0xff, 0xff, 0xff, 0xff,
    0xff, 0xff, 0xff, 0xff, 0xff, 0xff, 0xff, 0xff, 0xff, 0xff, 0xff, 0xff,
    0xff, 0xff, 0xff, 0xff, 0xff, 0xff, 0xff, 0xff, 0xff, 0xff, 0xff, 0xff,
    0xff, 0xff, 0xff, 0xff, 0xff, 0xff, 0xff, 0xff, 0xfc, 0xf0, 0xdc, 0xff,
    0xef, 0xb5, 0x45, 0xff, 0xee, 0xb5, 0x43, 0xff, 0xf8, 0xe0, 0xb1, 0xff,
    0xfe, 0xfa, 0xf3, 0xff, 0xff, 0xff, 0xff, 0xff, 0xff, 0xff, 0xff, 0xff,
    0xff, 0xff, 0xff, 0xff, 0xff, 0xff, 0xff, 0xff, 0xff, 0xff, 0xff, 0xff,
    0xfd, 0xf6, 0xe9, 0xff, 0xf9, 0xe7, 0xc4, 0xff, 0xf6, 0xd7, 0x9a, 0xff,
    0xf1, 0xc3, 0x69, 0xff, 0xee, 0xb4, 0x40, 0xff, 0xeb, 0xaa, 0x1e, 0xff,
    0xeb, 0xa7, 0x18, 0xff, 0xeb, 0xa4, 0x13, 0xff, 0xea, 0xa4, 0x11, 0xff,
    0xea, 0xa4, 0x11, 0xff, 0xea, 0xa4, 0x12, 0xff, 0xeb, 0xa5, 0x15, 0xff,
    0xeb, 0xa7, 0x18, 0xff, 0xec, 0xae, 0x2c, 0xff, 0xef, 0xbb, 0x53, 0xff,
    0xf3, 0xcb, 0x7c, 0xff, 0xf7, 0xdb, 0xa5, 0xff, 0xfa, 0xec, 0xd2, 0xff,
    0xfd, 0xfa, 0xf4, 0xff, 0xff, 0xff, 0xff, 0xff, 0xff, 0xff, 0xff, 0xff,
    0xff, 0xff, 0xff, 0xff, 0xff, 0xff, 0xff, 0xff, 0xfe, 0xfc, 0xf9, 0xff,
    0xfa, 0xeb, 0xcf, 0xff, 0xf1, 0xc2, 0x60, 0xff, 0xf4, 0xd1, 0x8a, 0xff,
    0xfe, 0xfc, 0xf9, 0xff, 0xff, 0xff, 0xff, 0xff, 0xff, 0xff, 0xff, 0xff,
    0xff, 0xff, 0xff, 0xff, 0xff, 0xff, 0xff, 0xff, 0xff, 0xff, 0xff, 0xff,
    0xff, 0xff, 0xff, 0xff, 0xff, 0xff, 0xff, 0xff, 0xff, 0xff, 0xff, 0xff,
    0xff, 0xff, 0xff, 0xff, 0xff, 0xff, 0xff, 0xff, 0xff, 0xff, 0xff, 0xff,
    0xff, 0xff, 0xff, 0xff, 0xff, 0xff, 0xff, 0xff, 0xff, 0xff, 0xff, 0xff,
    0xff, 0xff, 0xff, 0xff, 0xff, 0xff, 0xff, 0xff, 0xff, 0xff, 0xff, 0xff,
    0xff, 0xff, 0xff, 0xff, 0xff, 0xff, 0xff, 0xff, 0xff, 0xff, 0xff, 0xff,
    0xff, 0xff, 0xff, 0xff, 0xff, 0xff, 0xff, 0xff, 0xff, 0xff, 0xff, 0xff,
    0xff, 0xff, 0xff, 0xff, 0xff, 0xff, 0xff, 0xff, 0xff, 0xff, 0xff, 0xff,
    0xff, 0xff, 0xff, 0xff, 0xff, 0xff, 0xff, 0xff, 0xff, 0xff, 0xff, 0xff,
    0xff, 0xff, 0xff, 0xff, 0xff, 0xff, 0xff, 0xff, 0xff, 0xff, 0xff, 0xff,
    0xff, 0xff, 0xff, 0xff, 0xff, 0xff, 0xff, 0xff, 0xff, 0xff, 0xff, 0xff,
    0xff, 0xff, 0xff, 0xff, 0xff, 0xff, 0xff, 0xff, 0xff, 0xff, 0xff, 0xff,
    0xff, 0xff, 0xff, 0xff, 0xff, 0xff, 0xff, 0xff, 0xff, 0xff, 0xff, 0xff,
    0xff, 0xff, 0xff, 0xff, 0xff, 0xff, 0xff, 0xff, 0xff, 0xff, 0xff, 0xff,
    0xff, 0xff, 0xff, 0xff, 0xff, 0xff, 0xff, 0xff, 0xff, 0xff, 0xff, 0xff,
    0xff, 0xff, 0xff, 0xff, 0xff, 0xff, 0xff, 0xff, 0xff, 0xff, 0xff, 0xff,
    0xff, 0xff, 0xff, 0xff, 0xff, 0xff, 0xff, 0xff, 0xff, 0xff, 0xff, 0xff,
    0xff, 0xff, 0xff, 0xff, 0xff, 0xff, 0xff, 0xff, 0xff, 0xff, 0xff, 0xff,
    0xff, 0xff, 0xff, 0xff, 0xff, 0xff, 0xff, 0xff, 0xff, 0xff, 0xff, 0xff,
    0xff, 0xff, 0xff, 0xff, 0xff, 0xff, 0xff, 0xff, 0xff, 0xff, 0xff, 0xff,
    0xff, 0xff, 0xff, 0xff, 0xff, 0xff, 0xff, 0xff, 0xff, 0xff, 0xff, 0xff,
    0xff, 0xff, 0xff, 0xff, 0xff, 0xff, 0xff, 0xff, 0xff, 0xff, 0xff, 0xff,
    0xff, 0xff, 0xff, 0xff, 0xff, 0xff, 0xff, 0xff, 0xff, 0xff, 0xff, 0xff,
    0xff, 0xff, 0xff, 0xff, 0xff, 0xff, 0xff, 0xff, 0xff, 0xff, 0xff, 0xff,
    0xff, 0xff, 0xff, 0xff, 0xff, 0xff, 0xff, 0xff, 0xff, 0xff, 0xff, 0xff,
    0xff, 0xff, 0xff, 0xff, 0xff, 0xff, 0xff, 0xff, 0xff, 0xff, 0xff, 0xff,
    0xff, 0xff, 0xff, 0xff, 0xff, 0xff, 0xff, 0xff, 0xff, 0xff, 0xff, 0xff,
    0xff, 0xff, 0xff, 0xff, 0xff, 0xff, 0xff, 0xff, 0xff, 0xff, 0xff, 0xff,
    0xff, 0xff, 0xff, 0xff, 0xff, 0xff, 0xff, 0xff, 0xff, 0xff, 0xff, 0xff,
    0xff, 0xff, 0xff, 0xff, 0xff, 0xff, 0xff, 0xff, 0xff, 0xff, 0xff, 0xff,
    0xff, 0xff, 0xff, 0xff, 0xff, 0xff, 0xff, 0xff, 0xff, 0xff, 0xff, 0xff,
    0xff, 0xff, 0xff, 0xff, 0xff, 0xff, 0xff, 0xff, 0xff, 0xff, 0xff, 0xff,
    0xff, 0xff, 0xff, 0xff, 0xff, 0xff, 0xff, 0xff, 0xff, 0xff, 0xff, 0xff,
    0xff, 0xff, 0xff, 0xff, 0xff, 0xff, 0xff, 0xff, 0xff, 0xff, 0xff, 0xff,
    0xff, 0xff, 0xff, 0xff, 0xff, 0xff, 0xff, 0xff, 0xff, 0xff, 0xff, 0xff,
    0xff, 0xff, 0xff, 0xff, 0xf0, 0xf1, 0xf1, 0xff, 0xc4, 0xc5, 0xc5, 0xff,
    0x97, 0x8c, 0x8c, 0xff, 0x7f, 0x63, 0x63, 0xff, 0x97, 0x87, 0x87, 0xff,
    0xbb, 0xa8, 0xa8, 0xff, 0xcc, 0xb1, 0xb1, 0xff, 0xde, 0xc6, 0xc6, 0xff,
    0xe9, 0xd2, 0xd2, 0xff, 0xdb, 0xb9, 0xb9, 0xff, 0xcf, 0xa2, 0xa2, 0xff,
    0xd7, 0xb3, 0xb3, 0xff, 0xb8, 0x78, 0x78, 0xff, 0x9d, 0x43, 0x43, 0xff,
    0x95, 0x32, 0x32, 0xff, 0x8c, 0x1a, 0x1a, 0xff, 0x84, 0x11, 0x11, 0xff,
    0x89, 0x20, 0x20, 0xff, 0x85, 0x10, 0x10, 0xff, 0x84, 0x0d, 0x0d, 0xff,
    0x85, 0x0f, 0x0f, 0xff, 0x80, 0x01, 0x01, 0xff, 0x7f, 0x00, 0x00, 0xff,
    0x85, 0x0d, 0x0d, 0xff, 0x87, 0x14, 0x14, 0xff, 0x81, 0x06, 0x06, 0xff,
    0x81, 0x05, 0x05, 0xff, 0x7f, 0x00, 0x00, 0xff, 0x80, 0x00, 0x00, 0xff,
    0x80, 0x01, 0x01, 0xff, 0x8e, 0x24, 0x24, 0xff, 0x85, 0x11, 0x11, 0xff,
    0x7f, 0x00, 0x00, 0xff, 0x80, 0x00, 0x00, 0xff, 0x80, 0x00, 0x00, 0xff,
    0x7d, 0x00, 0x00, 0xff, 0x85, 0x10, 0x10, 0xff, 0x8d, 0x20, 0x20, 0xff,
    0x7f, 0x01, 0x01, 0xff, 0x80, 0x01, 0x01, 0xff, 0x84, 0x0e, 0x0e, 0xff,
    0x9a, 0x35, 0x35, 0xff, 0xe8, 0xd2, 0xd2, 0xff, 0xb8, 0x77, 0x77, 0xff,
    0x7d, 0x00, 0x00, 0xff, 0x80, 0x00, 0x00, 0xff, 0x80, 0x00, 0x00, 0xff,
    0x7f, 0x00, 0x00, 0xff, 0x7f, 0x00, 0x00, 0xff, 0x8e, 0x21, 0x21, 0xff,
    0x85, 0x11, 0x11, 0xff, 0x7c, 0x00, 0x00, 0xff, 0x7d, 0x00, 0x00, 0xff,
    0x7e, 0x01, 0x01, 0xff, 0x84, 0x0d, 0x0d, 0xff, 0x84, 0x0e, 0x0e, 0xff,
    0x8b, 0x21, 0x21, 0xff, 0x85, 0x12, 0x12, 0xff, 0x80, 0x07, 0x07, 0xff,
    0x82, 0x0a, 0x0a, 0xff, 0x89, 0x15, 0x15, 0xff, 0x8c, 0x19, 0x19, 0xff,
    0x99, 0x34, 0x34, 0xff, 0xa0, 0x46, 0x46, 0xff, 0xac, 0x60, 0x60, 0xff,
    0xc1, 0x8a, 0x8a, 0xff, 0xd6, 0xb0, 0xb0, 0xff, 0xd7, 0xb4, 0xb4, 0xff,
    0xc6, 0x90, 0x90, 0xff, 0xa0, 0x41, 0x41, 0xff, 0x92, 0x2a, 0x2a, 0xff,
    0xab, 0x5c, 0x5c, 0xff, 0xc8, 0x93, 0x93, 0xff, 0xd1, 0xb2, 0xb2, 0xff,
    0xc2, 0xab, 0xab, 0xff, 0xac, 0x9c, 0x9c, 0xff, 0x8d, 0x7f, 0x7f, 0xff,
    0x8b, 0x7b, 0x7b, 0xff, 0xad, 0xa7, 0xa7, 0xff, 0xdb, 0xdd, 0xdd, 0xff,
    0xfb, 0xfb, 0xfb, 0xff, 0xff, 0xff, 0xff, 0xff, 0xff, 0xff, 0xff, 0xff,
    0xff, 0xff, 0xff, 0xff, 0xff, 0xff, 0xff, 0xff, 0xff, 0xff, 0xff, 0xff,
    0xff, 0xff, 0xff, 0xff, 0xff, 0xff, 0xff, 0xff, 0xff, 0xff, 0xff, 0xff,
    0xff, 0xff, 0xff, 0xff, 0xff, 0xff, 0xff, 0xff, 0xff, 0xff, 0xff, 0xff,
    0xff, 0xff, 0xff, 0xff, 0xff, 0xff, 0xff, 0xff, 0xff, 0xff, 0xff, 0xff,
    0xff, 0xff, 0xff, 0xff, 0xff, 0xff, 0xff, 0xff, 0xff, 0xff, 0xff, 0xff,
    0xff, 0xff, 0xff, 0xff, 0xff, 0xff, 0xff, 0xff, 0xff, 0xff, 0xff, 0xff,
    0xff, 0xff, 0xff, 0xff, 0xff, 0xff, 0xff, 0xff, 0xff, 0xff, 0xff, 0xff,
    0xff, 0xff, 0xff, 0xff, 0xff, 0xff, 0xff, 0xff, 0xff, 0xff, 0xff, 0xff,
    0xff, 0xff, 0xff, 0xff, 0xff, 0xff, 0xff, 0xff, 0xff, 0xff, 0xff, 0xff,
    0xff, 0xff, 0xff, 0xff, 0xff, 0xff, 0xff, 0xff, 0xff, 0xff, 0xff, 0xff,
    0xff, 0xff, 0xff, 0xff, 0xff, 0xff, 0xff, 0xff, 0xff, 0xff, 0xff, 0xff,
    0xff, 0xff, 0xff, 0xff, 0xff, 0xff, 0xff, 0xff, 0xff, 0xff, 0xff, 0xff,
    0xff, 0xff, 0xff, 0xff, 0xff, 0xff, 0xff, 0xff, 0xff, 0xff, 0xff, 0xff,
    0xff, 0xff, 0xff, 0xff, 0xff, 0xff, 0xff, 0xff, 0xff, 0xff, 0xff, 0xff,
    0xff, 0xff, 0xff, 0xff, 0xff, 0xff, 0xff, 0xff, 0xff, 0xff, 0xff, 0xff,
    0xff, 0xff, 0xff, 0xff, 0xff, 0xff, 0xff, 0xff, 0xff, 0xff, 0xff, 0xff,
    0xff, 0xff, 0xff, 0xff, 0xff, 0xff, 0xff, 0xff, 0xfd, 0xf9, 0xf1, 0xff,
    0xf1, 0xc1, 0x5f, 0xff, 0xe9, 0x9e, 0x00, 0xff, 0xe8, 0x9e, 0x00, 0xff,
    0xea, 0xa3, 0x0f, 0xff, 0xf0, 0xbe, 0x5a, 0xff, 0xf7, 0xde, 0xae, 0xff,
    0xfd, 0xf9, 0xf0, 0xff, 0xff, 0xff, 0xff, 0xff, 0xff, 0xff, 0xff, 0xff,
    0xff, 0xff, 0xff, 0xff, 0xff, 0xff, 0xff, 0xff, 0xff, 0xff, 0xff, 0xff,
    0xff, 0xff, 0xff, 0xff, 0xfe, 0xfc, 0xf9, 0xff, 0xfd, 0xf9, 0xf1, 0xff,
    0xfc, 0xf3, 0xe0, 0xff, 0xfb, 0xee, 0xd4, 0xff, 0xf9, 0xe6, 0xc3, 0xff,
    0xf9, 0xe3, 0xbb, 0xff, 0xf9, 0xe3, 0xbb, 0xff, 0xf9, 0xe4, 0xbd, 0xff,
    0xfa, 0xea, 0xcb, 0xff, 0xfb, 0xee, 0xd4, 0xff, 0xfd, 0xf6, 0xe8, 0xff,
    0xfe, 0xfa, 0xf5, 0xff, 0xfe, 0xfd, 0xfc, 0xff, 0xff, 0xff, 0xff, 0xff,
    0xff, 0xff, 0xff, 0xff, 0xff, 0xff, 0xff, 0xff, 0xff, 0xff, 0xff, 0xff,
    0xff, 0xff, 0xff, 0xff, 0xfe, 0xfd, 0xfb, 0xff, 0xfa, 0xea, 0xcd, 0xff,
    0xf2, 0xc8, 0x75, 0xff, 0xeb, 0xa8, 0x1f, 0xff, 0xe8, 0x9e, 0x00, 0xff,
    0xea, 0xa5, 0x17, 0xff, 0xf7, 0xde, 0xad, 0xff, 0xfe, 0xfe, 0xfe, 0xff,
    0xff, 0xff, 0xff, 0xff, 0xff, 0xff, 0xff, 0xff, 0xff, 0xff, 0xff, 0xff,
    0xff, 0xff, 0xff, 0xff, 0xff, 0xff, 0xff, 0xff, 0xff, 0xff, 0xff, 0xff,
    0xff, 0xff, 0xff, 0xff, 0xff, 0xff, 0xff, 0xff, 0xff, 0xff, 0xff, 0xff,
    0xff, 0xff, 0xff, 0xff, 0xff, 0xff, 0xff, 0xff, 0xff, 0xff, 0xff, 0xff,
    0xff, 0xff, 0xff, 0xff, 0xff, 0xff, 0xff, 0xff, 0xff, 0xff, 0xff, 0xff,
    0xff, 0xff, 0xff, 0xff, 0xff, 0xff, 0xff, 0xff, 0xff, 0xff, 0xff, 0xff,
    0xff, 0xff, 0xff, 0xff, 0xff, 0xff, 0xff, 0xff, 0xff, 0xff, 0xff, 0xff,
    0xff, 0xff, 0xff, 0xff, 0xff, 0xff, 0xff, 0xff, 0xff, 0xff, 0xff, 0xff,
    0xff, 0xff, 0xff, 0xff, 0xff, 0xff, 0xff, 0xff, 0xff, 0xff, 0xff, 0xff,
    0xff, 0xff, 0xff, 0xff, 0xff, 0xff, 0xff, 0xff, 0xff, 0xff, 0xff, 0xff,
    0xff, 0xff, 0xff, 0xff, 0xff, 0xff, 0xff, 0xff, 0xff, 0xff, 0xff, 0xff,
    0xff, 0xff, 0xff, 0xff, 0xff, 0xff, 0xff, 0xff, 0xff, 0xff, 0xff, 0xff,
    0xff, 0xff, 0xff, 0xff, 0xff, 0xff, 0xff, 0xff, 0xff, 0xff, 0xff, 0xff,
    0xff, 0xff, 0xff, 0xff, 0xff, 0xff, 0xff, 0xff, 0xff, 0xff, 0xff, 0xff,
    0xff, 0xff, 0xff, 0xff, 0xff, 0xff, 0xff, 0xff, 0xff, 0xff, 0xff, 0xff,
    0xff, 0xff, 0xff, 0xff, 0xff, 0xff, 0xff, 0xff, 0xff, 0xff, 0xff, 0xff,
    0xff, 0xff, 0xff, 0xff, 0xff, 0xff, 0xff, 0xff, 0xff, 0xff, 0xff, 0xff,
    0xff, 0xff, 0xff, 0xff, 0xff, 0xff, 0xff, 0xff, 0xff, 0xff, 0xff, 0xff,
    0xff, 0xff, 0xff, 0xff, 0xff, 0xff, 0xff, 0xff, 0xff, 0xff, 0xff, 0xff,
    0xff, 0xff, 0xff, 0xff, 0xff, 0xff, 0xff, 0xff, 0xff, 0xff, 0xff, 0xff,
    0xff, 0xff, 0xff, 0xff, 0xff, 0xff, 0xff, 0xff, 0xff, 0xff, 0xff, 0xff,
    0xff, 0xff, 0xff, 0xff, 0xff, 0xff, 0xff, 0xff, 0xff, 0xff, 0xff, 0xff,
    0xff, 0xff, 0xff, 0xff, 0xff, 0xff, 0xff, 0xff, 0xff, 0xff, 0xff, 0xff,
    0xff, 0xff, 0xff, 0xff, 0xff, 0xff, 0xff, 0xff, 0xff, 0xff, 0xff, 0xff,
    0xff, 0xff, 0xff, 0xff, 0xff, 0xff, 0xff, 0xff, 0xff, 0xff, 0xff, 0xff,
    0xff, 0xff, 0xff, 0xff, 0xff, 0xff, 0xff, 0xff, 0xff, 0xff, 0xff, 0xff,
    0xff, 0xff, 0xff, 0xff, 0xff, 0xff, 0xff, 0xff, 0xff, 0xff, 0xff, 0xff,
    0xff, 0xff, 0xff, 0xff, 0xff, 0xff, 0xff, 0xff, 0xff, 0xff, 0xff, 0xff,
    0xff, 0xff, 0xff, 0xff, 0xff, 0xff, 0xff, 0xff, 0xff, 0xff, 0xff, 0xff,
    0xff, 0xff, 0xff, 0xff, 0xff, 0xff, 0xff, 0xff, 0xff, 0xff, 0xff, 0xff,
    0xff, 0xff, 0xff, 0xff, 0xff, 0xff, 0xff, 0xff, 0xff, 0xff, 0xff, 0xff,
    0xff, 0xff, 0xff, 0xff, 0xff, 0xff, 0xff, 0xff, 0xff, 0xff, 0xff, 0xff,
    0xff, 0xff, 0xff, 0xff, 0xff, 0xff, 0xff, 0xff, 0xff, 0xff, 0xff, 0xff,
    0xff, 0xff, 0xff, 0xff, 0xff, 0xff, 0xff, 0xff, 0xff, 0xff, 0xff, 0xff,
    0xff, 0xff, 0xff, 0xff, 0xff, 0xff, 0xff, 0xff, 0xff, 0xff, 0xff, 0xff,
    0xff, 0xff, 0xff, 0xff, 0xff, 0xff, 0xff, 0xff, 0xff, 0xff, 0xff, 0xff,
    0xff, 0xff, 0xff, 0xff, 0xfe, 0xfe, 0xfe, 0xff, 0xf1, 0xf3, 0xf3, 0xff,
    0xd0, 0xd1, 0xd1, 0xff, 0xa1, 0xa2, 0xa2, 0xff, 0x9b, 0x9d, 0x9d, 0xff,
    0xa3, 0xa5, 0xa5, 0xff, 0xb5, 0xb7, 0xb7, 0xff, 0xe0, 0xe1, 0xe1, 0xff,
    0xf9, 0xfb, 0xfb, 0xff, 0xfc, 0xfd, 0xfd, 0xff, 0xfc, 0xfb, 0xfb, 0xff,
    0xf8, 0xf3, 0xf3, 0xff, 0xf3, 0xe9, 0xe9, 0xff, 0xe7, 0xd2, 0xd2, 0xff,
    0xd6, 0xb1, 0xb1, 0xff, 0xb9, 0x7a, 0x7a, 0xff, 0xae, 0x61, 0x61, 0xff,
    0xae, 0x61, 0x61, 0xff, 0x9f, 0x45, 0x45, 0xff, 0x7f, 0x03, 0x03, 0xff,
    0x7f, 0x00, 0x00, 0xff, 0x7f, 0x00, 0x00, 0xff, 0x7e, 0x00, 0x00, 0xff,
    0x8b, 0x1a, 0x1a, 0xff, 0x95, 0x34, 0x34, 0xff, 0x81, 0x05, 0x05, 0xff,
    0x7f, 0x00, 0x00, 0xff, 0x7e, 0x00, 0x00, 0xff, 0x7d, 0x00, 0x00, 0xff,
    0x84, 0x0f, 0x0f, 0xff, 0x88, 0x17, 0x17, 0xff, 0x7c, 0x00, 0x00, 0xff,
    0x7d, 0x00, 0x00, 0xff, 0x8f, 0x25, 0x25, 0xff, 0x94, 0x2f, 0x2f, 0xff,
    0xa2, 0x48, 0x48, 0xff, 0x82, 0x08, 0x08, 0xff, 0x83, 0x0c, 0x0c, 0xff,
    0xc0, 0x87, 0x87, 0xff, 0xea, 0xd7, 0xd7, 0xff, 0xf6, 0xee, 0xee, 0xff,
    0x9a, 0x3c, 0x3c, 0xff, 0x7d, 0x00, 0x00, 0xff, 0x80, 0x00, 0x00, 0xff,
    0x7f, 0x00, 0x00, 0xff, 0x83, 0x09, 0x09, 0xff, 0x8d, 0x20, 0x20, 0xff,
    0x7f, 0x04, 0x04, 0xff, 0x8b, 0x1f, 0x1f, 0xff, 0xa0, 0x47, 0x47, 0xff,
    0xb2, 0x67, 0x67, 0xff, 0xbb, 0x7c, 0x7c, 0xff, 0xd4, 0xad, 0xad, 0xff,
    0xc6, 0x95, 0x95, 0xff, 0xc7, 0x97, 0x97, 0xff, 0xd8, 0xb6, 0xb6, 0xff,
    0xc7, 0x97, 0x97, 0xff, 0xcd, 0xa1, 0xa1, 0xff, 0xe3, 0xca, 0xca, 0xff,
    0xe6, 0xd0, 0xd0, 0xff, 0xe3, 0xca, 0xca, 0xff, 0xf3, 0xea, 0xea, 0xff,
    0xfa, 0xf6, 0xf6, 0xff, 0xfd, 0xfe, 0xfe, 0xff, 0xff, 0xff, 0xff, 0xff,
    0xff, 0xff, 0xff, 0xff, 0xf8, 0xf3, 0xf3, 0xff, 0xe2, 0xc9, 0xc9, 0xff,
    0xde, 0xd0, 0xd0, 0xff, 0xc5, 0xc1, 0xc1, 0xff, 0xab, 0xab, 0xab, 0xff,
    0xa5, 0xa7, 0xa7, 0xff, 0x95, 0x97, 0x97, 0xff, 0xb6, 0xb7, 0xb7, 0xff,
    0xe1, 0xe2, 0xe2, 0xff, 0xf6, 0xf7, 0xf7, 0xff, 0xff, 0xff, 0xff, 0xff,
    0xff, 0xff, 0xff, 0xff, 0xff, 0xff, 0xff, 0xff, 0xff, 0xff, 0xff, 0xff,
    0xff, 0xff, 0xff, 0xff, 0xff, 0xff, 0xff, 0xff, 0xff, 0xff, 0xff, 0xff,
    0xff, 0xff, 0xff, 0xff, 0xff, 0xff, 0xff, 0xff, 0xff, 0xff, 0xff, 0xff,
    0xff, 0xff, 0xff, 0xff, 0xff, 0xff, 0xff, 0xff, 0xff, 0xff, 0xff, 0xff,
    0xff, 0xff, 0xff, 0xff, 0xff, 0xff, 0xff, 0xff, 0xff, 0xff, 0xff, 0xff,
    0xff, 0xff, 0xff, 0xff, 0xff, 0xff, 0xff, 0xff, 0xff, 0xff, 0xff, 0xff,
    0xff, 0xff, 0xff, 0xff, 0xff, 0xff, 0xff, 0xff, 0xff, 0xff, 0xff, 0xff,
    0xff, 0xff, 0xff, 0xff, 0xff, 0xff, 0xff, 0xff, 0xff, 0xff, 0xff, 0xff,
    0xff, 0xff, 0xff, 0xff, 0xff, 0xff, 0xff, 0xff, 0xff, 0xff, 0xff, 0xff,
    0xff, 0xff, 0xff, 0xff, 0xff, 0xff, 0xff, 0xff, 0xff, 0xff, 0xff, 0xff,
    0xff, 0xff, 0xff, 0xff, 0xff, 0xff, 0xff, 0xff, 0xff, 0xff, 0xff, 0xff,
    0xff, 0xff, 0xff, 0xff, 0xff, 0xff, 0xff, 0xff, 0xff, 0xff, 0xff, 0xff,
    0xff, 0xff, 0xff, 0xff, 0xff, 0xff, 0xff, 0xff, 0xff, 0xff, 0xff, 0xff,
    0xff, 0xff, 0xff, 0xff, 0xff, 0xff, 0xff, 0xff, 0xff, 0xff, 0xff, 0xff,
    0xff, 0xff, 0xff, 0xff, 0xff, 0xff, 0xff, 0xff, 0xff, 0xff, 0xff, 0xff,
    0xff, 0xff, 0xff, 0xff, 0xff, 0xff, 0xff, 0xff, 0xff, 0xff, 0xff, 0xff,
    0xff, 0xff, 0xff, 0xff, 0xff, 0xff, 0xff, 0xff, 0xff, 0xff, 0xff, 0xff,
    0xff, 0xff, 0xff, 0xff, 0xff, 0xff, 0xff, 0xff, 0xff, 0xff, 0xff, 0xff,
    0xf7, 0xdf, 0xb0, 0xff, 0xea, 0xa3, 0x12, 0xff, 0xe8, 0x9e, 0x00, 0xff,
    0xe8, 0xa0, 0x00, 0xff, 0xe8, 0x9f, 0x00, 0xff, 0xe8, 0x9e, 0x00, 0xff,
    0xea, 0xa4, 0x12, 0xff, 0xef, 0xb8, 0x49, 0xff, 0xf5, 0xd3, 0x93, 0xff,
    0xfa, 0xed, 0xd2, 0xff, 0xfd, 0xf9, 0xf1, 0xff, 0xff, 0xff, 0xff, 0xff,
    0xff, 0xff, 0xff, 0xff, 0xff, 0xff, 0xff, 0xff, 0xff, 0xff, 0xff, 0xff,
    0xff, 0xff, 0xff, 0xff, 0xff, 0xff, 0xff, 0xff, 0xff, 0xff, 0xff, 0xff,
    0xff, 0xff, 0xff, 0xff, 0xff, 0xff, 0xff, 0xff, 0xff, 0xff, 0xff, 0xff,
    0xff, 0xff, 0xff, 0xff, 0xff, 0xff, 0xff, 0xff, 0xff, 0xff, 0xff, 0xff,
    0xff, 0xff, 0xff, 0xff, 0xff, 0xff, 0xff, 0xff, 0xff, 0xff, 0xff, 0xff,
    0xff, 0xff, 0xff, 0xff, 0xff, 0xff, 0xff, 0xff, 0xfe, 0xfc, 0xf8, 0xff,
    0xfc, 0xf4, 0xe3, 0xff, 0xf8, 0xdf, 0xaf, 0xff, 0xf0, 0xbe, 0x56, 0xff,
    0xeb, 0xa9, 0x23, 0xff, 0xe9, 0x9e, 0x00, 0xff, 0xe8, 0x9f, 0x00, 0xff,
    0xe8, 0xa0, 0x00, 0xff, 0xe8, 0x9e, 0x00, 0xff, 0xed, 0xaf, 0x32, 0xff,
    0xfb, 0xef, 0xd8, 0xff, 0xff, 0xff, 0xff, 0xff, 0xff, 0xff, 0xff, 0xff,
    0xff, 0xff, 0xff, 0xff, 0xff, 0xff, 0xff, 0xff, 0xff, 0xff, 0xff, 0xff,
    0xff, 0xff, 0xff, 0xff, 0xff, 0xff, 0xff, 0xff, 0xff, 0xff, 0xff, 0xff,
    0xff, 0xff, 0xff, 0xff, 0xff, 0xff, 0xff, 0xff, 0xff, 0xff, 0xff, 0xff,
    0xff, 0xff, 0xff, 0xff, 0xff, 0xff, 0xff, 0xff, 0xff, 0xff, 0xff, 0xff,
    0xff, 0xff, 0xff, 0xff, 0xff, 0xff, 0xff, 0xff, 0xff, 0xff, 0xff, 0xff,
    0xff, 0xff, 0xff, 0xff, 0xff, 0xff, 0xff, 0xff, 0xff, 0xff, 0xff, 0xff,
    0xff, 0xff, 0xff, 0xff, 0xff, 0xff, 0xff, 0xff, 0xff, 0xff, 0xff, 0xff,
    0xff, 0xff, 0xff, 0xff, 0xff, 0xff, 0xff, 0xff, 0xff, 0xff, 0xff, 0xff,
    0xff, 0xff, 0xff, 0xff, 0xff, 0xff, 0xff, 0xff, 0xff, 0xff, 0xff, 0xff,
    0xff, 0xff, 0xff, 0xff, 0xff, 0xff, 0xff, 0xff, 0xff, 0xff, 0xff, 0xff,
    0xff, 0xff, 0xff, 0xff, 0xff, 0xff, 0xff, 0xff, 0xff, 0xff, 0xff, 0xff,
    0xff, 0xff, 0xff, 0xff, 0xff, 0xff, 0xff, 0xff, 0xff, 0xff, 0xff, 0xff,
    0xff, 0xff, 0xff, 0xff, 0xff, 0xff, 0xff, 0xff, 0xff, 0xff, 0xff, 0xff,
    0xff, 0xff, 0xff, 0xff, 0xff, 0xff, 0xff, 0xff, 0xff, 0xff, 0xff, 0xff,
    0xff, 0xff, 0xff, 0xff, 0xff, 0xff, 0xff, 0xff, 0xff, 0xff, 0xff, 0xff,
    0xff, 0xff, 0xff, 0xff, 0xff, 0xff, 0xff, 0xff, 0xff, 0xff, 0xff, 0xff,
    0xff, 0xff, 0xff, 0xff, 0xff, 0xff, 0xff, 0xff, 0xff, 0xff, 0xff, 0xff,
    0xff, 0xff, 0xff, 0xff, 0xff, 0xff, 0xff, 0xff, 0xff, 0xff, 0xff, 0xff,
    0xff, 0xff, 0xff, 0xff, 0xff, 0xff, 0xff, 0xff, 0xff, 0xff, 0xff, 0xff,
    0xff, 0xff, 0xff, 0xff, 0xff, 0xff, 0xff, 0xff, 0xff, 0xff, 0xff, 0xff,
    0xff, 0xff, 0xff, 0xff, 0xff, 0xff, 0xff, 0xff, 0xff, 0xff, 0xff, 0xff,
    0xff, 0xff, 0xff, 0xff, 0xff, 0xff, 0xff, 0xff, 0xff, 0xff, 0xff, 0xff,
    0xff, 0xff, 0xff, 0xff, 0xff, 0xff, 0xff, 0xff, 0xff, 0xff, 0xff, 0xff,
    0xff, 0xff, 0xff, 0xff, 0xff, 0xff, 0xff, 0xff, 0xff, 0xff, 0xff, 0xff,
    0xff, 0xff, 0xff, 0xff, 0xff, 0xff, 0xff, 0xff, 0xff, 0xff, 0xff, 0xff,
    0xff, 0xff, 0xff, 0xff, 0xff, 0xff, 0xff, 0xff, 0xff, 0xff, 0xff, 0xff,
    0xff, 0xff, 0xff, 0xff, 0xff, 0xff, 0xff, 0xff, 0xff, 0xff, 0xff, 0xff,
    0xff, 0xff, 0xff, 0xff, 0xff, 0xff, 0xff, 0xff, 0xff, 0xff, 0xff, 0xff,
    0xff, 0xff, 0xff, 0xff, 0xff, 0xff, 0xff, 0xff, 0xff, 0xff, 0xff, 0xff,
    0xff, 0xff, 0xff, 0xff, 0xff, 0xff, 0xff, 0xff, 0xff, 0xff, 0xff, 0xff,
    0xff, 0xff, 0xff, 0xff, 0xff, 0xff, 0xff, 0xff, 0xff, 0xff, 0xff, 0xff,
    0xff, 0xff, 0xff, 0xff, 0xff, 0xff, 0xff, 0xff, 0xff, 0xff, 0xff, 0xff,
    0xff, 0xff, 0xff, 0xff, 0xff, 0xff, 0xff, 0xff, 0xff, 0xff, 0xff, 0xff,
    0xff, 0xff, 0xff, 0xff, 0xff, 0xff, 0xff, 0xff, 0xff, 0xff, 0xff, 0xff,
    0xff, 0xff, 0xff, 0xff, 0xff, 0xff, 0xff, 0xff, 0xff, 0xff, 0xff, 0xff,
    0xff, 0xff, 0xff, 0xff, 0xff, 0xff, 0xff, 0xff, 0xff, 0xff, 0xff, 0xff,
    0xff, 0xff, 0xff, 0xff, 0xff, 0xff, 0xff, 0xff, 0xff, 0xff, 0xff, 0xff,
    0xf0, 0xf0, 0xf0, 0xff, 0xd1, 0xd1, 0xd1, 0xff, 0xb3, 0xb3, 0xb3, 0xff,
    0x9f, 0x9f, 0x9f, 0xff, 0x90, 0x90, 0x90, 0xff, 0xaa, 0xab, 0xab, 0xff,
    0xc7, 0xc7, 0xc7, 0xff, 0xdc, 0xdc, 0xdc, 0xff, 0xe6, 0xe7, 0xe7, 0xff,
    0xf6, 0xf7, 0xf7, 0xff, 0xff, 0xff, 0xff, 0xff, 0xff, 0xff, 0xff, 0xff,
    0xfe, 0xfd, 0xfd, 0xff, 0xf5, 0xeb, 0xeb, 0xff, 0xd2, 0xa7, 0xa7, 0xff,
    0x97, 0x33, 0x33, 0xff, 0x96, 0x32, 0x32, 0xff, 0x92, 0x2d, 0x2d, 0xff,
    0x81, 0x09, 0x09, 0xff, 0x81, 0x07, 0x07, 0xff, 0x84, 0x0f, 0x0f, 0xff,
    0x80, 0x05, 0x05, 0xff, 0x91, 0x29, 0x29, 0xff, 0x8e, 0x20, 0x20, 0xff,
    0xa2, 0x4d, 0x4d, 0xff, 0xc2, 0x8c, 0x8c, 0xff, 0xd5, 0xb1, 0xb1, 0xff,
    0xba, 0x7d, 0x7d, 0xff, 0xab, 0x5e, 0x5e, 0xff, 0xc6, 0x92, 0x92, 0xff,
    0xe6, 0xd0, 0xd0, 0xff, 0xe3, 0xc8, 0xc8, 0xff, 0xd5, 0xae, 0xae, 0xff,
    0xd6, 0xb1, 0xb1, 0xff, 0xef, 0xe2, 0xe2, 0xff, 0xfe, 0xff, 0xff, 0xff,
    0xd5, 0xb0, 0xb0, 0xff, 0x86, 0x16, 0x16, 0xff, 0x7d, 0x00, 0x00, 0xff,
    0x7e, 0x00, 0x00, 0xff, 0x7f, 0x05, 0x05, 0xff, 0x9a, 0x3b, 0x3b, 0xff,
    0xb6, 0x75, 0x75, 0xff, 0xc7, 0x94, 0x94, 0xff, 0xe4, 0xcc, 0xcc, 0xff,
    0xf3, 0xeb, 0xeb, 0xff, 0xfc, 0xfc, 0xfc, 0xff, 0xfc, 0xfc, 0xfc, 0xff,
    0xfc, 0xfd, 0xfd, 0xff, 0xfc, 0xfd, 0xfd, 0xff, 0xfc, 0xfd, 0xfd, 0xff,
    0xfc, 0xfd, 0xfd, 0xff, 0xfc, 0xfd, 0xfd, 0xff, 0xfc, 0xfd, 0xfd, 0xff,
    0xfc, 0xfd, 0xfd, 0xff, 0xfe, 0xff, 0xff, 0xff, 0xff, 0xff, 0xff, 0xff,
    0xff, 0xff, 0xff, 0xff, 0xfc, 0xfc, 0xfc, 0xff, 0xed, 0xee, 0xee, 0xff,
    0xe4, 0xe4, 0xe4, 0xff, 0xd1, 0xd1, 0xd1, 0xff, 0xc0, 0xbe, 0xbe, 0xff,
    0x9b, 0x9b, 0x9b, 0xff, 0x94, 0x94, 0x94, 0xff, 0xac, 0xad, 0xad, 0xff,
    0xc0, 0xc1, 0xc1, 0xff, 0xe2, 0xe2, 0xe2, 0xff, 0xfb, 0xfb, 0xfb, 0xff,
    0xff, 0xff, 0xff, 0xff, 0xff, 0xff, 0xff, 0xff, 0xff, 0xff, 0xff, 0xff,
    0xff, 0xff, 0xff, 0xff, 0xff, 0xff, 0xff, 0xff, 0xff, 0xff, 0xff, 0xff,
    0xff, 0xff, 0xff, 0xff, 0xff, 0xff, 0xff, 0xff, 0xff, 0xff, 0xff, 0xff,
    0xff, 0xff, 0xff, 0xff, 0xff, 0xff, 0xff, 0xff, 0xff, 0xff, 0xff, 0xff,
    0xff, 0xff, 0xff, 0xff, 0xff, 0xff, 0xff, 0xff, 0xff, 0xff, 0xff, 0xff,
    0xff, 0xff, 0xff, 0xff, 0xff, 0xff, 0xff, 0xff, 0xff, 0xff, 0xff, 0xff,
    0xff, 0xff, 0xff, 0xff, 0xff, 0xff, 0xff, 0xff, 0xff, 0xff, 0xff, 0xff,
    0xff, 0xff, 0xff, 0xff, 0xff, 0xff, 0xff, 0xff, 0xff, 0xff, 0xff, 0xff,
    0xff, 0xff, 0xff, 0xff, 0xff, 0xff, 0xff, 0xff, 0xff, 0xff, 0xff, 0xff,
    0xff, 0xff, 0xff, 0xff, 0xff, 0xff, 0xff, 0xff, 0xff, 0xff, 0xff, 0xff,
    0xff, 0xff, 0xff, 0xff, 0xff, 0xff, 0xff, 0xff, 0xff, 0xff, 0xff, 0xff,
    0xff, 0xff, 0xff, 0xff, 0xff, 0xff, 0xff, 0xff, 0xff, 0xff, 0xff, 0xff,
    0xff, 0xff, 0xff, 0xff, 0xff, 0xff, 0xff, 0xff, 0xff, 0xff, 0xff, 0xff,
    0xff, 0xff, 0xff, 0xff, 0xff, 0xff, 0xff, 0xff, 0xff, 0xff, 0xff, 0xff,
    0xff, 0xff, 0xff, 0xff, 0xff, 0xff, 0xff, 0xff, 0xff, 0xff, 0xff, 0xff,
    0xff, 0xff, 0xff, 0xff, 0xff, 0xff, 0xff, 0xff, 0xff, 0xff, 0xff, 0xff,
    0xff, 0xff, 0xff, 0xff, 0xff, 0xff, 0xff, 0xff, 0xff, 0xff, 0xff, 0xff,
    0xff, 0xff, 0xff, 0xff, 0xff, 0xff, 0xff, 0xff, 0xff, 0xff, 0xff, 0xff,
    0xff, 0xff, 0xff, 0xff, 0xff, 0xff, 0xff, 0xff, 0xff, 0xff, 0xff, 0xff,
    0xff, 0xff, 0xff, 0xff, 0xfc, 0xf5, 0xe6, 0xff, 0xf5, 0xd2, 0x91, 0xff,
    0xec, 0xab, 0x23, 0xff, 0xe9, 0x9e, 0x00, 0xff, 0xe8, 0x9e, 0x00, 0xff,
    0xe8, 0x9f, 0x00, 0xff, 0xe8, 0x9f, 0x00, 0xff, 0xe8, 0x9e, 0x00, 0xff,
    0xe9, 0x9f, 0x04, 0xff, 0xeb, 0xa6, 0x18, 0xff, 0xf0, 0xbc, 0x56, 0xff,
    0xf4, 0xd2, 0x8c, 0xff, 0xf9, 0xe4, 0xbe, 0xff, 0xfc, 0xf1, 0xdd, 0xff,
    0xfd, 0xfa, 0xf3, 0xff, 0xfe, 0xfe, 0xfd, 0xff, 0xfe, 0xfe, 0xfe, 0xff,
    0xff, 0xff, 0xff, 0xff, 0xff, 0xff, 0xff, 0xff, 0xff, 0xff, 0xff, 0xff,
    0xff, 0xff, 0xff, 0xff, 0xff, 0xff, 0xff, 0xff, 0xff, 0xff, 0xff, 0xff,
    0xff, 0xff, 0xff, 0xff, 0xfe, 0xfe, 0xfd, 0xff, 0xfe, 0xfd, 0xfa, 0xff,
    0xfd, 0xf6, 0xe9, 0xff, 0xfa, 0xe9, 0xca, 0xff, 0xf7, 0xdd, 0xa9, 0xff,
    0xf2, 0xc6, 0x6d, 0xff, 0xed, 0xaf, 0x33, 0xff, 0xea, 0xa0, 0x08, 0xff,
    0xe8, 0x9e, 0x00, 0xff, 0xe8, 0x9e, 0x00, 0xff, 0xe8, 0x9f, 0x00, 0xff,
    0xe8, 0x9f, 0x00, 0xff, 0xe8, 0x9e, 0x00, 0xff, 0xeb, 0xa5, 0x18, 0xff,
    0xf2, 0xc6, 0x6c, 0xff, 0xfc, 0xf1, 0xdc, 0xff, 0xff, 0xff, 0xff, 0xff,
    0xff, 0xff, 0xff, 0xff, 0xff, 0xff, 0xff, 0xff, 0xff, 0xff, 0xff, 0xff,
    0xff, 0xff, 0xff, 0xff, 0xff, 0xff, 0xff, 0xff, 0xff, 0xff, 0xff, 0xff,
    0xff, 0xff, 0xff, 0xff, 0xff, 0xff, 0xff, 0xff, 0xff, 0xff, 0xff, 0xff,
    0xff, 0xff, 0xff, 0xff, 0xff, 0xff, 0xff, 0xff, 0xff, 0xff, 0xff, 0xff,
    0xff, 0xff, 0xff, 0xff, 0xff, 0xff, 0xff, 0xff, 0xff, 0xff, 0xff, 0xff,
    0xff, 0xff, 0xff, 0xff, 0xff, 0xff, 0xff, 0xff, 0xff, 0xff, 0xff, 0xff,
    0xff, 0xff, 0xff, 0xff, 0xff, 0xff, 0xff, 0xff, 0xff, 0xff, 0xff, 0xff,
    0xff, 0xff, 0xff, 0xff, 0xff, 0xff, 0xff, 0xff, 0xff, 0xff, 0xff, 0xff,
    0xff, 0xff, 0xff, 0xff, 0xff, 0xff, 0xff, 0xff, 0xff, 0xff, 0xff, 0xff,
    0xff, 0xff, 0xff, 0xff, 0xff, 0xff, 0xff, 0xff, 0xff, 0xff, 0xff, 0xff,
    0xff, 0xff, 0xff, 0xff, 0xff, 0xff, 0xff, 0xff, 0xff, 0xff, 0xff, 0xff,
    0xff, 0xff, 0xff, 0xff, 0xff, 0xff, 0xff, 0xff, 0xff, 0xff, 0xff, 0xff,
    0xff, 0xff, 0xff, 0xff, 0xff, 0xff, 0xff, 0xff, 0xff, 0xff, 0xff, 0xff,
    0xff, 0xff, 0xff, 0xff, 0xff, 0xff, 0xff, 0xff, 0xff, 0xff, 0xff, 0xff,
    0xff, 0xff, 0xff, 0xff, 0xff, 0xff, 0xff, 0xff, 0xff, 0xff, 0xff, 0xff,
    0xff, 0xff, 0xff, 0xff, 0xff, 0xff, 0xff, 0xff, 0xff, 0xff, 0xff, 0xff,
    0xff, 0xff, 0xff, 0xff, 0xff, 0xff, 0xff, 0xff, 0xff, 0xff, 0xff, 0xff,
    0xff, 0xff, 0xff, 0xff, 0xff, 0xff, 0xff, 0xff, 0xff, 0xff, 0xff, 0xff,
    0xff, 0xff, 0xff, 0xff, 0xff, 0xff, 0xff, 0xff, 0xff, 0xff, 0xff, 0xff,
    0xff, 0xff, 0xff, 0xff, 0xff, 0xff, 0xff, 0xff, 0xff, 0xff, 0xff, 0xff,
    0xff, 0xff, 0xff, 0xff, 0xff, 0xff, 0xff, 0xff, 0xff, 0xff, 0xff, 0xff,
    0xff, 0xff, 0xff, 0xff, 0xff, 0xff, 0xff, 0xff, 0xff, 0xff, 0xff, 0xff,
    0xff, 0xff, 0xff, 0xff, 0xff, 0xff, 0xff, 0xff, 0xff, 0xff, 0xff, 0xff,
    0xff, 0xff, 0xff, 0xff, 0xff, 0xff, 0xff, 0xff, 0xff, 0xff, 0xff, 0xff,
    0xff, 0xff, 0xff, 0xff, 0xff, 0xff, 0xff, 0xff, 0xff, 0xff, 0xff, 0xff,
    0xff, 0xff, 0xff, 0xff, 0xff, 0xff, 0xff, 0xff, 0xff, 0xff, 0xff, 0xff,
    0xff, 0xff, 0xff, 0xff, 0xff, 0xff, 0xff, 0xff, 0xff, 0xff, 0xff, 0xff,
    0xff, 0xff, 0xff, 0xff, 0xff, 0xff, 0xff, 0xff, 0xff, 0xff, 0xff, 0xff,
    0xff, 0xff, 0xff, 0xff, 0xff, 0xff, 0xff, 0xff, 0xff, 0xff, 0xff, 0xff,
    0xff, 0xff, 0xff, 0xff, 0xff, 0xff, 0xff, 0xff, 0xff, 0xff, 0xff, 0xff,
    0xff, 0xff, 0xff, 0xff, 0xff, 0xff, 0xff, 0xff, 0xff, 0xff, 0xff, 0xff,
    0xff, 0xff, 0xff, 0xff, 0xff, 0xff, 0xff, 0xff, 0xff, 0xff, 0xff, 0xff,
    0xff, 0xff, 0xff, 0xff, 0xff, 0xff, 0xff, 0xff, 0xff, 0xff, 0xff, 0xff,
    0xff, 0xff, 0xff, 0xff, 0xff, 0xff, 0xff, 0xff, 0xff, 0xff, 0xff, 0xff,
    0xff, 0xff, 0xff, 0xff, 0xff, 0xff, 0xff, 0xff, 0xff, 0xff, 0xff, 0xff,
    0xff, 0xff, 0xff, 0xff, 0xff, 0xff, 0xff, 0xff, 0xff, 0xff, 0xff, 0xff,
    0xff, 0xff, 0xff, 0xff, 0xff, 0xff, 0xff, 0xff, 0xff, 0xff, 0xff, 0xff,
    0xff, 0xff, 0xff, 0xff, 0xff, 0xff, 0xff, 0xff, 0xff, 0xff, 0xff, 0xff,
    0xff, 0xff, 0xff, 0xff, 0xf7, 0xf7, 0xf7, 0xff, 0xec, 0xec, 0xec, 0xff,
    0xdc, 0xdc, 0xdc, 0xff, 0xb9, 0xb9, 0xb9, 0xff, 0xa8, 0xa8, 0xa8, 0xff,
    0x9d, 0x9d, 0x9d, 0xff, 0xa1, 0xa1, 0xa1, 0xff, 0x9b, 0x9b, 0x9b, 0xff,
    0xba, 0xba, 0xba, 0xff, 0xd4, 0xd4, 0xd4, 0xff, 0xf0, 0xf1, 0xf1, 0xff,
    0xf8, 0xf8, 0xf8, 0xff, 0xea, 0xda, 0xda, 0xff, 0xcc, 0x9f, 0x9f, 0xff,
    0xc4, 0x91, 0x91, 0xff, 0xc2, 0x8e, 0x8e, 0xff, 0xc4, 0x8b, 0x8b, 0xff,
    0xab, 0x5a, 0x5a, 0xff, 0xa7, 0x53, 0x53, 0xff, 0xcd, 0x9d, 0x9d, 0xff,
    0xea, 0xd7, 0xd7, 0xff, 0xf8, 0xf3, 0xf3, 0xff, 0xfc, 0xfb, 0xfb, 0xff,
    0xfd, 0xfe, 0xfe, 0xff, 0xfc, 0xfb, 0xfb, 0xff, 0xfa, 0xf7, 0xf7, 0xff,
    0xf9, 0xf5, 0xf5, 0xff, 0xfb, 0xfb, 0xfb, 0xff, 0xfc, 0xfd, 0xfd, 0xff,
    0xfd, 0xff, 0xff, 0xff, 0xfd, 0xff, 0xff, 0xff, 0xfb, 0xfc, 0xfc, 0xff,
    0xfb, 0xfb, 0xfb, 0xff, 0xf1, 0xe6, 0xe6, 0xff, 0xcb, 0x9b, 0x9b, 0xff,
    0xae, 0x5e, 0x5e, 0xff, 0xaf, 0x62, 0x62, 0xff, 0xc4, 0x8e, 0x8e, 0xff,
    0xe5, 0xcd, 0xcd, 0xff, 0xf7, 0xf2, 0xf2, 0xff, 0xfd, 0xfd, 0xfd, 0xff,
    0xfd, 0xff, 0xff, 0xff, 0xfd, 0xfd, 0xfd, 0xff, 0xfc, 0xfc, 0xfc, 0xff,
    0xfd, 0xfd, 0xfd, 0xff, 0xfd, 0xfd, 0xfd, 0xff, 0xfd, 0xfd, 0xfd, 0xff,
    0xfd, 0xfd, 0xfd, 0xff, 0xfc, 0xfc, 0xfc, 0xff, 0xfa, 0xfa, 0xfa, 0xff,
    0xf8, 0xf8, 0xf8, 0xff, 0xf5, 0xf5, 0xf5, 0xff, 0xe6, 0xe6, 0xe6, 0xff,
    0xc7, 0xc7, 0xc7, 0xff, 0xaa, 0xaa, 0xaa, 0xff, 0x96, 0x96, 0x96, 0xff,
    0xa4, 0xa4, 0xa4, 0xff, 0xa1, 0xa1, 0xa1, 0xff, 0xad, 0xad, 0xad, 0xff,
    0xca, 0xc9, 0xc9, 0xff, 0xe5, 0xe5, 0xe5, 0xff, 0xf3, 0xf3, 0xf3, 0xff,
    0xfc, 0xfc, 0xfc, 0xff, 0xff, 0xff, 0xff, 0xff, 0xff, 0xff, 0xff, 0xff,
    0xff, 0xff, 0xff, 0xff, 0xff, 0xff, 0xff, 0xff, 0xff, 0xff, 0xff, 0xff,
    0xff, 0xff, 0xff, 0xff, 0xff, 0xff, 0xff, 0xff, 0xff, 0xff, 0xff, 0xff,
    0xff, 0xff, 0xff, 0xff, 0xff, 0xff, 0xff, 0xff, 0xff, 0xff, 0xff, 0xff,
    0xff, 0xff, 0xff, 0xff, 0xff, 0xff, 0xff, 0xff, 0xff, 0xff, 0xff, 0xff,
    0xff, 0xff, 0xff, 0xff, 0xff, 0xff, 0xff, 0xff, 0xff, 0xff, 0xff, 0xff,
    0xff, 0xff, 0xff, 0xff, 0xff, 0xff, 0xff, 0xff, 0xff, 0xff, 0xff, 0xff,
    0xff, 0xff, 0xff, 0xff, 0xff, 0xff, 0xff, 0xff, 0xff, 0xff, 0xff, 0xff,
    0xff, 0xff, 0xff, 0xff, 0xff, 0xff, 0xff, 0xff, 0xff, 0xff, 0xff, 0xff,
    0xff, 0xff, 0xff, 0xff, 0xff, 0xff, 0xff, 0xff, 0xff, 0xff, 0xff, 0xff,
    0xff, 0xff, 0xff, 0xff, 0xff, 0xff, 0xff, 0xff, 0xff, 0xff, 0xff, 0xff,
    0xff, 0xff, 0xff, 0xff, 0xff, 0xff, 0xff, 0xff, 0xff, 0xff, 0xff, 0xff,
    0xff, 0xff, 0xff, 0xff, 0xff, 0xff, 0xff, 0xff, 0xff, 0xff, 0xff, 0xff,
    0xff, 0xff, 0xff, 0xff, 0xff, 0xff, 0xff, 0xff, 0xff, 0xff, 0xff, 0xff,
    0xff, 0xff, 0xff, 0xff, 0xff, 0xff, 0xff, 0xff, 0xff, 0xff, 0xff, 0xff,
    0xff, 0xff, 0xff, 0xff, 0xff, 0xff, 0xff, 0xff, 0xff, 0xff, 0xff, 0xff,
    0xff, 0xff, 0xff, 0xff, 0xff, 0xff, 0xff, 0xff, 0xff, 0xff, 0xff, 0xff,
    0xff, 0xff, 0xff, 0xff, 0xff, 0xff, 0xff, 0xff, 0xff, 0xff, 0xff, 0xff,
    0xff, 0xff, 0xff, 0xff, 0xff, 0xff, 0xff, 0xff, 0xff, 0xff, 0xff, 0xff,
    0xff, 0xff, 0xff, 0xff, 0xff, 0xff, 0xff, 0xff, 0xff, 0xff, 0xff, 0xff,
    0xff, 0xff, 0xff, 0xff, 0xff, 0xff, 0xff, 0xff, 0xff, 0xff, 0xff, 0xff,
    0xfe, 0xfe, 0xfd, 0xff, 0xfb, 0xed, 0xd1, 0xff, 0xf3, 0xcc, 0x7f, 0xff,
    0xec, 0xad, 0x2b, 0xff, 0xe9, 0x9f, 0x03, 0xff, 0xe8, 0x9e, 0x00, 0xff,
    0xe8, 0xa0, 0x00, 0xff, 0xe8, 0xa0, 0x00, 0xff, 0xe8, 0x9f, 0x00, 0xff,
    0xe8, 0x9e, 0x00, 0xff, 0xe9, 0xa0, 0x03, 0xff, 0xeb, 0xa6, 0x18, 0xff,
    0xed, 0xad, 0x2b, 0xff, 0xee, 0xb6, 0x40, 0xff, 0xf0, 0xbf, 0x5e, 0xff,
    0xf3, 0xcb, 0x7e, 0xff, 0xf6, 0xd5, 0x97, 0xff, 0xf6, 0xdb, 0xa5, 0xff,
    0xf7, 0xdb, 0xa6, 0xff, 0xf7, 0xdb, 0xa6, 0xff, 0xf7, 0xdb, 0xa6, 0xff,
    0xf6, 0xd9, 0xa0, 0xff, 0xf4, 0xcf, 0x89, 0xff, 0xf1, 0xc1, 0x65, 0xff,
    0xef, 0xbb, 0x52, 0xff, 0xed, 0xb0, 0x32, 0xff, 0xec, 0xa8, 0x1f, 0xff,
    0xea, 0xa3, 0x0d, 0xff, 0xe8, 0x9e, 0x00, 0xff, 0xe8, 0x9e, 0x00, 0xff,
    0xe8, 0x9f, 0x00, 0xff, 0xe8, 0xa0, 0x00, 0xff, 0xe8, 0x9e, 0x00, 0xff,
    0xe9, 0x9f, 0x00, 0xff, 0xeb, 0xa8, 0x1b, 0xff, 0xf1, 0xc1, 0x63, 0xff,
    0xf9, 0xe5, 0xc0, 0xff, 0xfe, 0xfb, 0xf7, 0xff, 0xff, 0xff, 0xff, 0xff,
    0xff, 0xff, 0xff, 0xff, 0xff, 0xff, 0xff, 0xff, 0xff, 0xff, 0xff, 0xff,
    0xff, 0xff, 0xff, 0xff, 0xff, 0xff, 0xff, 0xff, 0xff, 0xff, 0xff, 0xff,
    0xff, 0xff, 0xff, 0xff, 0xff, 0xff, 0xff, 0xff, 0xff, 0xff, 0xff, 0xff,
    0xff, 0xff, 0xff, 0xff, 0xff, 0xff, 0xff, 0xff, 0xff, 0xff, 0xff, 0xff,
    0xff, 0xff, 0xff, 0xff, 0xff, 0xff, 0xff, 0xff, 0xff, 0xff, 0xff, 0xff,
    0xff, 0xff, 0xff, 0xff, 0xff, 0xff, 0xff, 0xff, 0xff, 0xff, 0xff, 0xff,
    0xff, 0xff, 0xff, 0xff, 0xff, 0xff, 0xff, 0xff, 0xff, 0xff, 0xff, 0xff,
    0xff, 0xff, 0xff, 0xff, 0xff, 0xff, 0xff, 0xff, 0xff, 0xff, 0xff, 0xff,
    0xff, 0xff, 0xff, 0xff, 0xff, 0xff, 0xff, 0xff, 0xff, 0xff, 0xff, 0xff,
    0xff, 0xff, 0xff, 0xff, 0xff, 0xff, 0xff, 0xff, 0xff, 0xff, 0xff, 0xff,
    0xff, 0xff, 0xff, 0xff, 0xff, 0xff, 0xff, 0xff, 0xff, 0xff, 0xff, 0xff,
    0xff, 0xff, 0xff, 0xff, 0xff, 0xff, 0xff, 0xff, 0xff, 0xff, 0xff, 0xff,
    0xff, 0xff, 0xff, 0xff, 0xff, 0xff, 0xff, 0xff, 0xff, 0xff, 0xff, 0xff,
    0xff, 0xff, 0xff, 0xff, 0xff, 0xff, 0xff, 0xff, 0xff, 0xff, 0xff, 0xff,
    0xff, 0xff, 0xff, 0xff, 0xff, 0xff, 0xff, 0xff, 0xff, 0xff, 0xff, 0xff,
    0xff, 0xff, 0xff, 0xff, 0xff, 0xff, 0xff, 0xff, 0xff, 0xff, 0xff, 0xff,
    0xff, 0xff, 0xff, 0xff, 0xff, 0xff, 0xff, 0xff, 0xff, 0xff, 0xff, 0xff,
    0xff, 0xff, 0xff, 0xff, 0xff, 0xff, 0xff, 0xff, 0xff, 0xff, 0xff, 0xff,
    0xff, 0xff, 0xff, 0xff, 0xff, 0xff, 0xff, 0xff, 0xff, 0xff, 0xff, 0xff,
    0xff, 0xff, 0xff, 0xff, 0xff, 0xff, 0xff, 0xff, 0xff, 0xff, 0xff, 0xff,
    0xff, 0xff, 0xff, 0xff, 0xff, 0xff, 0xff, 0xff, 0xff, 0xff, 0xff, 0xff,
    0xff, 0xff, 0xff, 0xff, 0xff, 0xff, 0xff, 0xff, 0xff, 0xff, 0xff, 0xff,
    0xff, 0xff, 0xff, 0xff, 0xff, 0xff, 0xff, 0xff, 0xff, 0xff, 0xff, 0xff,
    0xff, 0xff, 0xff, 0xff, 0xff, 0xff, 0xff, 0xff, 0xff, 0xff, 0xff, 0xff,
    0xff, 0xff, 0xff, 0xff, 0xff, 0xff, 0xff, 0xff, 0xff, 0xff, 0xff, 0xff,
    0xff, 0xff, 0xff, 0xff, 0xff, 0xff, 0xff, 0xff, 0xff, 0xff, 0xff, 0xff,
    0xff, 0xff, 0xff, 0xff, 0xff, 0xff, 0xff, 0xff, 0xff, 0xff, 0xff, 0xff,
    0xff, 0xff, 0xff, 0xff, 0xff, 0xff, 0xff, 0xff, 0xff, 0xff, 0xff, 0xff,
    0xff, 0xff, 0xff, 0xff, 0xff, 0xff, 0xff, 0xff, 0xff, 0xff, 0xff, 0xff,
    0xff, 0xff, 0xff, 0xff, 0xff, 0xff, 0xff, 0xff, 0xff, 0xff, 0xff, 0xff,
    0xff, 0xff, 0xff, 0xff, 0xff, 0xff, 0xff, 0xff, 0xff, 0xff, 0xff, 0xff,
    0xff, 0xff, 0xff, 0xff, 0xff, 0xff, 0xff, 0xff, 0xff, 0xff, 0xff, 0xff,
    0xff, 0xff, 0xff, 0xff, 0xff, 0xff, 0xff, 0xff, 0xff, 0xff, 0xff, 0xff,
    0xff, 0xff, 0xff, 0xff, 0xff, 0xff, 0xff, 0xff, 0xff, 0xff, 0xff, 0xff,
    0xff, 0xff, 0xff, 0xff, 0xff, 0xff, 0xff, 0xff, 0xff, 0xff, 0xff, 0xff,
    0xff, 0xff, 0xff, 0xff, 0xff, 0xff, 0xff, 0xff, 0xff, 0xff, 0xff, 0xff,
    0xff, 0xff, 0xff, 0xff, 0xff, 0xff, 0xff, 0xff, 0xff, 0xff, 0xff, 0xff,
    0xff, 0xff, 0xff, 0xff, 0xff, 0xff, 0xff, 0xff, 0xff, 0xff, 0xff, 0xff,
    0xff, 0xff, 0xff, 0xff, 0xff, 0xff, 0xff, 0xff, 0xff, 0xff, 0xff, 0xff,
    0xff, 0xff, 0xff, 0xff, 0xff, 0xff, 0xff, 0xff, 0xff, 0xff, 0xff, 0xff,
    0xfd, 0xfd, 0xfd, 0xff, 0xf1, 0xf1, 0xf1, 0xff, 0xdd, 0xdd, 0xdd, 0xff,
    0xc9, 0xc9, 0xc9, 0xff, 0xbb, 0xbc, 0xbc, 0xff, 0xa1, 0xa2, 0xa2, 0xff,
    0x9a, 0x9a, 0x9a, 0xff, 0x82, 0x82, 0x82, 0xff, 0xa4, 0xa4, 0xa4, 0xff,
    0xba, 0xbb, 0xbb, 0xff, 0xc1, 0xc1, 0xc1, 0xff, 0xd6, 0xd7, 0xd7, 0xff,
    0xd6, 0xd6, 0xd6, 0xff, 0xd2, 0xcc, 0xcc, 0xff, 0xda, 0xd2, 0xd2, 0xff,
    0xeb, 0xe9, 0xe9, 0xff, 0xf4, 0xf5, 0xf5, 0xff, 0xf7, 0xf7, 0xf7, 0xff,
    0xfb, 0xfb, 0xfb, 0xff, 0xfd, 0xfd, 0xfd, 0xff, 0xfe, 0xfe, 0xfe, 0xff,
    0xff, 0xff, 0xff, 0xff, 0xff, 0xff, 0xff, 0xff, 0xff, 0xff, 0xff, 0xff,
    0xff, 0xff, 0xff, 0xff, 0xff, 0xff, 0xff, 0xff, 0xff, 0xff, 0xff, 0xff,
    0xff, 0xff, 0xff, 0xff, 0xff, 0xff, 0xff, 0xff, 0xff, 0xff, 0xff, 0xff,
    0xff, 0xff, 0xff, 0xff, 0xfd, 0xfb, 0xfb, 0xff, 0xfd, 0xfb, 0xfb, 0xff,
    0xff, 0xff, 0xff, 0xff, 0xff, 0xff, 0xff, 0xff, 0xfc, 0xfc, 0xfc, 0xff,
    0xf9, 0xf9, 0xf9, 0xff, 0xf5, 0xf5, 0xf5, 0xff, 0xf1, 0xf1, 0xf1, 0xff,
    0xe8, 0xe8, 0xe8, 0xff, 0xdb, 0xdb, 0xdb, 0xff, 0xd5, 0xd5, 0xd5, 0xff,
    0xd6, 0xd6, 0xd6, 0xff, 0xcd, 0xcd, 0xcd, 0xff, 0xb9, 0xba, 0xba, 0xff,
    0xb1, 0xb3, 0xb3, 0xff, 0x90, 0x90, 0x90, 0xff, 0x89, 0x89, 0x89, 0xff,
    0xa0, 0xa0, 0xa0, 0xff, 0xab, 0xab, 0xab, 0xff, 0xc7, 0xc7, 0xc7, 0xff,
    0xcc, 0xcc, 0xcc, 0xff, 0xe9, 0xe9, 0xe9, 0xff, 0xf6, 0xf6, 0xf6, 0xff,
    0xff, 0xff, 0xff, 0xff, 0xff, 0xff, 0xff, 0xff, 0xff, 0xff, 0xff, 0xff,
    0xff, 0xff, 0xff, 0xff, 0xff, 0xff, 0xff, 0xff, 0xff, 0xff, 0xff, 0xff,
    0xff, 0xff, 0xff, 0xff, 0xff, 0xff, 0xff, 0xff, 0xff, 0xff, 0xff, 0xff,
    0xff, 0xff, 0xff, 0xff, 0xff, 0xff, 0xff, 0xff, 0xff, 0xff, 0xff, 0xff,
    0xff, 0xff, 0xff, 0xff, 0xff, 0xff, 0xff, 0xff, 0xff, 0xff, 0xff, 0xff,
    0xff, 0xff, 0xff, 0xff, 0xff, 0xff, 0xff, 0xff, 0xff, 0xff, 0xff, 0xff,
    0xff, 0xff, 0xff, 0xff, 0xff, 0xff, 0xff, 0xff, 0xff, 0xff, 0xff, 0xff,
    0xff, 0xff, 0xff, 0xff, 0xff, 0xff, 0xff, 0xff, 0xff, 0xff, 0xff, 0xff,
    0xff, 0xff, 0xff, 0xff, 0xff, 0xff, 0xff, 0xff, 0xff, 0xff, 0xff, 0xff,
    0xff, 0xff, 0xff, 0xff, 0xff, 0xff, 0xff, 0xff, 0xff, 0xff, 0xff, 0xff,
    0xff, 0xff, 0xff, 0xff, 0xff, 0xff, 0xff, 0xff, 0xff, 0xff, 0xff, 0xff,
    0xff, 0xff, 0xff, 0xff, 0xff, 0xff, 0xff, 0xff, 0xff, 0xff, 0xff, 0xff,
    0xff, 0xff, 0xff, 0xff, 0xff, 0xff, 0xff, 0xff, 0xff, 0xff, 0xff, 0xff,
    0xff, 0xff, 0xff, 0xff, 0xff, 0xff, 0xff, 0xff, 0xff, 0xff, 0xff, 0xff,
    0xff, 0xff, 0xff, 0xff, 0xff, 0xff, 0xff, 0xff, 0xff, 0xff, 0xff, 0xff,
    0xff, 0xff, 0xff, 0xff, 0xff, 0xff, 0xff, 0xff, 0xff, 0xff, 0xff, 0xff,
    0xff, 0xff, 0xff, 0xff, 0xff, 0xff, 0xff, 0xff, 0xff, 0xff, 0xff, 0xff,
    0xff, 0xff, 0xff, 0xff, 0xff, 0xff, 0xff, 0xff, 0xff, 0xff, 0xff, 0xff,
    0xff, 0xff, 0xff, 0xff, 0xff, 0xff, 0xff, 0xff, 0xff, 0xff, 0xff, 0xff,
    0xff, 0xff, 0xff, 0xff, 0xff, 0xff, 0xff, 0xff, 0xff, 0xff, 0xff, 0xff,
    0xff, 0xff, 0xff, 0xff, 0xff, 0xff, 0xff, 0xff, 0xff, 0xff, 0xff, 0xff,
    0xff, 0xff, 0xff, 0xff, 0xff, 0xff, 0xff, 0xff, 0xff, 0xff, 0xff, 0xff,
    0xff, 0xff, 0xff, 0xff, 0xff, 0xff, 0xff, 0xff, 0xff, 0xff, 0xff, 0xff,
    0xfe, 0xfe, 0xfd, 0xff, 0xfb, 0xee, 0xd6, 0xff, 0xf4, 0xd0, 0x88, 0xff,
    0xee, 0xb5, 0x40, 0xff, 0xea, 0xa0, 0x07, 0xff, 0xe9, 0x9e, 0x00, 0xff,
    0xe8, 0x9e, 0x00, 0xff, 0xe8, 0x9f, 0x00, 0xff, 0xe8, 0x9f, 0x00, 0xff,
    0xe8, 0x9f, 0x00, 0xff, 0xe8, 0x9e, 0x00, 0xff, 0xe8, 0x9e, 0x00, 0xff,
    0xe8, 0x9e, 0x00, 0xff, 0xe9, 0x9e, 0x00, 0xff, 0xe9, 0x9f, 0x02, 0xff,
    0xe9, 0x9f, 0x04, 0xff, 0xe9, 0x9f, 0x04, 0xff, 0xe9, 0x9f, 0x04, 0xff,
    0xe9, 0x9f, 0x04, 0xff, 0xe9, 0x9f, 0x03, 0xff, 0xe9, 0x9e, 0x01, 0xff,
    0xe8, 0x9e, 0x00, 0xff, 0xe8, 0x9e, 0x00, 0xff, 0xe8, 0x9e, 0x00, 0xff,
    0xe8, 0x9f, 0x00, 0xff, 0xe8, 0x9f, 0x00, 0xff, 0xe8, 0x9f, 0x00, 0xff,
    0xe8, 0x9e, 0x00, 0xff, 0xe8, 0x9e, 0x00, 0xff, 0xe9, 0xa0, 0x06, 0xff,
    0xed, 0xae, 0x31, 0xff, 0xf2, 0xc9, 0x72, 0xff, 0xfa, 0xe8, 0xc7, 0xff,
    0xfe, 0xfb, 0xf7, 0xff, 0xff, 0xff, 0xff, 0xff, 0xff, 0xff, 0xff, 0xff,
    0xff, 0xff, 0xff, 0xff, 0xff, 0xff, 0xff, 0xff, 0xff, 0xff, 0xff, 0xff,
    0xff, 0xff, 0xff, 0xff, 0xff, 0xff, 0xff, 0xff, 0xff, 0xff, 0xff, 0xff,
    0xff, 0xff, 0xff, 0xff, 0xff, 0xff, 0xff, 0xff, 0xff, 0xff, 0xff, 0xff,
    0xff, 0xff, 0xff, 0xff, 0xff, 0xff, 0xff, 0xff, 0xff, 0xff, 0xff, 0xff,
    0xff, 0xff, 0xff, 0xff, 0xff, 0xff, 0xff, 0xff, 0xff, 0xff, 0xff, 0xff,
    0xff, 0xff, 0xff, 0xff, 0xff, 0xff, 0xff, 0xff, 0xff, 0xff, 0xff, 0xff,
    0xff, 0xff, 0xff, 0xff, 0xff, 0xff, 0xff, 0xff, 0xff, 0xff, 0xff, 0xff,
    0xff, 0xff, 0xff, 0xff, 0xff, 0xff, 0xff, 0xff, 0xff, 0xff, 0xff, 0xff,
    0xff, 0xff, 0xff, 0xff, 0xff, 0xff, 0xff, 0xff, 0xff, 0xff, 0xff, 0xff,
    0xff, 0xff, 0xff, 0xff, 0xff, 0xff, 0xff, 0xff, 0xff, 0xff, 0xff, 0xff,
    0xff, 0xff, 0xff, 0xff, 0xff, 0xff, 0xff, 0xff, 0xff, 0xff, 0xff, 0xff,
    0xff, 0xff, 0xff, 0xff, 0xff, 0xff, 0xff, 0xff, 0xff, 0xff, 0xff, 0xff,
    0xff, 0xff, 0xff, 0xff, 0xff, 0xff, 0xff, 0xff, 0xff, 0xff, 0xff, 0xff,
    0xff, 0xff, 0xff, 0xff, 0xff, 0xff, 0xff, 0xff, 0xff, 0xff, 0xff, 0xff,
    0xff, 0xff, 0xff, 0xff, 0xff, 0xff, 0xff, 0xff, 0xff, 0xff, 0xff, 0xff,
    0xff, 0xff, 0xff, 0xff, 0xff, 0xff, 0xff, 0xff, 0xff, 0xff, 0xff, 0xff,
    0xff, 0xff, 0xff, 0xff, 0xff, 0xff, 0xff, 0xff, 0xff, 0xff, 0xff, 0xff,
    0xff, 0xff, 0xff, 0xff, 0xff, 0xff, 0xff, 0xff, 0xff, 0xff, 0xff, 0xff,
    0xff, 0xff, 0xff, 0xff, 0xff, 0xff, 0xff, 0xff, 0xff, 0xff, 0xff, 0xff,
    0xff, 0xff, 0xff, 0xff, 0xff, 0xff, 0xff, 0xff, 0xff, 0xff, 0xff, 0xff,
    0xff, 0xff, 0xff, 0xff, 0xff, 0xff, 0xff, 0xff, 0xff, 0xff, 0xff, 0xff,
    0xff, 0xff, 0xff, 0xff, 0xff, 0xff, 0xff, 0xff, 0xff, 0xff, 0xff, 0xff,
    0xff, 0xff, 0xff, 0xff, 0xff, 0xff, 0xff, 0xff, 0xff, 0xff, 0xff, 0xff,
    0xff, 0xff, 0xff, 0xff, 0xff, 0xff, 0xff, 0xff, 0xff, 0xff, 0xff, 0xff,
    0xff, 0xff, 0xff, 0xff, 0xff, 0xff, 0xff, 0xff, 0xff, 0xff, 0xff, 0xff,
    0xff, 0xff, 0xff, 0xff, 0xff, 0xff, 0xff, 0xff, 0xff, 0xff, 0xff, 0xff,
    0xff, 0xff, 0xff, 0xff, 0xff, 0xff, 0xff, 0xff, 0xff, 0xff, 0xff, 0xff,
    0xff, 0xff, 0xff, 0xff, 0xff, 0xff, 0xff, 0xff, 0xff, 0xff, 0xff, 0xff,
    0xff, 0xff, 0xff, 0xff, 0xff, 0xff, 0xff, 0xff, 0xff, 0xff, 0xff, 0xff,
    0xff, 0xff, 0xff, 0xff, 0xff, 0xff, 0xff, 0xff, 0xff, 0xff, 0xff, 0xff,
    0xff, 0xff, 0xff, 0xff, 0xff, 0xff, 0xff, 0xff, 0xff, 0xff, 0xff, 0xff,
    0xff, 0xff, 0xff, 0xff, 0xff, 0xff, 0xff, 0xff, 0xff, 0xff, 0xff, 0xff,
    0xff, 0xff, 0xff, 0xff, 0xff, 0xff, 0xff, 0xff, 0xff, 0xff, 0xff, 0xff,
    0xff, 0xff, 0xff, 0xff, 0xff, 0xff, 0xff, 0xff, 0xff, 0xff, 0xff, 0xff,
    0xff, 0xff, 0xff, 0xff, 0xff, 0xff, 0xff, 0xff, 0xff, 0xff, 0xff, 0xff,
    0xff, 0xff, 0xff, 0xff, 0xff, 0xff, 0xff, 0xff, 0xff, 0xff, 0xff, 0xff,
    0xff, 0xff, 0xff, 0xff, 0xff, 0xff, 0xff, 0xff, 0xff, 0xff, 0xff, 0xff,
    0xff, 0xff, 0xff, 0xff, 0xff, 0xff, 0xff, 0xff, 0xff, 0xff, 0xff, 0xff,
    0xff, 0xff, 0xff, 0xff, 0xff, 0xff, 0xff, 0xff, 0xff, 0xff, 0xff, 0xff,
    0xff, 0xff, 0xff, 0xff, 0xff, 0xff, 0xff, 0xff, 0xff, 0xff, 0xff, 0xff,
    0xff, 0xff, 0xff, 0xff, 0xff, 0xff, 0xff, 0xff, 0xff, 0xff, 0xff, 0xff,
    0xff, 0xff, 0xff, 0xff, 0xff, 0xff, 0xff, 0xff, 0xff, 0xff, 0xff, 0xff,
    0xfa, 0xfa, 0xfa, 0xff, 0xf5, 0xf5, 0xf5, 0xff, 0xe9, 0xe9, 0xe9, 0xff,
    0xe6, 0xe6, 0xe6, 0xff, 0xd5, 0xd3, 0xd3, 0xff, 0xbb, 0xba, 0xba, 0xff,
    0xb7, 0xb8, 0xb8, 0xff, 0xa5, 0xa5, 0xa5, 0xff, 0x94, 0x95, 0x95, 0xff,
    0x9f, 0x9f, 0x9f, 0xff, 0xb2, 0xb2, 0xb2, 0xff, 0xa0, 0xa0, 0xa0, 0xff,
    0x8a, 0x8a, 0x8a, 0xff, 0x88, 0x88, 0x88, 0xff, 0x93, 0x93, 0x93, 0xff,
    0xa8, 0xa8, 0xa8, 0xff, 0xa7, 0xa7, 0xa7, 0xff, 0xa6, 0xa6, 0xa6, 0xff,
    0xa6, 0xa6, 0xa6, 0xff, 0xa8, 0xa8, 0xa8, 0xff, 0xaf, 0xaf, 0xaf, 0xff,
    0xaf, 0xaf, 0xaf, 0xff, 0xae, 0xae, 0xae, 0xff, 0xaf, 0xaf, 0xaf, 0xff,
    0xad, 0xad, 0xad, 0xff, 0xa7, 0xa7, 0xa7, 0xff, 0xa7, 0xa7, 0xa7, 0xff,
    0xa7, 0xa7, 0xa7, 0xff, 0xaa, 0xaa, 0xaa, 0xff, 0xa1, 0xa1, 0xa1, 0xff,
    0x8b, 0x8b, 0x8b, 0xff, 0x85, 0x85, 0x85, 0xff, 0x93, 0x93, 0x93, 0xff,
    0xaa, 0xaa, 0xaa, 0xff, 0xac, 0xac, 0xac, 0xff, 0x96, 0x96, 0x96, 0xff,
    0x9b, 0x9b, 0x9b, 0xff, 0xb1, 0xb1, 0xb1, 0xff, 0xb9, 0xb9, 0xb9, 0xff,
    0xc2, 0xc3, 0xc3, 0xff, 0xdd, 0xdd, 0xdd, 0xff, 0xe8, 0xe8, 0xe8, 0xff,
    0xf0, 0xf0, 0xf0, 0xff, 0xf8, 0xf8, 0xf8, 0xff, 0xfc, 0xfc, 0xfc, 0xff,
    0xff, 0xff, 0xff, 0xff, 0xff, 0xff, 0xff, 0xff, 0xff, 0xff, 0xff, 0xff,
    0xff, 0xff, 0xff, 0xff, 0xff, 0xff, 0xff, 0xff, 0xff, 0xff, 0xff, 0xff,
    0xff, 0xff, 0xff, 0xff, 0xff, 0xff, 0xff, 0xff, 0xff, 0xff, 0xff, 0xff,
    0xff, 0xff, 0xff, 0xff, 0xff, 0xff, 0xff, 0xff, 0xff, 0xff, 0xff, 0xff,
    0xff, 0xff, 0xff, 0xff, 0xff, 0xff, 0xff, 0xff, 0xff, 0xff, 0xff, 0xff,
    0xff, 0xff, 0xff, 0xff, 0xff, 0xff, 0xff, 0xff, 0xff, 0xff, 0xff, 0xff,
    0xff, 0xff, 0xff, 0xff, 0xff, 0xff, 0xff, 0xff, 0xff, 0xff, 0xff, 0xff,
    0xff, 0xff, 0xff, 0xff, 0xff, 0xff, 0xff, 0xff, 0xff, 0xff, 0xff, 0xff,
    0xff, 0xff, 0xff, 0xff, 0xff, 0xff, 0xff, 0xff, 0xff, 0xff, 0xff, 0xff,
    0xff, 0xff, 0xff, 0xff, 0xff, 0xff, 0xff, 0xff, 0xff, 0xff, 0xff, 0xff,
    0xff, 0xff, 0xff, 0xff, 0xff, 0xff, 0xff, 0xff, 0xff, 0xff, 0xff, 0xff,
    0xff, 0xff, 0xff, 0xff, 0xff, 0xff, 0xff, 0xff, 0xff, 0xff, 0xff, 0xff,
    0xff, 0xff, 0xff, 0xff, 0xff, 0xff, 0xff, 0xff, 0xff, 0xff, 0xff, 0xff,
    0xff, 0xff, 0xff, 0xff, 0xff, 0xff, 0xff, 0xff, 0xff, 0xff, 0xff, 0xff,
    0xff, 0xff, 0xff, 0xff, 0xff, 0xff, 0xff, 0xff, 0xff, 0xff, 0xff, 0xff,
    0xff, 0xff, 0xff, 0xff, 0xff, 0xff, 0xff, 0xff, 0xff, 0xff, 0xff, 0xff,
    0xff, 0xff, 0xff, 0xff, 0xff, 0xff, 0xff, 0xff, 0xff, 0xff, 0xff, 0xff,
    0xff, 0xff, 0xff, 0xff, 0xff, 0xff, 0xff, 0xff, 0xff, 0xff, 0xff, 0xff,
    0xff, 0xff, 0xff, 0xff, 0xff, 0xff, 0xff, 0xff, 0xff, 0xff, 0xff, 0xff,
    0xff, 0xff, 0xff, 0xff, 0xff, 0xff, 0xff, 0xff, 0xff, 0xff, 0xff, 0xff,
    0xff, 0xff, 0xff, 0xff, 0xff, 0xff, 0xff, 0xff, 0xff, 0xff, 0xff, 0xff,
    0xff, 0xff, 0xff, 0xff, 0xff, 0xff, 0xff, 0xff, 0xff, 0xff, 0xff, 0xff,
    0xff, 0xff, 0xff, 0xff, 0xff, 0xff, 0xff, 0xff, 0xff, 0xff, 0xff, 0xff,
    0xff, 0xff, 0xff, 0xff, 0xff, 0xff, 0xff, 0xff, 0xff, 0xff, 0xff, 0xff,
    0xff, 0xff, 0xff, 0xff, 0xff, 0xff, 0xff, 0xff, 0xff, 0xff, 0xff, 0xff,
    0xfe, 0xff, 0xfe, 0xff, 0xfd, 0xf5, 0xe7, 0xff, 0xf9, 0xe4, 0xbb, 0xff,
    0xf2, 0xc6, 0x70, 0xff, 0xed, 0xb0, 0x30, 0xff, 0xeb, 0xa6, 0x18, 0xff,
    0xe9, 0x9f, 0x02, 0xff, 0xe8, 0x9d, 0x00, 0xff, 0xe8, 0x9e, 0x00, 0xff,
    0xe8, 0x9f, 0x00, 0xff, 0xe8, 0xa0, 0x00, 0xff, 0xe8, 0xa0, 0x00, 0xff,
    0xe8, 0xa0, 0x00, 0xff, 0xe8, 0xa0, 0x00, 0xff, 0xe8, 0xa0, 0x00, 0xff,
    0xe8, 0xa0, 0x00, 0xff, 0xe8, 0xa0, 0x00, 0xff, 0xe8, 0xa0, 0x00, 0xff,
    0xe8, 0xa0, 0x00, 0xff, 0xe8, 0xa0, 0x00, 0xff, 0xe8, 0x9f, 0x00, 0xff,
    0xe8, 0x9f, 0x00, 0xff, 0xe8, 0x9e, 0x00, 0xff, 0xe8, 0x9e, 0x00, 0xff,
    0xea, 0xa4, 0x12, 0xff, 0xec, 0xad, 0x2a, 0xff, 0xf0, 0xbd, 0x52, 0xff,
    0xf7, 0xdb, 0xa6, 0xff, 0xfc, 0xf2, 0xdf, 0xff, 0xfe, 0xfc, 0xfa, 0xff,
    0xff, 0xff, 0xff, 0xff, 0xff, 0xff, 0xff, 0xff, 0xff, 0xff, 0xff, 0xff,
    0xff, 0xff, 0xff, 0xff, 0xff, 0xff, 0xff, 0xff, 0xff, 0xff, 0xff, 0xff,
    0xff, 0xff, 0xff, 0xff, 0xff, 0xff, 0xff, 0xff, 0xff, 0xff, 0xff, 0xff,
    0xff, 0xff, 0xff, 0xff, 0xff, 0xff, 0xff, 0xff, 0xff, 0xff, 0xff, 0xff,
    0xff, 0xff, 0xff, 0xff, 0xff, 0xff, 0xff, 0xff, 0xff, 0xff, 0xff, 0xff,
    0xff, 0xff, 0xff, 0xff, 0xff, 0xff, 0xff, 0xff, 0xff, 0xff, 0xff, 0xff,
    0xff, 0xff, 0xff, 0xff, 0xff, 0xff, 0xff, 0xff, 0xff, 0xff, 0xff, 0xff,
    0xff, 0xff, 0xff, 0xff, 0xff, 0xff, 0xff, 0xff, 0xff, 0xff, 0xff, 0xff,
    0xff, 0xff, 0xff, 0xff, 0xff, 0xff, 0xff, 0xff, 0xff, 0xff, 0xff, 0xff,
    0xff, 0xff, 0xff, 0xff, 0xff, 0xff, 0xff, 0xff, 0xff, 0xff, 0xff, 0xff,
    0xff, 0xff, 0xff, 0xff, 0xff, 0xff, 0xff, 0xff, 0xff, 0xff, 0xff, 0xff,
    0xff, 0xff, 0xff, 0xff, 0xff, 0xff, 0xff, 0xff, 0xff, 0xff, 0xff, 0xff,
    0xff, 0xff, 0xff, 0xff, 0xff, 0xff, 0xff, 0xff, 0xff, 0xff, 0xff, 0xff,
    0xff, 0xff, 0xff, 0xff, 0xff, 0xff, 0xff, 0xff, 0xff, 0xff, 0xff, 0xff,
    0xff, 0xff, 0xff, 0xff, 0xff, 0xff, 0xff, 0xff, 0xff, 0xff, 0xff, 0xff,
    0xff, 0xff, 0xff, 0xff, 0xff, 0xff, 0xff, 0xff, 0xff, 0xff, 0xff, 0xff,
    0xff, 0xff, 0xff, 0xff, 0xff, 0xff, 0xff, 0xff, 0xff, 0xff, 0xff, 0xff,
    0xff, 0xff, 0xff, 0xff, 0xff, 0xff, 0xff, 0xff, 0xff, 0xff, 0xff, 0xff,
    0xff, 0xff, 0xff, 0xff, 0xff, 0xff, 0xff, 0xff, 0xff, 0xff, 0xff, 0xff,
    0xff, 0xff, 0xff, 0xff, 0xff, 0xff, 0xff, 0xff, 0xff, 0xff, 0xff, 0xff,
    0xff, 0xff, 0xff, 0xff, 0xff, 0xff, 0xff, 0xff, 0xff, 0xff, 0xff, 0xff,
    0xff, 0xff, 0xff, 0xff, 0xff, 0xff, 0xff, 0xff, 0xff, 0xff, 0xff, 0xff,
    0xff, 0xff, 0xff, 0xff, 0xff, 0xff, 0xff, 0xff, 0xff, 0xff, 0xff, 0xff,
    0xff, 0xff, 0xff, 0xff, 0xff, 0xff, 0xff, 0xff, 0xff, 0xff, 0xff, 0xff,
    0xff, 0xff, 0xff, 0xff, 0xff, 0xff, 0xff, 0xff, 0xff, 0xff, 0xff, 0xff,
    0xff, 0xff, 0xff, 0xff, 0xff, 0xff, 0xff, 0xff, 0xff, 0xff, 0xff, 0xff,
    0xff, 0xff, 0xff, 0xff, 0xff, 0xff, 0xff, 0xff, 0xff, 0xff, 0xff, 0xff,
    0xff, 0xff, 0xff, 0xff, 0xff, 0xff, 0xff, 0xff, 0xff, 0xff, 0xff, 0xff,
    0xff, 0xff, 0xff, 0xff, 0xff, 0xff, 0xff, 0xff, 0xff, 0xff, 0xff, 0xff,
    0xff, 0xff, 0xff, 0xff, 0xff, 0xff, 0xff, 0xff, 0xff, 0xff, 0xff, 0xff,
    0xff, 0xff, 0xff, 0xff, 0xff, 0xff, 0xff, 0xff, 0xff, 0xff, 0xff, 0xff,
    0xff, 0xff, 0xff, 0xff, 0xff, 0xff, 0xff, 0xff, 0xff, 0xff, 0xff, 0xff,
    0xff, 0xff, 0xff, 0xff, 0xff, 0xff, 0xff, 0xff, 0xff, 0xff, 0xff, 0xff,
    0xff, 0xff, 0xff, 0xff, 0xff, 0xff, 0xff, 0xff, 0xff, 0xff, 0xff, 0xff,
    0xff, 0xff, 0xff, 0xff, 0xff, 0xff, 0xff, 0xff, 0xff, 0xff, 0xff, 0xff,
    0xff, 0xff, 0xff, 0xff, 0xff, 0xff, 0xff, 0xff, 0xff, 0xff, 0xff, 0xff,
    0xff, 0xff, 0xff, 0xff, 0xff, 0xff, 0xff, 0xff, 0xff, 0xff, 0xff, 0xff,
    0xff, 0xff, 0xff, 0xff, 0xff, 0xff, 0xff, 0xff, 0xff, 0xff, 0xff, 0xff,
    0xff, 0xff, 0xff, 0xff, 0xff, 0xff, 0xff, 0xff, 0xff, 0xff, 0xff, 0xff,
    0xff, 0xff, 0xff, 0xff, 0xff, 0xff, 0xff, 0xff, 0xff, 0xff, 0xff, 0xff,
    0xff, 0xff, 0xff, 0xff, 0xff, 0xff, 0xff, 0xff, 0xff, 0xff, 0xff, 0xff,
    0xff, 0xff, 0xff, 0xff, 0xff, 0xff, 0xff, 0xff, 0xff, 0xff, 0xff, 0xff,
    0xff, 0xff, 0xff, 0xff, 0xff, 0xff, 0xff, 0xff, 0xff, 0xff, 0xff, 0xff,
    0xff, 0xff, 0xff, 0xff, 0xff, 0xff, 0xff, 0xff, 0xff, 0xff, 0xff, 0xff,
    0xff, 0xff, 0xff, 0xff, 0xff, 0xff, 0xff, 0xff, 0xff, 0xff, 0xff, 0xff,
    0xff, 0xff, 0xff, 0xff, 0xff, 0xff, 0xff, 0xff, 0xfe, 0xfe, 0xfe, 0xff,
    0xf8, 0xf8, 0xf8, 0xff, 0xf4, 0xf4, 0xf4, 0xff, 0xef, 0xef, 0xef, 0xff,
    0xe2, 0xe2, 0xe2, 0xff, 0xd5, 0xd5, 0xd5, 0xff, 0xcf, 0xcf, 0xcf, 0xff,
    0xd2, 0xd2, 0xd2, 0xff, 0xd7, 0xd7, 0xd7, 0xff, 0xcc, 0xcc, 0xcc, 0xff,
    0xc4, 0xc4, 0xc4, 0xff, 0xc4, 0xc4, 0xc4, 0xff, 0xc5, 0xc5, 0xc5, 0xff,
    0xc1, 0xc1, 0xc1, 0xff, 0xb4, 0xb4, 0xb4, 0xff, 0xb4, 0xb4, 0xb4, 0xff,
    0xb8, 0xb8, 0xb8, 0xff, 0xc4, 0xc4, 0xc4, 0xff, 0xc5, 0xc5, 0xc5, 0xff,
    0xc4, 0xc4, 0xc4, 0xff, 0xc7, 0xc7, 0xc7, 0xff, 0xd4, 0xd4, 0xd4, 0xff,
    0xd6, 0xd6, 0xd6, 0xff, 0xd0, 0xd0, 0xd0, 0xff, 0xd0, 0xd0, 0xd0, 0xff,
    0xda, 0xda, 0xda, 0xff, 0xe8, 0xe8, 0xe8, 0xff, 0xf2, 0xf2, 0xf2, 0xff,
    0xf6, 0xf6, 0xf6, 0xff, 0xfb, 0xfb, 0xfb, 0xff, 0xff, 0xff, 0xff, 0xff,
    0xff, 0xff, 0xff, 0xff, 0xff, 0xff, 0xff, 0xff, 0xff, 0xff, 0xff, 0xff,
    0xff, 0xff, 0xff, 0xff, 0xff, 0xff, 0xff, 0xff, 0xff, 0xff, 0xff, 0xff,
    0xff, 0xff, 0xff, 0xff, 0xff, 0xff, 0xff, 0xff, 0xff, 0xff, 0xff, 0xff,
    0xff, 0xff, 0xff, 0xff, 0xff, 0xff, 0xff, 0xff, 0xff, 0xff, 0xff, 0xff,
    0xff, 0xff, 0xff, 0xff, 0xff, 0xff, 0xff, 0xff, 0xff, 0xff, 0xff, 0xff,
    0xff, 0xff, 0xff, 0xff, 0xff, 0xff, 0xff, 0xff, 0xff, 0xff, 0xff, 0xff,
    0xff, 0xff, 0xff, 0xff, 0xff, 0xff, 0xff, 0xff, 0xff, 0xff, 0xff, 0xff,
    0xff, 0xff, 0xff, 0xff, 0xff, 0xff, 0xff, 0xff, 0xff, 0xff, 0xff, 0xff,
    0xff, 0xff, 0xff, 0xff, 0xff, 0xff, 0xff, 0xff, 0xff, 0xff, 0xff, 0xff,
    0xff, 0xff, 0xff, 0xff, 0xff, 0xff, 0xff, 0xff, 0xff, 0xff, 0xff, 0xff,
    0xff, 0xff, 0xff, 0xff, 0xff, 0xff, 0xff, 0xff, 0xff, 0xff, 0xff, 0xff,
    0xff, 0xff, 0xff, 0xff, 0xff, 0xff, 0xff, 0xff, 0xff, 0xff, 0xff, 0xff,
    0xff, 0xff, 0xff, 0xff, 0xff, 0xff, 0xff, 0xff, 0xff, 0xff, 0xff, 0xff,
    0xff, 0xff, 0xff, 0xff, 0xff, 0xff, 0xff, 0xff, 0xff, 0xff, 0xff, 0xff,
    0xff, 0xff, 0xff, 0xff, 0xff, 0xff, 0xff, 0xff, 0xff, 0xff, 0xff, 0xff,
    0xff, 0xff, 0xff, 0xff, 0xff, 0xff, 0xff, 0xff, 0xff, 0xff, 0xff, 0xff,
    0xff, 0xff, 0xff, 0xff, 0xff, 0xff, 0xff, 0xff, 0xff, 0xff, 0xff, 0xff,
    0xff, 0xff, 0xff, 0xff, 0xff, 0xff, 0xff, 0xff, 0xff, 0xff, 0xff, 0xff,
    0xff, 0xff, 0xff, 0xff, 0xff, 0xff, 0xff, 0xff, 0xff, 0xff, 0xff, 0xff,
    0xff, 0xff, 0xff, 0xff, 0xff, 0xff, 0xff, 0xff, 0xff, 0xff, 0xff, 0xff,
    0xff, 0xff, 0xff, 0xff, 0xff, 0xff, 0xff, 0xff, 0xff, 0xff, 0xff, 0xff,
    0xff, 0xff, 0xff, 0xff, 0xff, 0xff, 0xff, 0xff, 0xff, 0xff, 0xff, 0xff,
    0xff, 0xff, 0xff, 0xff, 0xff, 0xff, 0xff, 0xff, 0xff, 0xff, 0xff, 0xff,
    0xff, 0xff, 0xff, 0xff, 0xff, 0xff, 0xff, 0xff, 0xff, 0xff, 0xff, 0xff,
    0xff, 0xff, 0xff, 0xff, 0xff, 0xff, 0xff, 0xff, 0xff, 0xff, 0xff, 0xff,
    0xff, 0xff, 0xff, 0xff, 0xff, 0xff, 0xff, 0xff, 0xff, 0xff, 0xff, 0xff,
    0xff, 0xff, 0xff, 0xff, 0xff, 0xff, 0xff, 0xff, 0xff, 0xff, 0xff, 0xff,
    0xff, 0xff, 0xff, 0xff, 0xff, 0xff, 0xff, 0xff, 0xff, 0xff, 0xff, 0xff,
    0xff, 0xff, 0xff, 0xff, 0xfe, 0xfe, 0xfc, 0xff, 0xfc, 0xf5, 0xe7, 0xff,
    0xf9, 0xe4, 0xbd, 0xff, 0xf5, 0xd3, 0x8f, 0xff, 0xf1, 0xc3, 0x67, 0xff,
    0xee, 0xb4, 0x40, 0xff, 0xea, 0xa5, 0x11, 0xff, 0xea, 0xa1, 0x0a, 0xff,
    0xea, 0xa0, 0x07, 0xff, 0xea, 0xa0, 0x06, 0xff, 0xe9, 0xa0, 0x05, 0xff,
    0xe9, 0xa0, 0x04, 0xff, 0xe9, 0xa0, 0x04, 0xff, 0xe9, 0x9f, 0x04, 0xff,
    0xe9, 0x9f, 0x05, 0xff, 0xea, 0xa0, 0x06, 0xff, 0xea, 0xa1, 0x09, 0xff,
    0xea, 0xa4, 0x11, 0xff, 0xed, 0xb1, 0x37, 0xff, 0xf1, 0xc0, 0x5f, 0xff,
    0xf3, 0xcd, 0x81, 0xff, 0xf8, 0xe0, 0xb4, 0xff, 0xfc, 0xf1, 0xde, 0xff,
    0xfe, 0xfd, 0xfa, 0xff, 0xff, 0xff, 0xff, 0xff, 0xff, 0xff, 0xff, 0xff,
    0xff, 0xff, 0xff, 0xff, 0xff, 0xff, 0xff, 0xff, 0xff, 0xff, 0xff, 0xff,
    0xff, 0xff, 0xff, 0xff, 0xff, 0xff, 0xff, 0xff, 0xff, 0xff, 0xff, 0xff,
    0xff, 0xff, 0xff, 0xff, 0xff, 0xff, 0xff, 0xff, 0xff, 0xff, 0xff, 0xff,
    0xff, 0xff, 0xff, 0xff, 0xff, 0xff, 0xff, 0xff, 0xff, 0xff, 0xff, 0xff,
    0xff, 0xff, 0xff, 0xff, 0xff, 0xff, 0xff, 0xff, 0xff, 0xff, 0xff, 0xff,
    0xff, 0xff, 0xff, 0xff, 0xff, 0xff, 0xff, 0xff, 0xff, 0xff, 0xff, 0xff,
    0xff, 0xff, 0xff, 0xff, 0xff, 0xff, 0xff, 0xff, 0xff, 0xff, 0xff, 0xff,
    0xff, 0xff, 0xff, 0xff, 0xff, 0xff, 0xff, 0xff, 0xff, 0xff, 0xff, 0xff,
    0xff, 0xff, 0xff, 0xff, 0xff, 0xff, 0xff, 0xff, 0xff, 0xff, 0xff, 0xff,
    0xff, 0xff, 0xff, 0xff, 0xff, 0xff, 0xff, 0xff, 0xff, 0xff, 0xff, 0xff,
    0xff, 0xff, 0xff, 0xff, 0xff, 0xff, 0xff, 0xff, 0xff, 0xff, 0xff, 0xff,
    0xff, 0xff, 0xff, 0xff, 0xff, 0xff, 0xff, 0xff, 0xff, 0xff, 0xff, 0xff,
    0xff, 0xff, 0xff, 0xff, 0xff, 0xff, 0xff, 0xff, 0xff, 0xff, 0xff, 0xff,
    0xff, 0xff, 0xff, 0xff, 0xff, 0xff, 0xff, 0xff, 0xff, 0xff, 0xff, 0xff,
    0xff, 0xff, 0xff, 0xff, 0xff, 0xff, 0xff, 0xff, 0xff, 0xff, 0xff, 0xff,
    0xff, 0xff, 0xff, 0xff, 0xff, 0xff, 0xff, 0xff, 0xff, 0xff, 0xff, 0xff,
    0xff, 0xff, 0xff, 0xff, 0xff, 0xff, 0xff, 0xff, 0xff, 0xff, 0xff, 0xff,
    0xff, 0xff, 0xff, 0xff, 0xff, 0xff, 0xff, 0xff, 0xff, 0xff, 0xff, 0xff,
    0xff, 0xff, 0xff, 0xff, 0xff, 0xff, 0xff, 0xff, 0xff, 0xff, 0xff, 0xff,
    0xff, 0xff, 0xff, 0xff, 0xff, 0xff, 0xff, 0xff, 0xff, 0xff, 0xff, 0xff,
    0xff, 0xff, 0xff, 0xff, 0xff, 0xff, 0xff, 0xff, 0xff, 0xff, 0xff, 0xff,
    0xff, 0xff, 0xff, 0xff, 0xff, 0xff, 0xff, 0xff, 0xff, 0xff, 0xff, 0xff,
    0xff, 0xff, 0xff, 0xff, 0xff, 0xff, 0xff, 0xff, 0xff, 0xff, 0xff, 0xff,
    0xff, 0xff, 0xff, 0xff, 0xff, 0xff, 0xff, 0xff, 0xff, 0xff, 0xff, 0xff,
    0xff, 0xff, 0xff, 0xff, 0xff, 0xff, 0xff, 0xff, 0xff, 0xff, 0xff, 0xff,
    0xff, 0xff, 0xff, 0xff, 0xff, 0xff, 0xff, 0xff, 0xff, 0xff, 0xff, 0xff,
    0xff, 0xff, 0xff, 0xff, 0xff, 0xff, 0xff, 0xff, 0xff, 0xff, 0xff, 0xff,
    0xff, 0xff, 0xff, 0xff, 0xff, 0xff, 0xff, 0xff, 0xff, 0xff, 0xff, 0xff,
    0xff, 0xff, 0xff, 0xff, 0xff, 0xff, 0xff, 0xff, 0xff, 0xff, 0xff, 0xff,
    0xff, 0xff, 0xff, 0xff, 0xff, 0xff, 0xff, 0xff, 0xff, 0xff, 0xff, 0xff,
    0xff, 0xff, 0xff, 0xff, 0xff, 0xff, 0xff, 0xff, 0xff, 0xff, 0xff, 0xff,
    0xff, 0xff, 0xff, 0xff, 0xff, 0xff, 0xff, 0xff, 0xff, 0xff, 0xff, 0xff,
    0xff, 0xff, 0xff, 0xff, 0xff, 0xff, 0xff, 0xff, 0xff, 0xff, 0xff, 0xff,
    0xff, 0xff, 0xff, 0xff, 0xff, 0xff, 0xff, 0xff, 0xff, 0xff, 0xff, 0xff,
    0xff, 0xff, 0xff, 0xff, 0xff, 0xff, 0xff, 0xff, 0xff, 0xff, 0xff, 0xff,
    0xff, 0xff, 0xff, 0xff, 0xff, 0xff, 0xff, 0xff, 0xff, 0xff, 0xff, 0xff,
    0xff, 0xff, 0xff, 0xff, 0xff, 0xff, 0xff, 0xff, 0xff, 0xff, 0xff, 0xff,
    0xff, 0xff, 0xff, 0xff, 0xff, 0xff, 0xff, 0xff, 0xff, 0xff, 0xff, 0xff,
    0xff, 0xff, 0xff, 0xff, 0xff, 0xff, 0xff, 0xff, 0xff, 0xff, 0xff, 0xff,
    0xff, 0xff, 0xff, 0xff, 0xff, 0xff, 0xff, 0xff, 0xff, 0xff, 0xff, 0xff,
    0xff, 0xff, 0xff, 0xff, 0xff, 0xff, 0xff, 0xff, 0xff, 0xff, 0xff, 0xff,
    0xff, 0xff, 0xff, 0xff, 0xff, 0xff, 0xff, 0xff, 0xff, 0xff, 0xff, 0xff,
    0xff, 0xff, 0xff, 0xff, 0xff, 0xff, 0xff, 0xff, 0xff, 0xff, 0xff, 0xff,
    0xff, 0xff, 0xff, 0xff, 0xff, 0xff, 0xff, 0xff, 0xff, 0xff, 0xff, 0xff,
    0xff, 0xff, 0xff, 0xff, 0xff, 0xff, 0xff, 0xff, 0xff, 0xff, 0xff, 0xff,
    0xff, 0xff, 0xff, 0xff, 0xff, 0xff, 0xff, 0xff, 0xff, 0xff, 0xff, 0xff,
    0xff, 0xff, 0xff, 0xff, 0xff, 0xff, 0xff, 0xff, 0xff, 0xff, 0xff, 0xff,
    0xff, 0xff, 0xff, 0xff, 0xff, 0xff, 0xff, 0xff, 0xff, 0xff, 0xff, 0xff,
    0xff, 0xff, 0xff, 0xff, 0xff, 0xff, 0xff, 0xff, 0xff, 0xff, 0xff, 0xff,
    0xff, 0xff, 0xff, 0xff, 0xff, 0xff, 0xff, 0xff, 0xff, 0xff, 0xff, 0xff,
    0xff, 0xff, 0xff, 0xff, 0xff, 0xff, 0xff, 0xff, 0xff, 0xff, 0xff, 0xff,
    0xff, 0xff, 0xff, 0xff, 0xff, 0xff, 0xff, 0xff, 0xff, 0xff, 0xff, 0xff,
    0xff, 0xff, 0xff, 0xff, 0xff, 0xff, 0xff, 0xff, 0xff, 0xff, 0xff, 0xff,
    0xff, 0xff, 0xff, 0xff, 0xff, 0xff, 0xff, 0xff, 0xff, 0xff, 0xff, 0xff,
    0xff, 0xff, 0xff, 0xff, 0xff, 0xff, 0xff, 0xff, 0xff, 0xff, 0xff, 0xff,
    0xff, 0xff, 0xff, 0xff, 0xff, 0xff, 0xff, 0xff, 0xff, 0xff, 0xff, 0xff,
    0xff, 0xff, 0xff, 0xff, 0xff, 0xff, 0xff, 0xff, 0xff, 0xff, 0xff, 0xff,
    0xff, 0xff, 0xff, 0xff, 0xff, 0xff, 0xff, 0xff, 0xff, 0xff, 0xff, 0xff,
    0xff, 0xff, 0xff, 0xff, 0xff, 0xff, 0xff, 0xff, 0xff, 0xff, 0xff, 0xff,
    0xff, 0xff, 0xff, 0xff, 0xff, 0xff, 0xff, 0xff, 0xff, 0xff, 0xff, 0xff,
    0xff, 0xff, 0xff, 0xff, 0xff, 0xff, 0xff, 0xff, 0xff, 0xff, 0xff, 0xff,
    0xff, 0xff, 0xff, 0xff, 0xff, 0xff, 0xff, 0xff, 0xff, 0xff, 0xff, 0xff,
    0xff, 0xff, 0xff, 0xff, 0xff, 0xff, 0xff, 0xff, 0xff, 0xff, 0xff, 0xff,
    0xff, 0xff, 0xff, 0xff, 0xff, 0xff, 0xff, 0xff, 0xff, 0xff, 0xff, 0xff,
    0xff, 0xff, 0xff, 0xff, 0xff, 0xff, 0xff, 0xff, 0xff, 0xff, 0xff, 0xff,
    0xff, 0xff, 0xff, 0xff, 0xff, 0xff, 0xff, 0xff, 0xff, 0xff, 0xff, 0xff,
    0xff, 0xff, 0xff, 0xff, 0xff, 0xff, 0xff, 0xff, 0xff, 0xff, 0xff, 0xff,
    0xff, 0xff, 0xff, 0xff, 0xff, 0xff, 0xff, 0xff, 0xff, 0xff, 0xff, 0xff,
    0xff, 0xff, 0xff, 0xff, 0xff, 0xff, 0xff, 0xff, 0xff, 0xff, 0xff, 0xff,
    0xff, 0xff, 0xff, 0xff, 0xff, 0xff, 0xff, 0xff, 0xff, 0xff, 0xff, 0xff,
    0xff, 0xff, 0xff, 0xff, 0xff, 0xff, 0xff, 0xff, 0xff, 0xff, 0xff, 0xff,
    0xff, 0xff, 0xff, 0xff, 0xff, 0xff, 0xff, 0xff, 0xff, 0xff, 0xff, 0xff,
    0xff, 0xff, 0xff, 0xff, 0xff, 0xff, 0xff, 0xff, 0xff, 0xff, 0xff, 0xff,
    0xff, 0xff, 0xff, 0xff, 0xff, 0xff, 0xff, 0xff, 0xff, 0xff, 0xff, 0xff,
    0xff, 0xff, 0xff, 0xff, 0xff, 0xff, 0xff, 0xff, 0xff, 0xff, 0xff, 0xff,
    0xff, 0xff, 0xff, 0xff, 0xff, 0xff, 0xff, 0xff, 0xff, 0xff, 0xff, 0xff,
    0xff, 0xff, 0xff, 0xff, 0xff, 0xff, 0xff, 0xff, 0xff, 0xff, 0xff, 0xff,
    0xff, 0xff, 0xff, 0xff, 0xff, 0xff, 0xff, 0xff, 0xff, 0xff, 0xff, 0xff,
    0xff, 0xff, 0xff, 0xff, 0xff, 0xff, 0xff, 0xff, 0xff, 0xff, 0xff, 0xff,
    0xff, 0xff, 0xff, 0xff, 0xff, 0xff, 0xff, 0xff, 0xff, 0xff, 0xff, 0xff,
    0xff, 0xff, 0xff, 0xff, 0xff, 0xff, 0xff, 0xff, 0xff, 0xff, 0xff, 0xff,
    0xff, 0xff, 0xff, 0xff, 0xff, 0xff, 0xff, 0xff, 0xff, 0xff, 0xff, 0xff,
    0xff, 0xff, 0xff, 0xff, 0xff, 0xff, 0xff, 0xff, 0xff, 0xff, 0xff, 0xff,
    0xff, 0xff, 0xff, 0xff, 0xff, 0xff, 0xff, 0xff, 0xff, 0xff, 0xff, 0xff,
    0xff, 0xff, 0xff, 0xff, 0xff, 0xff, 0xff, 0xff, 0xff, 0xff, 0xff, 0xff,
    0xff, 0xff, 0xff, 0xff, 0xff, 0xff, 0xff, 0xff, 0xff, 0xff, 0xff, 0xff,
    0xfe, 0xfb, 0xf7, 0xff, 0xfd, 0xf6, 0xe9, 0xff, 0xfb, 0xf0, 0xd7, 0xff,
    0xfa, 0xea, 0xc9, 0xff, 0xf8, 0xe2, 0xb6, 0xff, 0xf7, 0xdb, 0xa5, 0xff,
    0xf6, 0xd7, 0x9c, 0xff, 0xf5, 0xd5, 0x96, 0xff, 0xf5, 0xd5, 0x96, 0xff,
    0xf6, 0xd5, 0x98, 0xff, 0xf7, 0xd9, 0xa0, 0xff, 0xf7, 0xde, 0xad, 0xff,
    0xf9, 0xe7, 0xc1, 0xff, 0xfb, 0xef, 0xd6, 0xff, 0xfc, 0xf4, 0xe6, 0xff,
    0xfe, 0xfa, 0xf4, 0xff, 0xfe, 0xfe, 0xff, 0xff, 0xff, 0xff, 0xff, 0xff,
    0xff, 0xff, 0xff, 0xff, 0xff, 0xff, 0xff, 0xff, 0xff, 0xff, 0xff, 0xff,
    0xff, 0xff, 0xff, 0xff, 0xff, 0xff, 0xff, 0xff, 0xff, 0xff, 0xff, 0xff,
    0xff, 0xff, 0xff, 0xff, 0xff, 0xff, 0xff, 0xff, 0xff, 0xff, 0xff, 0xff,
    0xff, 0xff, 0xff, 0xff, 0xff, 0xff, 0xff, 0xff, 0xff, 0xff, 0xff, 0xff,
    0xff, 0xff, 0xff, 0xff, 0xff, 0xff, 0xff, 0xff, 0xff, 0xff, 0xff, 0xff,
    0xff, 0xff, 0xff, 0xff, 0xff, 0xff, 0xff, 0xff, 0xff, 0xff, 0xff, 0xff,
    0xff, 0xff, 0xff, 0xff, 0xff, 0xff, 0xff, 0xff, 0xff, 0xff, 0xff, 0xff,
    0xff, 0xff, 0xff, 0xff, 0xff, 0xff, 0xff, 0xff, 0xff, 0xff, 0xff, 0xff,
    0xff, 0xff, 0xff, 0xff, 0xff, 0xff, 0xff, 0xff, 0xff, 0xff, 0xff, 0xff,
    0xff, 0xff, 0xff, 0xff, 0xff, 0xff, 0xff, 0xff, 0xff, 0xff, 0xff, 0xff,
    0xff, 0xff, 0xff, 0xff, 0xff, 0xff, 0xff, 0xff, 0xff, 0xff, 0xff, 0xff,
    0xff, 0xff, 0xff, 0xff, 0xff, 0xff, 0xff, 0xff, 0xff, 0xff, 0xff, 0xff,
    0xff, 0xff, 0xff, 0xff, 0xff, 0xff, 0xff, 0xff, 0xff, 0xff, 0xff, 0xff,
    0xff, 0xff, 0xff, 0xff, 0xff, 0xff, 0xff, 0xff, 0xff, 0xff, 0xff, 0xff,
    0xff, 0xff, 0xff, 0xff, 0xff, 0xff, 0xff, 0xff, 0xff, 0xff, 0xff, 0xff,
    0xff, 0xff, 0xff, 0xff, 0xff, 0xff, 0xff, 0xff, 0xff, 0xff, 0xff, 0xff,
    0xff, 0xff, 0xff, 0xff, 0xff, 0xff, 0xff, 0xff, 0xff, 0xff, 0xff, 0xff,
    0xff, 0xff, 0xff, 0xff, 0xff, 0xff, 0xff, 0xff, 0xff, 0xff, 0xff, 0xff,
    0xff, 0xff, 0xff, 0xff, 0xff, 0xff, 0xff, 0xff, 0xff, 0xff, 0xff, 0xff,
    0xff, 0xff, 0xff, 0xff, 0xff, 0xff, 0xff, 0xff, 0xff, 0xff, 0xff, 0xff,
    0xff, 0xff, 0xff, 0xff, 0xff, 0xff, 0xff, 0xff, 0xff, 0xff, 0xff, 0xff,
    0xff, 0xff, 0xff, 0xff, 0xff, 0xff, 0xff, 0xff, 0xff, 0xff, 0xff, 0xff,
    0xff, 0xff, 0xff, 0xff, 0xff, 0xff, 0xff, 0xff, 0xff, 0xff, 0xff, 0xff,
    0xff, 0xff, 0xff, 0xff, 0xff, 0xff, 0xff, 0xff, 0xff, 0xff, 0xff, 0xff,
    0xff, 0xff, 0xff, 0xff, 0xff, 0xff, 0xff, 0xff, 0xff, 0xff, 0xff, 0xff,
    0xff, 0xff, 0xff, 0xff, 0xff, 0xff, 0xff, 0xff, 0xff, 0xff, 0xff, 0xff,
    0xff, 0xff, 0xff, 0xff, 0xff, 0xff, 0xff, 0xff, 0xff, 0xff, 0xff, 0xff,
    0xff, 0xff, 0xff, 0xff, 0xff, 0xff, 0xff, 0xff, 0xff, 0xff, 0xff, 0xff,
    0xff, 0xff, 0xff, 0xff, 0xff, 0xff, 0xff, 0xff, 0xff, 0xff, 0xff, 0xff,
    0xff, 0xff, 0xff, 0xff, 0xff, 0xff, 0xff, 0xff, 0xff, 0xff, 0xff, 0xff,
    0xff, 0xff, 0xff, 0xff, 0xff, 0xff, 0xff, 0xff, 0xff, 0xff, 0xff, 0xff,
    0xff, 0xff, 0xff, 0xff, 0xff, 0xff, 0xff, 0xff, 0xff, 0xff, 0xff, 0xff,
    0xff, 0xff, 0xff, 0xff, 0xff, 0xff, 0xff, 0xff, 0xff, 0xff, 0xff, 0xff,
    0xff, 0xff, 0xff, 0xff, 0xff, 0xff, 0xff, 0xff, 0xff, 0xff, 0xff, 0xff,
    0xff, 0xff, 0xff, 0xff, 0xff, 0xff, 0xff, 0xff, 0xff, 0xff, 0xff, 0xff,
    0xff, 0xff, 0xff, 0xff, 0xff, 0xff, 0xff, 0xff, 0xff, 0xff, 0xff, 0xff,
    0xff, 0xff, 0xff, 0xff, 0xff, 0xff, 0xff, 0xff, 0xff, 0xff, 0xff, 0xff,
    0xff, 0xff, 0xff, 0xff, 0xff, 0xff, 0xff, 0xff, 0xff, 0xff, 0xff, 0xff,
    0xff, 0xff, 0xff, 0xff, 0xff, 0xff, 0xff, 0xff, 0xff, 0xff, 0xff, 0xff,
    0xff, 0xff, 0xff, 0xff, 0xff, 0xff, 0xff, 0xff, 0xff, 0xff, 0xff, 0xff,
    0xff, 0xff, 0xff, 0xff, 0xff, 0xff, 0xff, 0xff, 0xff, 0xff, 0xff, 0xff,
    0xff, 0xff, 0xff, 0xff, 0xff, 0xff, 0xff, 0xff, 0xff, 0xff, 0xff, 0xff,
    0xff, 0xff, 0xff, 0xff, 0xff, 0xff, 0xff, 0xff, 0xff, 0xff, 0xff, 0xff,
    0xff, 0xff, 0xff, 0xff, 0xff, 0xff, 0xff, 0xff, 0xff, 0xff, 0xff, 0xff,
    0xff, 0xff, 0xff, 0xff, 0xff, 0xff, 0xff, 0xff, 0xff, 0xff, 0xff, 0xff,
    0xff, 0xff, 0xff, 0xff, 0xff, 0xff, 0xff, 0xff, 0xff, 0xff, 0xff, 0xff,
    0xff, 0xff, 0xff, 0xff, 0xff, 0xff, 0xff, 0xff, 0xff, 0xff, 0xff, 0xff,
    0xff, 0xff, 0xff, 0xff, 0xff, 0xff, 0xff, 0xff, 0xff, 0xff, 0xff, 0xff,
    0xff, 0xff, 0xff, 0xff, 0xff, 0xff, 0xff, 0xff, 0xff, 0xff, 0xff, 0xff,
    0xff, 0xff, 0xff, 0xff, 0xff, 0xff, 0xff, 0xff, 0xff, 0xff, 0xff, 0xff,
    0xff, 0xff, 0xff, 0xff, 0xff, 0xff, 0xff, 0xff, 0xff, 0xff, 0xff, 0xff,
    0xff, 0xff, 0xff, 0xff, 0xff, 0xff, 0xff, 0xff, 0xff, 0xff, 0xff, 0xff,
    0xff, 0xff, 0xff, 0xff, 0xff, 0xff, 0xff, 0xff, 0xff, 0xff, 0xff, 0xff,
    0xff, 0xff, 0xff, 0xff, 0xff, 0xff, 0xff, 0xff, 0xff, 0xff, 0xff, 0xff,
    0xff, 0xff, 0xff, 0xff, 0xff, 0xff, 0xff, 0xff, 0xff, 0xff, 0xff, 0xff,
    0xff, 0xff, 0xff, 0xff, 0xff, 0xff, 0xff, 0xff, 0xff, 0xff, 0xff, 0xff,
    0xff, 0xff, 0xff, 0xff, 0xff, 0xff, 0xff, 0xff, 0xff, 0xff, 0xff, 0xff,
    0xff, 0xff, 0xff, 0xff, 0xff, 0xff, 0xff, 0xff, 0xff, 0xff, 0xff, 0xff,
    0xff, 0xff, 0xff, 0xff, 0xff, 0xff, 0xff, 0xff, 0xff, 0xff, 0xff, 0xff,
    0xff, 0xff, 0xff, 0xff, 0xff, 0xff, 0xff, 0xff, 0xff, 0xff, 0xff, 0xff,
    0xff, 0xff, 0xff, 0xff, 0xff, 0xff, 0xff, 0xff, 0xff, 0xff, 0xff, 0xff,
    0xff, 0xff, 0xff, 0xff, 0xff, 0xff, 0xff, 0xff, 0xff, 0xff, 0xff, 0xff,
    0xff, 0xff, 0xff, 0xff, 0xff, 0xff, 0xff, 0xff, 0xff, 0xff, 0xff, 0xff,
    0xff, 0xff, 0xff, 0xff, 0xff, 0xff, 0xff, 0xff, 0xff, 0xff, 0xff, 0xff,
    0xff, 0xff, 0xff, 0xff, 0xff, 0xff, 0xff, 0xff, 0xff, 0xff, 0xff, 0xff,
    0xff, 0xff, 0xff, 0xff, 0xff, 0xff, 0xff, 0xff, 0xff, 0xff, 0xff, 0xff,
    0xff, 0xff, 0xff, 0xff, 0xff, 0xff, 0xff, 0xff, 0xff, 0xff, 0xff, 0xff,
    0xff, 0xff, 0xff, 0xff, 0xff, 0xff, 0xff, 0xff, 0xff, 0xff, 0xff, 0xff,
    0xff, 0xff, 0xff, 0xff, 0xff, 0xff, 0xff, 0xff, 0xff, 0xff, 0xff, 0xff,
    0xff, 0xff, 0xff, 0xff, 0xff, 0xff, 0xff, 0xff, 0xff, 0xff, 0xff, 0xff,
    0xff, 0xff, 0xff, 0xff, 0xff, 0xff, 0xff, 0xff, 0xff, 0xff, 0xff, 0xff,
    0xff, 0xff, 0xff, 0xff, 0xff, 0xff, 0xff, 0xff, 0xff, 0xff, 0xff, 0xff,
    0xff, 0xff, 0xff, 0xff, 0xff, 0xff, 0xff, 0xff, 0xff, 0xff, 0xff, 0xff,
    0xff, 0xff, 0xff, 0xff, 0xff, 0xff, 0xff, 0xff, 0xff, 0xff, 0xff, 0xff,
    0xff, 0xff, 0xff, 0xff, 0xff, 0xff, 0xff, 0xff, 0xff, 0xff, 0xff, 0xff,
    0xff, 0xff, 0xff, 0xff, 0xff, 0xff, 0xff, 0xff, 0xff, 0xff, 0xff, 0xff,
    0xff, 0xff, 0xff, 0xff, 0xff, 0xff, 0xff, 0xff, 0xff, 0xff, 0xff, 0xff,
    0xff, 0xff, 0xff, 0xff, 0xff, 0xff, 0xff, 0xff, 0xff, 0xff, 0xff, 0xff,
    0xff, 0xff, 0xff, 0xff, 0xff, 0xff, 0xff, 0xff, 0xff, 0xff, 0xff, 0xff,
    0xff, 0xff, 0xff, 0xff, 0xff, 0xff, 0xff, 0xff, 0xff, 0xff, 0xff, 0xff,
    0xff, 0xff, 0xff, 0xff, 0xff, 0xff, 0xff, 0xff, 0xff, 0xff, 0xff, 0xff,
    0xff, 0xff, 0xff, 0xff, 0xff, 0xff, 0xff, 0xff, 0xff, 0xff, 0xff, 0xff,
    0xff, 0xff, 0xff, 0xff, 0xff, 0xff, 0xff, 0xff, 0xff, 0xff, 0xff, 0xff,
    0xff, 0xff, 0xff, 0xff, 0xff, 0xff, 0xff, 0xff, 0xff, 0xff, 0xff, 0xff,
    0xff, 0xff, 0xff, 0xff, 0xff, 0xff, 0xff, 0xff, 0xff, 0xff, 0xff, 0xff,
    0xff, 0xff, 0xff, 0xff, 0xff, 0xff, 0xff, 0xff, 0xff, 0xff, 0xff, 0xff,
    0xff, 0xff, 0xff, 0xff, 0xff, 0xff, 0xff, 0xff, 0xff, 0xff, 0xff, 0xff,
    0xff, 0xff, 0xff, 0xff, 0xff, 0xff, 0xff, 0xff, 0xff, 0xff, 0xff, 0xff,
    0xff, 0xff, 0xff, 0xff, 0xff, 0xff, 0xff, 0xff, 0xff, 0xff, 0xff, 0xff,
    0xff, 0xff, 0xff, 0xff, 0xff, 0xff, 0xff, 0xff, 0xff, 0xff, 0xff, 0xff,
    0xff, 0xff, 0xff, 0xff, 0xff, 0xff, 0xff, 0xff, 0xff, 0xff, 0xff, 0xff,
    0xff, 0xff, 0xff, 0xff, 0xff, 0xff, 0xff, 0xff, 0xff, 0xff, 0xff, 0xff,
    0xff, 0xff, 0xff, 0xff, 0xff, 0xff, 0xff, 0xff, 0xff, 0xff, 0xff, 0xff,
    0xff, 0xff, 0xff, 0xff, 0xff, 0xff, 0xff, 0xff, 0xff, 0xff, 0xff, 0xff,
    0xff, 0xff, 0xff, 0xff, 0xff, 0xff, 0xff, 0xff, 0xff, 0xff, 0xff, 0xff,
    0xff, 0xff, 0xff, 0xff, 0xff, 0xff, 0xff, 0xff, 0xff, 0xff, 0xff, 0xff,
    0xff, 0xff, 0xff, 0xff, 0xff, 0xff, 0xff, 0xff, 0xff, 0xff, 0xff, 0xff,
    0xff, 0xff, 0xff, 0xff, 0xff, 0xff, 0xff, 0xff, 0xff, 0xff, 0xff, 0xff,
    0xff, 0xff, 0xff, 0xff, 0xff, 0xff, 0xff, 0xff, 0xff, 0xff, 0xff, 0xff,
    0xff, 0xff, 0xff, 0xff, 0xff, 0xff, 0xff, 0xff, 0xff, 0xff, 0xff, 0xff,
    0xff, 0xff, 0xff, 0xff, 0xff, 0xff, 0xff, 0xff, 0xff, 0xff, 0xff, 0xff,
    0xff, 0xff, 0xff, 0xff, 0xff, 0xff, 0xff, 0xff, 0xff, 0xff, 0xff, 0xff,
    0xff, 0xff, 0xff, 0xff, 0xff, 0xff, 0xff, 0xff, 0xff, 0xff, 0xff, 0xff,
    0xff, 0xff, 0xff, 0xff, 0xff, 0xff, 0xff, 0xff, 0xff, 0xff, 0xff, 0xff,
    0xff, 0xff, 0xff, 0xff, 0xff, 0xff, 0xff, 0xff, 0xff, 0xff, 0xff, 0xff,
    0xff, 0xff, 0xff, 0xff, 0xff, 0xff, 0xff, 0xff, 0xff, 0xff, 0xff, 0xff,
    0xff, 0xff, 0xff, 0xff, 0xff, 0xff, 0xff, 0xff, 0xff, 0xff, 0xff, 0xff,
    0xff, 0xff, 0xff, 0xff, 0xff, 0xff, 0xff, 0xff, 0xff, 0xff, 0xff, 0xff,
    0xff, 0xff, 0xff, 0xff, 0xff, 0xff, 0xff, 0xff, 0xff, 0xff, 0xff, 0xff,
    0xff, 0xff, 0xff, 0xff, 0xff, 0xff, 0xff, 0xff, 0xff, 0xff, 0xff, 0xff,
    0xff, 0xff, 0xff, 0xff, 0xff, 0xff, 0xff, 0xff, 0xff, 0xff, 0xff, 0xff,
    0xff, 0xff, 0xff, 0xff, 0xff, 0xff, 0xff, 0xff, 0xff, 0xff, 0xff, 0xff,
    0xff, 0xff, 0xff, 0xff, 0xff, 0xff, 0xff, 0xff, 0xff, 0xff, 0xff, 0xff,
    0xff, 0xff, 0xff, 0xff, 0xff, 0xff, 0xff, 0xff, 0xff, 0xff, 0xff, 0xff,
    0xff, 0xff, 0xff, 0xff, 0xff, 0xff, 0xff, 0xff, 0xff, 0xff, 0xff, 0xff,
    0xff, 0xff, 0xff, 0xff, 0xff, 0xff, 0xff, 0xff, 0xff, 0xff, 0xff, 0xff,
    0xff, 0xff, 0xff, 0xff, 0xff, 0xff, 0xff, 0xff, 0xff, 0xff, 0xff, 0xff,
    0xff, 0xff, 0xff, 0xff, 0xff, 0xff, 0xff, 0xff, 0xff, 0xff, 0xff, 0xff,
    0xff, 0xff, 0xff, 0xff, 0xff, 0xff, 0xff, 0xff, 0xff, 0xff, 0xff, 0xff,
    0xff, 0xff, 0xff, 0xff, 0xff, 0xff, 0xff, 0xff, 0xff, 0xff, 0xff, 0xff,
    0xff, 0xff, 0xff, 0xff, 0xff, 0xff, 0xff, 0xff, 0xff, 0xff, 0xff, 0xff,
    0xff, 0xff, 0xff, 0xff, 0xff, 0xff, 0xff, 0xff, 0xff, 0xff, 0xff, 0xff,
    0xff, 0xff, 0xff, 0xff, 0xff, 0xff, 0xff, 0xff, 0xff, 0xff, 0xff, 0xff,
    0xff, 0xff, 0xff, 0xff, 0xff, 0xff, 0xff, 0xff, 0xff, 0xff, 0xff, 0xff,
    0xff, 0xff, 0xff, 0xff, 0xff, 0xff, 0xff, 0xff, 0xff, 0xff, 0xff, 0xff,
    0xff, 0xff, 0xff, 0xff, 0xff, 0xff, 0xff, 0xff, 0xff, 0xff, 0xff, 0xff,
    0xff, 0xff, 0xff, 0xff, 0xff, 0xff, 0xff, 0xff, 0xff, 0xff, 0xff, 0xff,
    0xff, 0xff, 0xff, 0xff, 0xff, 0xff, 0xff, 0xff, 0xff, 0xff, 0xff, 0xff,
    0xff, 0xff, 0xff, 0xff, 0xff, 0xff, 0xff, 0xff, 0xff, 0xff, 0xff, 0xff,
    0xff, 0xff, 0xff, 0xff, 0xff, 0xff, 0xff, 0xff, 0xff, 0xff, 0xff, 0xff,
    0xff, 0xff, 0xff, 0xff, 0xff, 0xff, 0xff, 0xff, 0xff, 0xff, 0xff, 0xff,
    0xff, 0xff, 0xff, 0xff, 0xff, 0xff, 0xff, 0xff, 0xff, 0xff, 0xff, 0xff,
    0xff, 0xff, 0xff, 0xff, 0xff, 0xff, 0xff, 0xff, 0xff, 0xff, 0xff, 0xff,
    0xff, 0xff, 0xff, 0xff, 0xff, 0xff, 0xff, 0xff, 0xff, 0xff, 0xff, 0xff,
    0xff, 0xff, 0xff, 0xff, 0xff, 0xff, 0xff, 0xff, 0xff, 0xff, 0xff, 0xff,
    0xff, 0xff, 0xff, 0xff, 0xff, 0xff, 0xff, 0xff, 0xff, 0xff, 0xff, 0xff,
    0xff, 0xff, 0xff, 0xff, 0xff, 0xff, 0xff, 0xff, 0xff, 0xff, 0xff, 0xff,
    0xff, 0xff, 0xff, 0xff, 0xff, 0xff, 0xff, 0xff, 0xff, 0xff, 0xff, 0xff,
    0xff, 0xff, 0xff, 0xff, 0xff, 0xff, 0xff, 0xff, 0xff, 0xff, 0xff, 0xff,
    0xff, 0xff, 0xff, 0xff, 0xff, 0xff, 0xff, 0xff, 0xff, 0xff, 0xff, 0xff,
    0xff, 0xff, 0xff, 0xff, 0xff, 0xff, 0xff, 0xff, 0xff, 0xff, 0xff, 0xff,
    0xff, 0xff, 0xff, 0xff, 0xff, 0xff, 0xff, 0xff, 0xff, 0xff, 0xff, 0xff,
    0xff, 0xff, 0xff, 0xff, 0xff, 0xff, 0xff, 0xff, 0xff, 0xff, 0xff, 0xff,
    0xff, 0xff, 0xff, 0xff, 0xff, 0xff, 0xff, 0xff, 0xff, 0xff, 0xff, 0xff,
    0xff, 0xff, 0xff, 0xff, 0xff, 0xff, 0xff, 0xff, 0xff, 0xff, 0xff, 0xff,
    0xff, 0xff, 0xff, 0xff, 0xff, 0xff, 0xff, 0xff, 0xff, 0xff, 0xff, 0xff,
    0xff, 0xff, 0xff, 0xff, 0xff, 0xff, 0xff, 0xff, 0xff, 0xff, 0xff, 0xff,
    0xff, 0xff, 0xff, 0xff, 0xff, 0xff, 0xff, 0xff, 0xff, 0xff, 0xff, 0xff,
    0xff, 0xff, 0xff, 0xff, 0xff, 0xff, 0xff, 0xff, 0xff, 0xff, 0xff, 0xff,
    0xff, 0xff, 0xff, 0xff, 0xff, 0xff, 0xff, 0xff, 0xff, 0xff, 0xff, 0xff,
    0xff, 0xff, 0xff, 0xff, 0xff, 0xff, 0xff, 0xff, 0xff, 0xff, 0xff, 0xff,
    0xff, 0xff, 0xff, 0xff, 0xff, 0xff, 0xff, 0xff, 0xff, 0xff, 0xff, 0xff,
    0xff, 0xff, 0xff, 0xff, 0xff, 0xff, 0xff, 0xff, 0xff, 0xff, 0xff, 0xff,
    0xff, 0xff, 0xff, 0xff, 0xff, 0xff, 0xff, 0xff, 0xff, 0xff, 0xff, 0xff,
    0xff, 0xff, 0xff, 0xff, 0xff, 0xff, 0xff, 0xff, 0xff, 0xff, 0xff, 0xff,
    0xff, 0xff, 0xff, 0xff, 0xff, 0xff, 0xff, 0xff, 0xff, 0xff, 0xff, 0xff,
    0xff, 0xff, 0xff, 0xff, 0xff, 0xff, 0xff, 0xff, 0xff, 0xff, 0xff, 0xff,
    0xff, 0xff, 0xff, 0xff, 0xff, 0xff, 0xff, 0xff, 0xff, 0xff, 0xff, 0xff,
    0xff, 0xff, 0xff, 0xff, 0xff, 0xff, 0xff, 0xff, 0xff, 0xff, 0xff, 0xff,
    0xff, 0xff, 0xff, 0xff, 0xff, 0xff, 0xff, 0xff, 0xff, 0xff, 0xff, 0xff,
    0xff, 0xff, 0xff, 0xff, 0xff, 0xff, 0xff, 0xff, 0xff, 0xff, 0xff, 0xff,
    0xff, 0xff, 0xff, 0xff, 0xff, 0xff, 0xff, 0xff, 0xff, 0xff, 0xff, 0xff,
    0xff, 0xff, 0xff, 0xff, 0xff, 0xff, 0xff, 0xff, 0xff, 0xff, 0xff, 0xff,
    0xff, 0xff, 0xff, 0xff, 0xff, 0xff, 0xff, 0xff, 0xff, 0xff, 0xff, 0xff,
    0xff, 0xff, 0xff, 0xff, 0xff, 0xff, 0xff, 0xff, 0xff, 0xff, 0xff, 0xff,
    0xff, 0xff, 0xff, 0xff, 0xff, 0xff, 0xff, 0xff, 0xff, 0xff, 0xff, 0xff,
    0xff, 0xff, 0xff, 0xff, 0xff, 0xff, 0xff, 0xff, 0xff, 0xff, 0xff, 0xff,
    0xff, 0xff, 0xff, 0xff, 0xff, 0xff, 0xff, 0xff, 0xff, 0xff, 0xff, 0xff,
    0xff, 0xff, 0xff, 0xff, 0xff, 0xff, 0xff, 0xff, 0xff, 0xff, 0xff, 0xff,
    0xff, 0xff, 0xff, 0xff, 0xff, 0xff, 0xff, 0xff, 0xff, 0xff, 0xff, 0xff,
    0xff, 0xff, 0xff, 0xff, 0xff, 0xff, 0xff, 0xff, 0xff, 0xff, 0xff, 0xff,
    0xff, 0xff, 0xff, 0xff, 0xff, 0xff, 0xff, 0xff, 0xff, 0xff, 0xff, 0xff,
    0xff, 0xff, 0xff, 0xff, 0xff, 0xff, 0xff, 0xff, 0xff, 0xff, 0xff, 0xff,
    0xff, 0xff, 0xff, 0xff, 0xff, 0xff, 0xff, 0xff, 0xff, 0xff, 0xff, 0xff,
    0xff, 0xff, 0xff, 0xff, 0xff, 0xff, 0xff, 0xff, 0xff, 0xff, 0xff, 0xff,
    0xff, 0xff, 0xff, 0xff, 0xff, 0xff, 0xff, 0xff, 0xff, 0xff, 0xff, 0xff,
    0xff, 0xff, 0xff, 0xff, 0xff, 0xff, 0xff, 0xff, 0xff, 0xff, 0xff, 0xff,
    0xff, 0xff, 0xff, 0xff, 0xff, 0xff, 0xff, 0xff, 0xff, 0xff, 0xff, 0xff,
    0xff, 0xff, 0xff, 0xff, 0xff, 0xff, 0xff, 0xff, 0xff, 0xff, 0xff, 0xff,
    0xff, 0xff, 0xff, 0xff, 0xff, 0xff, 0xff, 0xff, 0xff, 0xff, 0xff, 0xff,
    0xff, 0xff, 0xff, 0xff, 0xff, 0xff, 0xff, 0xff, 0xff, 0xff, 0xff, 0xff,
    0xff, 0xff, 0xff, 0xff, 0xff, 0xff, 0xff, 0xff, 0xff, 0xff, 0xff, 0xff,
    0xff, 0xff, 0xff, 0xff, 0xff, 0xff, 0xff, 0xff, 0xff, 0xff, 0xff, 0xff,
    0xff, 0xff, 0xff, 0xff, 0xff, 0xff, 0xff, 0xff, 0xff, 0xff, 0xff, 0xff,
    0xff, 0xff, 0xff, 0xff, 0xff, 0xff, 0xff, 0xff, 0xff, 0xff, 0xff, 0xff,
    0xff, 0xff, 0xff, 0xff, 0xff, 0xff, 0xff, 0xff, 0xff, 0xff, 0xff, 0xff,
    0xff, 0xff, 0xff, 0xff, 0xff, 0xff, 0xff, 0xff, 0xff, 0xff, 0xff, 0xff,
    0xff, 0xff, 0xff, 0xff, 0xff, 0xff, 0xff, 0xff, 0xff, 0xff, 0xff, 0xff,
    0xff, 0xff, 0xff, 0xff, 0xff, 0xff, 0xff, 0xff, 0xff, 0xff, 0xff, 0xff,
    0xff, 0xff, 0xff, 0xff, 0xff, 0xff, 0xff, 0xff, 0xff, 0xff, 0xff, 0xff,
    0xff, 0xff, 0xff, 0xff, 0xff, 0xff, 0xff, 0xff, 0xff, 0xff, 0xff, 0xff,
    0xff, 0xff, 0xff, 0xff, 0xff, 0xff, 0xff, 0xff, 0xff, 0xff, 0xff, 0xff,
    0xff, 0xff, 0xff, 0xff, 0xff, 0xff, 0xff, 0xff, 0xff, 0xff, 0xff, 0xff,
    0xff, 0xff, 0xff, 0xff, 0xff, 0xff, 0xff, 0xff, 0xff, 0xff, 0xff, 0xff,
    0xff, 0xff, 0xff, 0xff, 0xff, 0xff, 0xff, 0xff, 0xff, 0xff, 0xff, 0xff,
    0xff, 0xff, 0xff, 0xff, 0xff, 0xff, 0xff, 0xff, 0xff, 0xff, 0xff, 0xff,
    0xff, 0xff, 0xff, 0xff, 0xff, 0xff, 0xff, 0xff, 0xff, 0xff, 0xff, 0xff,
    0xff, 0xff, 0xff, 0xff, 0xff, 0xff, 0xff, 0xff, 0xff, 0xff, 0xff, 0xff,
    0xff, 0xff, 0xff, 0xff, 0xff, 0xff, 0xff, 0xff, 0xff, 0xff, 0xff, 0xff,
    0xff, 0xff, 0xff, 0xff, 0xff, 0xff, 0xff, 0xff, 0xff, 0xff, 0xff, 0xff,
    0xff, 0xff, 0xff, 0xff, 0xff, 0xff, 0xff, 0xff, 0xff, 0xff, 0xff, 0xff,
    0xff, 0xff, 0xff, 0xff, 0xff, 0xff, 0xff, 0xff, 0xff, 0xff, 0xff, 0xff,
    0xff, 0xff, 0xff, 0xff, 0xff, 0xff, 0xff, 0xff, 0xff, 0xff, 0xff, 0xff,
    0xff, 0xff, 0xff, 0xff, 0xff, 0xff, 0xff, 0xff, 0xff, 0xff, 0xff, 0xff,
    0xff, 0xff, 0xff, 0xff, 0xff, 0xff, 0xff, 0xff, 0xff, 0xff, 0xff, 0xff,
    0xff, 0xff, 0xff, 0xff, 0xff, 0xff, 0xff, 0xff, 0xff, 0xff, 0xff, 0xff,
    0xff, 0xff, 0xff, 0xff, 0xff, 0xff, 0xff, 0xff, 0xff, 0xff, 0xff, 0xff,
    0xff, 0xff, 0xff, 0xff, 0xff, 0xff, 0xff, 0xff, 0xff, 0xff, 0xff, 0xff,
    0xff, 0xff, 0xff, 0xff, 0xff, 0xff, 0xff, 0xff, 0xff, 0xff, 0xff, 0xff,
    0xff, 0xff, 0xff, 0xff, 0xff, 0xff, 0xff, 0xff, 0xff, 0xff, 0xff, 0xff,
    0xff, 0xff, 0xff, 0xff, 0xff, 0xff, 0xff, 0xff, 0xff, 0xff, 0xff, 0xff,
    0xff, 0xff, 0xff, 0xff, 0xff, 0xff, 0xff, 0xff, 0xff, 0xff, 0xff, 0xff,
    0xff, 0xff, 0xff, 0xff, 0xff, 0xff, 0xff, 0xff, 0xff, 0xff, 0xff, 0xff,
    0xff, 0xff, 0xff, 0xff, 0xff, 0xff, 0xff, 0xff, 0xff, 0xff, 0xff, 0xff,
    0xff, 0xff, 0xff, 0xff, 0xff, 0xff, 0xff, 0xff, 0xff, 0xff, 0xff, 0xff,
    0xff, 0xff, 0xff, 0xff, 0xff, 0xff, 0xff, 0xff, 0xff, 0xff, 0xff, 0xff,
    0xff, 0xff, 0xff, 0xff, 0xff, 0xff, 0xff, 0xff, 0xff, 0xff, 0xff, 0xff,
    0xff, 0xff, 0xff, 0xff, 0xff, 0xff, 0xff, 0xff, 0xff, 0xff, 0xff, 0xff,
    0xff, 0xff, 0xff, 0xff, 0xff, 0xff, 0xff, 0xff, 0xff, 0xff, 0xff, 0xff,
    0xff, 0xff, 0xff, 0xff, 0xff, 0xff, 0xff, 0xff, 0xff, 0xff, 0xff, 0xff,
    0xff, 0xff, 0xff, 0xff, 0xff, 0xff, 0xff, 0xff, 0xff, 0xff, 0xff, 0xff,
    0xff, 0xff, 0xff, 0xff, 0xff, 0xff, 0xff, 0xff, 0xff, 0xff, 0xff, 0xff,
    0xff, 0xff, 0xff, 0xff, 0xff, 0xff, 0xff, 0xff, 0xff, 0xff, 0xff, 0xff,
    0xff, 0xff, 0xff, 0xff, 0xff, 0xff, 0xff, 0xff, 0xff, 0xff, 0xff, 0xff,
    0xff, 0xff, 0xff, 0xff, 0xff, 0xff, 0xff, 0xff, 0xff, 0xff, 0xff, 0xff,
    0xff, 0xff, 0xff, 0xff, 0xff, 0xff, 0xff, 0xff, 0xff, 0xff, 0xff, 0xff,
    0xff, 0xff, 0xff, 0xff, 0xff, 0xff, 0xff, 0xff, 0xff, 0xff, 0xff, 0xff,
    0xff, 0xff, 0xff, 0xff, 0xff, 0xff, 0xff, 0xff, 0xff, 0xff, 0xff, 0xff,
    0xff, 0xff, 0xff, 0xff, 0xff, 0xff, 0xff, 0xff, 0xff, 0xff, 0xff, 0xff,
    0xff, 0xff, 0xff, 0xff, 0xff, 0xff, 0xff, 0xff, 0xff, 0xff, 0xff, 0xff,
    0xff, 0xff, 0xff, 0xff, 0xff, 0xff, 0xff, 0xff, 0xff, 0xff, 0xff, 0xff,
    0xff, 0xff, 0xff, 0xff, 0xff, 0xff, 0xff, 0xff, 0xff, 0xff, 0xff, 0xff,
    0xff, 0xff, 0xff, 0xff, 0xff, 0xff, 0xff, 0xff, 0xff, 0xff, 0xff, 0xff,
    0xff, 0xff, 0xff, 0xff, 0xff, 0xff, 0xff, 0xff, 0xff, 0xff, 0xff, 0xff,
    0xff, 0xff, 0xff, 0xff, 0xff, 0xff, 0xff, 0xff, 0xff, 0xff, 0xff, 0xff,
    0xff, 0xff, 0xff, 0xff, 0xff, 0xff, 0xff, 0xff, 0xff, 0xff, 0xff, 0xff,
    0xff, 0xff, 0xff, 0xff, 0xff, 0xff, 0xff, 0xff, 0xff, 0xff, 0xff, 0xff,
    0xff, 0xff, 0xff, 0xff, 0xff, 0xff, 0xff, 0xff, 0xff, 0xff, 0xff, 0xff,
    0xff, 0xff, 0xff, 0xff, 0xff, 0xff, 0xff, 0xff, 0xff, 0xff, 0xff, 0xff,
    0xff, 0xff, 0xff, 0xff, 0xff, 0xff, 0xff, 0xff, 0xff, 0xff, 0xff, 0xff,
    0xff, 0xff, 0xff, 0xff, 0xff, 0xff, 0xff, 0xff, 0xff, 0xff, 0xff, 0xff,
    0xff, 0xff, 0xff, 0xff, 0xff, 0xff, 0xff, 0xff, 0xff, 0xff, 0xff, 0xff,
    0xff, 0xff, 0xff, 0xff, 0xff, 0xff, 0xff, 0xff, 0xff, 0xff, 0xff, 0xff,
    0xff, 0xff, 0xff, 0xff, 0xff, 0xff, 0xff, 0xff, 0xff, 0xff, 0xff, 0xff,
    0xff, 0xff, 0xff, 0xff, 0xff, 0xff, 0xff, 0xff, 0xff, 0xff, 0xff, 0xff,
    0xff, 0xff, 0xff, 0xff, 0xff, 0xff, 0xff, 0xff, 0xff, 0xff, 0xff, 0xff,
    0xff, 0xff, 0xff, 0xff, 0xff, 0xff, 0xff, 0xff, 0xff, 0xff, 0xff, 0xff,
    0xff, 0xff, 0xff, 0xff, 0xff, 0xff, 0xff, 0xff, 0xff, 0xff, 0xff, 0xff,
    0xff, 0xff, 0xff, 0xff, 0xff, 0xff, 0xff, 0xff, 0xff, 0xff, 0xff, 0xff,
    0xff, 0xff, 0xff, 0xff, 0xff, 0xff, 0xff, 0xff, 0xff, 0xff, 0xff, 0xff,
    0xff, 0xff, 0xff, 0xff, 0xff, 0xff, 0xff, 0xff, 0xff, 0xff, 0xff, 0xff,
    0xff, 0xff, 0xff, 0xff, 0xff, 0xff, 0xff, 0xff, 0xff, 0xff, 0xff, 0xff,
    0xff, 0xff, 0xff, 0xff, 0xff, 0xff, 0xff, 0xff, 0xff, 0xff, 0xff, 0xff,
    0xff, 0xff, 0xff, 0xff, 0xff, 0xff, 0xff, 0xff, 0xff, 0xff, 0xff, 0xff,
    0xff, 0xff, 0xff, 0xff, 0xff, 0xff, 0xff, 0xff, 0xff, 0xff, 0xff, 0xff,
    0xff, 0xff, 0xff, 0xff, 0xff, 0xff, 0xff, 0xff, 0xff, 0xff, 0xff, 0xff,
    0xff, 0xff, 0xff, 0xff, 0xff, 0xff, 0xff, 0xff, 0xff, 0xff, 0xff, 0xff,
    0xff, 0xff, 0xff, 0xff, 0xff, 0xff, 0xff, 0xff, 0xff, 0xff, 0xff, 0xff,
    0xff, 0xff, 0xff, 0xff, 0xff, 0xff, 0xff, 0xff, 0xff, 0xff, 0xff, 0xff,
    0xff, 0xff, 0xff, 0xff, 0xff, 0xff, 0xff, 0xff, 0xff, 0xff, 0xff, 0xff,
    0xff, 0xff, 0xff, 0xff, 0xff, 0xff, 0xff, 0xff, 0xff, 0xff, 0xff, 0xff,
    0xff, 0xff, 0xff, 0xff, 0xff, 0xff, 0xff, 0xff, 0xff, 0xff, 0xff, 0xff,
    0xff, 0xff, 0xff, 0xff, 0xff, 0xff, 0xff, 0xff, 0xff, 0xff, 0xff, 0xff,
    0xff, 0xff, 0xff, 0xff, 0xff, 0xff, 0xff, 0xff, 0xff, 0xff, 0xff, 0xff,
    0xff, 0xff, 0xff, 0xff, 0xff, 0xff, 0xff, 0xff, 0xff, 0xff, 0xff, 0xff,
    0xff, 0xff, 0xff, 0xff, 0xff, 0xff, 0xff, 0xff, 0xff, 0xff, 0xff, 0xff,
    0xff, 0xff, 0xff, 0xff, 0xff, 0xff, 0xff, 0xff, 0xff, 0xff, 0xff, 0xff,
    0xff, 0xff, 0xff, 0xff, 0xff, 0xff, 0xff, 0xff, 0xff, 0xff, 0xff, 0xff,
    0xff, 0xff, 0xff, 0xff, 0xff, 0xff, 0xff, 0xff, 0xff, 0xff, 0xff, 0xff,
    0xff, 0xff, 0xff, 0xff, 0xff, 0xff, 0xff, 0xff, 0xff, 0xff, 0xff, 0xff,
    0xff, 0xff, 0xff, 0xff, 0xff, 0xff, 0xff, 0xff, 0xff, 0xff, 0xff, 0xff,
    0xff, 0xff, 0xff, 0xff, 0xff, 0xff, 0xff, 0xff, 0xff, 0xff, 0xff, 0xff,
    0xff, 0xff, 0xff, 0xff, 0xff, 0xff, 0xff, 0xff, 0xff, 0xff, 0xff, 0xff,
    0xff, 0xff, 0xff, 0xff, 0xff, 0xff, 0xff, 0xff, 0xff, 0xff, 0xff, 0xff,
    0xff, 0xff, 0xff, 0xff, 0xff, 0xff, 0xff, 0xff, 0xff, 0xff, 0xff, 0xff,
    0xff, 0xff, 0xff, 0xff, 0xff, 0xff, 0xff, 0xff, 0xff, 0xff, 0xff, 0xff,
    0xff, 0xff, 0xff, 0xff, 0xff, 0xff, 0xff, 0xff, 0xff, 0xff, 0xff, 0xff,
    0xff, 0xff, 0xff, 0xff, 0xff, 0xff, 0xff, 0xff, 0xff, 0xff, 0xff, 0xff,
    0xff, 0xff, 0xff, 0xff, 0xff, 0xff, 0xff, 0xff, 0xff, 0xff, 0xff, 0xff,
    0xff, 0xff, 0xff, 0xff, 0xff, 0xff, 0xff, 0xff, 0xff, 0xff, 0xff, 0xff,
    0xff, 0xff, 0xff, 0xff, 0xff, 0xff, 0xff, 0xff, 0xff, 0xff, 0xff, 0xff,
    0xff, 0xff, 0xff, 0xff, 0xff, 0xff, 0xff, 0xff, 0xff, 0xff, 0xff, 0xff,
    0xff, 0xff, 0xff, 0xff, 0xff, 0xff, 0xff, 0xff, 0xff, 0xff, 0xff, 0xff,
    0xff, 0xff, 0xff, 0xff, 0xff, 0xff, 0xff, 0xff, 0xff, 0xff, 0xff, 0xff,
    0xff, 0xff, 0xff, 0xff, 0xff, 0xff, 0xff, 0xff, 0xff, 0xff, 0xff, 0xff,
    0xff, 0xff, 0xff, 0xff, 0xff, 0xff, 0xff, 0xff, 0xff, 0xff, 0xff, 0xff,
    0xff, 0xff, 0xff, 0xff, 0xff, 0xff, 0xff, 0xff, 0xff, 0xff, 0xff, 0xff,
    0xff, 0xff, 0xff, 0xff, 0xff, 0xff, 0xff, 0xff, 0xff, 0xff, 0xff, 0xff,
    0xff, 0xff, 0xff, 0xff, 0xff, 0xff, 0xff, 0xff, 0xff, 0xff, 0xff, 0xff,
    0xff, 0xff, 0xff, 0xff, 0xff, 0xff, 0xff, 0xff, 0xff, 0xff, 0xff, 0xff,
    0xff, 0xff, 0xff, 0xff, 0xff, 0xff, 0xff, 0xff, 0xff, 0xff, 0xff, 0xff,
    0xff, 0xff, 0xff, 0xff, 0xff, 0xff, 0xff, 0xff, 0xff, 0xff, 0xff, 0xff,
    0xff, 0xff, 0xff, 0xff, 0xff, 0xff, 0xff, 0xff, 0xff, 0xff, 0xff, 0xff,
    0xff, 0xff, 0xff, 0xff, 0xff, 0xff, 0xff, 0xff, 0xff, 0xff, 0xff, 0xff,
    0xff, 0xff, 0xff, 0xff, 0xff, 0xff, 0xff, 0xff, 0xff, 0xff, 0xff, 0xff,
    0xff, 0xff, 0xff, 0xff, 0xff, 0xff, 0xff, 0xff, 0xff, 0xff, 0xff, 0xff,
    0xff, 0xff, 0xff, 0xff, 0xff, 0xff, 0xff, 0xff, 0xff, 0xff, 0xff, 0xff,
    0xff, 0xff, 0xff, 0xff, 0xff, 0xff, 0xff, 0xff, 0xff, 0xff, 0xff, 0xff,
    0xff, 0xff, 0xff, 0xff, 0xff, 0xff, 0xff, 0xff, 0xff, 0xff, 0xff, 0xff,
    0xff, 0xff, 0xff, 0xff, 0xff, 0xff, 0xff, 0xff, 0xff, 0xff, 0xff, 0xff,
    0xff, 0xff, 0xff, 0xff, 0xff, 0xff, 0xff, 0xff, 0xff, 0xff, 0xff, 0xff,
    0xff, 0xff, 0xff, 0xff, 0xff, 0xff, 0xff, 0xff, 0xff, 0xff, 0xff, 0xff,
    0xff, 0xff, 0xff, 0xff, 0xff, 0xff, 0xff, 0xff, 0xff, 0xff, 0xff, 0xff,
    0xff, 0xff, 0xff, 0xff, 0xff, 0xff, 0xff, 0xff, 0xff, 0xff, 0xff, 0xff,
    0xff, 0xff, 0xff, 0xff, 0xff, 0xff, 0xff, 0xff, 0xff, 0xff, 0xff, 0xff,
    0xff, 0xff, 0xff, 0xff, 0xff, 0xff, 0xff, 0xff, 0xff, 0xff, 0xff, 0xff,
    0xff, 0xff, 0xff, 0xff, 0xff, 0xff, 0xff, 0xff, 0xff, 0xff, 0xff, 0xff,
    0xff, 0xff, 0xff, 0xff, 0xff, 0xff, 0xff, 0xff, 0xff, 0xff, 0xff, 0xff,
    0xff, 0xff, 0xff, 0xff, 0xff, 0xff, 0xff, 0xff, 0xff, 0xff, 0xff, 0xff,
    0xff, 0xff, 0xff, 0xff, 0xff, 0xff, 0xff, 0xff, 0xff, 0xff, 0xff, 0xff,
    0xff, 0xff, 0xff, 0xff, 0xff, 0xff, 0xff, 0xff, 0xff, 0xff, 0xff, 0xff,
    0xff, 0xff, 0xff, 0xff, 0xff, 0xff, 0xff, 0xff, 0xff, 0xff, 0xff, 0xff,
    0xff, 0xff, 0xff, 0xff, 0xff, 0xff, 0xff, 0xff, 0xff, 0xff, 0xff, 0xff,
    0xff, 0xff, 0xff, 0xff, 0xff, 0xff, 0xff, 0xff, 0xff, 0xff, 0xff, 0xff,
    0xff, 0xff, 0xff, 0xff, 0xff, 0xff, 0xff, 0xff, 0xff, 0xff, 0xff, 0xff,
    0xff, 0xff, 0xff, 0xff, 0xff, 0xff, 0xff, 0xff, 0xff, 0xff, 0xff, 0xff,
    0xff, 0xff, 0xff, 0xff, 0xff, 0xff, 0xff, 0xff, 0xff, 0xff, 0xff, 0xff,
    0xff, 0xff, 0xff, 0xff, 0xff, 0xff, 0xff, 0xff, 0xff, 0xff, 0xff, 0xff,
    0xff, 0xff, 0xff, 0xff, 0xff, 0xff, 0xff, 0xff, 0xff, 0xff, 0xff, 0xff,
    0xff, 0xff, 0xff, 0xff, 0xff, 0xff, 0xff, 0xff, 0xff, 0xff, 0xff, 0xff,
    0xff, 0xff, 0xff, 0xff, 0xff, 0xff, 0xff, 0xff, 0xff, 0xff, 0xff, 0xff,
    0xff, 0xff, 0xff, 0xff, 0xff, 0xff, 0xff, 0xff, 0xff, 0xff, 0xff, 0xff,
    0xff, 0xff, 0xff, 0xff, 0xff, 0xff, 0xff, 0xff, 0xff, 0xff, 0xff, 0xff,
    0xff, 0xff, 0xff, 0xff, 0xff, 0xff, 0xff, 0xff, 0xff, 0xff, 0xff, 0xff,
    0xff, 0xff, 0xff, 0xff, 0xff, 0xff, 0xff, 0xff, 0xff, 0xff, 0xff, 0xff,
    0xff, 0xff, 0xff, 0xff, 0xff, 0xff, 0xff, 0xff, 0xff, 0xff, 0xff, 0xff,
    0xff, 0xff, 0xff, 0xff, 0xff, 0xff, 0xff, 0xff, 0xff, 0xff, 0xff, 0xff,
    0xff, 0xff, 0xff, 0xff, 0xff, 0xff, 0xff, 0xff, 0xff, 0xff, 0xff, 0xff,
    0xff, 0xff, 0xff, 0xff, 0xff, 0xff, 0xff, 0xff, 0xff, 0xff, 0xff, 0xff,
    0xff, 0xff, 0xff, 0xff, 0xff, 0xff, 0xff, 0xff, 0xff, 0xff, 0xff, 0xff,
    0xff, 0xff, 0xff, 0xff, 0xff, 0xff, 0xff, 0xff, 0xff, 0xff, 0xff, 0xff,
    0xff, 0xff, 0xff, 0xff, 0xff, 0xff, 0xff, 0xff, 0xff, 0xff, 0xff, 0xff,
    0xff, 0xff, 0xff, 0xff, 0xff, 0xff, 0xff, 0xff, 0xff, 0xff, 0xff, 0xff,
    0xff, 0xff, 0xff, 0xff, 0xff, 0xff, 0xff, 0xff, 0xff, 0xff, 0xff, 0xff,
    0xff, 0xff, 0xff, 0xff, 0xff, 0xff, 0xff, 0xff, 0xff, 0xff, 0xff, 0xff,
    0xff, 0xff, 0xff, 0xff, 0xff, 0xff, 0xff, 0xff, 0xff, 0xff, 0xff, 0xff,
    0xff, 0xff, 0xff, 0xff, 0xff, 0xff, 0xff, 0xff, 0xff, 0xff, 0xff, 0xff,
    0xff, 0xff, 0xff, 0xff, 0xff, 0xff, 0xff, 0xff, 0xff, 0xff, 0xff, 0xff,
    0xff, 0xff, 0xff, 0xff, 0xff, 0xff, 0xff, 0xff, 0xff, 0xff, 0xff, 0xff,
    0xff, 0xff, 0xff, 0xff, 0xff, 0xff, 0xff, 0xff, 0xff, 0xff, 0xff, 0xff,
    0xff, 0xff, 0xff, 0xff, 0xff, 0xff, 0xff, 0xff, 0xff, 0xff, 0xff, 0xff,
    0xff, 0xff, 0xff, 0xff, 0xff, 0xff, 0xff, 0xff, 0xff, 0xff, 0xff, 0xff,
    0xff, 0xff, 0xff, 0xff, 0xff, 0xff, 0xff, 0xff, 0xff, 0xff, 0xff, 0xff,
    0xff, 0xff, 0xff, 0xff, 0xff, 0xff, 0xff, 0xff, 0xff, 0xff, 0xff, 0xff,
    0xff, 0xff, 0xff, 0xff, 0xff, 0xff, 0xff, 0xff, 0xff, 0xff, 0xff, 0xff,
    0xff, 0xff, 0xff, 0xff, 0xff, 0xff, 0xff, 0xff, 0xff, 0xff, 0xff, 0xff,
    0xff, 0xff, 0xff, 0xff, 0xff, 0xff, 0xff, 0xff, 0xff, 0xff, 0xff, 0xff,
    0xff, 0xff, 0xff, 0xff, 0xff, 0xff, 0xff, 0xff, 0xff, 0xff, 0xff, 0xff,
    0xff, 0xff, 0xff, 0xff, 0xff, 0xff, 0xff, 0xff, 0xff, 0xff, 0xff, 0xff,
    0xff, 0xff, 0xff, 0xff, 0xff, 0xff, 0xff, 0xff, 0xff, 0xff, 0xff, 0xff,
    0xff, 0xff, 0xff, 0xff, 0xff, 0xff, 0xff, 0xff, 0xff, 0xff, 0xff, 0xff,
    0xff, 0xff, 0xff, 0xff, 0xff, 0xff, 0xff, 0xff, 0xff, 0xff, 0xff, 0xff,
    0xff, 0xff, 0xff, 0xff, 0xff, 0xff, 0xff, 0xff, 0xff, 0xff, 0xff, 0xff,
    0xff, 0xff, 0xff, 0xff, 0xff, 0xff, 0xff, 0xff, 0xff, 0xff, 0xff, 0xff,
    0xff, 0xff, 0xff, 0xff, 0xff, 0xff, 0xff, 0xff, 0xff, 0xff, 0xff, 0xff,
    0xff, 0xff, 0xff, 0xff, 0xff, 0xff, 0xff, 0xff, 0xff, 0xff, 0xff, 0xff,
    0xff, 0xff, 0xff, 0xff,
};

const lv_image_dsc_t lora_aprs_logo = {
    .header.cf = LV_COLOR_FORMAT_ARGB8888,
    .header.flags = 0,
    .header.w = 280,
    .header.h = 76,
    .header.stride = 280 * 4,
    .header.reserved_2 = 0,
    .data_size = 85120,
    .data = lora_aprs_logo_map,
};
